やぁ　元気にやってる？,
こんにちは！,
君の力を　俺に貸してほしい,
君が　必要なんだ,
ここはひとつ　どうか　頼むよ,
俺の胸に　とびこんでおいで,
君に出会えたのは　きっと運命だ,
一生のお願い！　この通りだ！,
俺は　君の力を高く買うよ,
なんて　強そうな悪魔なんだ！,
すごい！　天才！　悪魔様！！,
君に～　会えて～　よかった～♪,
俺にとって～　君は～　太陽さ～♪,
俺と　握手しない？,
腹を割って　話そう,
これを　君にあげるよ,
こいつを　君に捧げるよ,
いいから　言うことを聞きな,
黙って　俺についてきな,
オイ！　コルァ！！,
おまえの　秘密を　知ってるぜ,
人間の言う事を聞くと　幸せになるらしいぞ,
君ら　悪魔に　良心は　あるのか！？,
ご飯は　残さず　食べよう！,
言葉より　やっぱ　拳と拳　だよな,
見よ！　この剣さばき！,
人間に協力したくなる　協力したくなる…,
動くな！　動いたらおまえを撃つぞ！,
俺は　君を　連れ去る！,
どうした　かかってこいよ！,
こっちだよ　こっち！,
お兄さんと　イイことしよう,
怖くて　戦えないんだろ？,
♪パパーパ　パパパパパーッ,
こっちに　くるな！　このダメ悪魔がっ,
や～い　お前の母ちゃん　あ～く～ま～,
お前なんか　合体の材料にすらならない！,
そこのお前！　めざわりだぞ！,
アハハ　おまえ　必死だな,
俺と　勝負しろ！,
こんにちは　元気にやってる？,
あなたの力　私に貸してくれない？,
あなたが　必要なの,
協力してくれたら　損はさせないから,
こっちへ　いらっしゃい♪,
一生のお願い！　この通り！,
有能な悪魔を　探してた所なの,
こんなに素敵な悪魔を見たのは　初めて！,
あなたに～　会えて～　良かった～♪,
あなたは～　私の～　太陽だわ～♪,
私と　握手しようよ,
ぶっちゃけ　どうなの？,
これを　あなたにあげるわ,
こちらを　あなたに捧げるわ,
私とアナタの出会いは　運命よ！,
いいから　言うことを聞きなさい,
黙って　私についておいで,
コラ！　あなたちょっと！！,
人間の言う事を聞くと　幸せになるらしいよ,
人間を襲って　いいと思ってるの！？,
会話する時は　相手に　わかりやすくね,
ごちゃごちゃ話すより　拳で語ろうよ,
見て見て！　剣の舞だよ！,
あなたは　素直になーる　素直になーる…,
次は　あなた自身を　撃つ！,
今から　あなたを　連れ去るから！,
どうしたの　かかってきなさい！,
ほらほら　こっちこっち！,
お姉さんと　イイことしましょ,
私が　怖いんでしょ？,
♪パパーッ　テッテレーッ,
あなたって　さいってー！,
や～い　三流　ゴミあくま～っ,
さっさと巣に帰れ！　殺しちゃうよ！,
あなたなんか　大っ嫌い！！,
クスクス…　変な顔ね…,
さあ　勝負よ！,
我を呼ぶのは　何者ぞ,
挨拶とは殊勝なこと　礼節を心得ておるな,
フム　そちらこそ　ご機嫌いかがかな,
おお　我が心の友よ！,
汝は人間　我は悪魔　友情など生まれぬ,
そなたのことなど　存じ上げぬが,
我は　まだ汝に　心許してはおらぬぞ,
同胞を裏切れと？　フム…,
我が力　汝に与えるべきか…,
その願い　聞きとげることは　できぬ,
我の　何を　知っているというのだ,
我の力強さが　必要だというのか,
我の美貌に　心酔している様だな,
フハハ　我が偉大なる聡明さに　傾倒したか,
我が力　貴様に　使いこなせる訳あるまい！,
汝は　礼儀をわきまえるべきだ,
それは　新しい挨拶の形であるか？,
ほう　人間が我に何用だ,
人間とは　実に興味深い…,
我がその様な呼びかけに応えると思うのか！,
涙する理由は　なんだ,
汝　まず　落ち着くが良い,
なかなか　熱心な頼み方であるな,
この者に　我が救いの手　さしのべるべきか,
そなたの望み　受け入れられぬ！,
汝　身分をわきまえよ,
我が力　無益な目的に使う事はできぬが…,
我の導きが　必要であるのか？,
そなたに　言われると　悪い気はせんな,
人間ごときが　思い上がるとは！,
なに？　我の気品の高さが　理解できると？,
む…　我が強さに　興味があるのか…？,
そうか　我の優雅なしぐさに　惹かれたか,
ハハハ　我の英知に　ひれ伏すが良い！,
人間よ　そなたに　誇りはないのか！,
汝　なぜ　突然　余興をはじめたのか,
なにゆえ　人間は　愛を歌いたがるのか…,
歌とは　心なごますものだな,
そなたが口ずさむは　極上の旋律…,
周囲への迷惑　しかと考えるが良い！,
我が手を　もぎ取ろうとでも　いうのか？,
人間の手か…　なんと小さく　非力なことか,
む　我が崇高なる手のひらに　触れたいのか,
一生続いてこそ　真の友情である,
そなたに　触れる　必要などない,
我が本音　その耳に　しかと刻むが良い,
右脳パンで　我が腹を満たしたいと思うぞ,
一度で構わぬ　チューブトップを着てみたい,
いつか　人間と共に　旅をしてみたい,
我が心の壁　人の子には　破壊できまい！,
…まぁ　よかろう,
有難い　いただくとしよう,
フム　感心　感心！,
得も言われぬ　至高の品！　感動した！,
我をからかうとは　感心できぬ,
悪魔を何だと思っている！　許せん！,
何だ　若造,
軽率に　同意はせぬぞ,
年上には　もう少し優しく接したまえ,
そなたには　逆らえぬようだな,
身の程をわきまえろ！　人間風情め,
勢いだけで　説得はできぬぞ,
フム　パワーが　有り余っているようだな,
落ち着くがよい　話を聞こう,
ハッハッハ！　威勢のよいことよ,
教養のない愚か者め　我は極めて　不快だ,
我に　嘘が　通じると？　,
その知識　どこで入手したのだ,
なるほど　そうであったか,
詳細を知りたい　具体的に申してみよ,
信じるものか　貴様の考えなど　お見通しだ,
戦いが　相手を傷つける事など　先刻承知！,
ありきたりな事を…　所詮　受け売りだろう,
貴様なりに　考えては　いるのだな,
強い意志を　持っているようだな,
誰かを糾弾できる程　貴様は　正しいか！？,
貴様の様な者が申しても　説得力に欠ける,
人間の常識を　悪魔に押し付けるなかれ,
我は　忠告されるべき　行いなど　せぬぞ,
我が　説教をしてやった方が良さそうだな,
無礼者！　我を誰だと　心得る！,
哀れな　考えを相手に伝える知能がないのか,
それは　人間のジャンケンというシステムか,
勇気だけは　認めてやらん事もない,
ほう　頼もしいな　人の子よ,
そなたに与える　時間はない,
そなたの周りに　虫でも　飛んでいるのか,
人間は　みな　その踊りができるのか？,
なかなか　見所のある　人間のようだな,
見事だ　どこで修行をしたのだ？,
我に　剣を　向けるとは！！,
貴様…　そんな術が使えると信じているのか,
なんだ　その怪しげな　妖術は…,
そなた…　ただの人間ではないな？,
我は　そなたの　僕…,
我が心　貴様などに　操られる訳なかろう！,
武力に　したがえというのか？,
意思疎通は　口頭で行うものだ,
わかった　わかったから　危ない事は　よせ,
そなた　本気で　我を　撃ちたいのか？,
なんと野蛮な　これだから人間は　好かぬ！,
イチガヤは　怨念うずまき　空気が悪いぞ,
スギナミは　砂っぽいので　居たくない,
ナカノは　道に迷うが　緑が美しいな,
シブヤなら　人間の文化が見られるぞ,
東京は広い！　我は捕まらんぞ！！,
よかろう　血祭りにあげてやろうぞ,
はらわたが　煮えくり返ったぞ　貴様！,
憤りを　抑えられん！　そこになおれ！,
やめとけ　儚き命　散らせたくはあるまい,
そなたにくれてやる時間は　残念ながらない,
我を　侮辱するとは　命知らずめ！,
小癪な奴だ　死んで詫びるがよい,
つけあがるな　小僧！,
やはり人間は　愚か者ばかりであったか…,
我が逆鱗には　触れぬ方が　身のためだ,
なんという　物言い！　恥と知れ！！,
貴様！　無礼極まりない　発言であるぞ,
そなたは　命が　要らないと見えるな…,
所詮は　悪魔と人…　分かり合えぬか…,
その虚勢…　哀れむしかないな,
やめたまえ　振動で　関節が　痛む,
そなた程度の才能　星の数ほど居るぞ,
…まあまあの　音色と言って良いだろう,
力の沸いてくる　調べであるな…,
騒音公害　安眠妨害　しかと考えよ！,
む　今　何と？　不愉快　この上ない！,
人の子よ　我を冒涜した罪は重いぞ！,
汝　その言葉　本心から　出たものか？,
残念だが　名誉を汚され　黙ってはおられぬ,
貴様の考えなど　聞く価値もなかろう,
そのような物言い　万死に値する！,
その様な　行いに　意義があると思うのか！,
戦いは　避けられぬようだな…,
貴様と対峙するとは…　これも運命か…！,
やめておけ　人の子よ　ケガをするだけだ,
貴様に向ける我が視線　その冷たさ風の如し,
そなたの放つ愚鈍な言葉　その数林の如し,
燃えあがる我が闘志　その激しさ火の如し,
そなたと争う我が力　その強さ　夜魔の如し,
無益な殺生はしない主義だ　白旗をあげよう,
取り消せ！　愚鈍なる人間よ,
ほほう　力ではかなわぬ　ゆえに　言葉か？,
仕方がない　精一杯戦ってやろう,
相容れない事は　最初から決まっていた事…,
もはや　口をきく　時間すら　無駄に感じる,
貴様！　我を　誰だと　心得る！,
何がおかしいのだ　解せぬ！,
無礼な…　正気なのか？,
心苦しいが　笑われて　許す訳にもいかぬな,
愚かな…　我は　人間の相手などせぬぞ,
思い上がるな　人の子よ！,
見くびるな　貴様が　私に勝てるとでも？,
それなりの覚悟は　あるようだな…,
その度胸　気に入ったぞ,
戦う価値のない　相手とは　剣を交えぬぞ,
……,
……　ん？,
お前か…　何か用か,
お前か…　少し会いたかったぞ,
ウザい…　話すことなど　ない,
…貴様にか？,
ム…　悪くないな…,
そうだな…　まぁ　考えとく…,
フン…　断る,
ああ　そう,
へぇ　そうか,
お前も　暇だな…,
いい加減に　しろ…,
…なんのつもりだ,
普段から　誘いには乗らん…,
やめろ　そ　そういうのは　慣れてない…,
軽い奴は嫌いだ,
…本気か？,
やけに熱心だな…,
泣くな…　もう　いいから…,
無理な話だ,
…私は　いつも　ひとりだ…,
悪い気は　しないな…,
フ　素直な奴だ…,
ほざいていろ,
嘘だ…,
…　褒めているのか…？,
そ　そうか…,
媚びを売るような　情けない奴は　嫌いだ,
リサイタル　か…,
発表会　か…,
愛　か…,
静かにしてくれ,
…苦手だ…,
友　か…,
友情か…　いいものだな…,
私にふれるな,
おしゃべりは　苦手だ…,
わかった　嘘はつかない,
話すなら…　もっとこっちへこい…,
私の心を…　貴様が　知る必要などない,
まだまだだな…,
まぁ…　「ありがとう」と　言っておこう,
なんだこれは……　最高だッ！！,
何のつもりだ？　馬鹿にしているのか？,
悪魔を何だと思ってるんだ？　失せろ,
なん…　だと…？,
フン　殺されたいのか？,
……　ハ？,
…どうすっかな,
まぁ…　いいだろう,
ヤダね,
……　アァ？,
…っるさい奴だな　なんだ,
聞こえてる　何度も言うな,
弱い犬ほど　よく吠える…　失せろ,
その情報　嘘だろ…,
貴様…　私を　騙すのか？,
悪いな　そんな事　教えてもらって…,
なにがなんだか　わからない…　もういい…,
バカげている…,
ど　どういう事だ…,
少し…　考えてみたい…,
悪魔を殺している癖に…,
ハ　偉そうに…,
貴様は　人に説教できるほど　立派なのか…,
そ　そうかもな…,
偽善者…　話したくない…,
乱暴だな…,
やる気　か…,
見上げた奴だ…,
手が…　しゃべる訳ないだろう…,
なぜ暴れる…　頭でも打ったのか…？,
続けろ…　見ててやるから…,
よく見たい　私のそばに…　寄れ…,
ブザマだ…,
そんなもの　私に　効くものか,
効かない…　聞かないぞ　貴様の言葉など…,
騙されない…　騙されない…　騙されない…,
とんだ　サイコ野郎だ…,
卑怯な…,
油断のできない奴だ…,
…　お手上げだな…,
撃てるものなら　撃ってみな,
貴様ごときに　できるのか…,
私を　運ぶのか？　重いぞ…,
それ程…　私が必要か…,
貴様を　連れ去ってやる　あの世にな,
…いいだろう　後悔するぞ,
じゃあ　行かせてやるよ　あの世にな,
…そんなに　死にたいのか,
おふざけが過ぎるぜ　ベイビー,
……　やれやれ,
…冗談は嫌いだ　死ね,
不愉快だな…　消してやる,
ナメられてるのか？　ふざけやがって…,
そんな奴だったとはな…　失望した,
構うとつけあがるからな　無視だ無視…,
…貴様　私に言ったのなら　取り消せ！,
相手を　見てから　物を　言うべきだったな,
貴様など　ひとひねりだ…,
貴様といえど　許さんぞ…,
さあな…　知らん…,
…やめさせるには　殺すしかないか,
上手い　つもりか？,
勝手に　吹いていればいいさ…,
…　聞き入ってしまうな…,
耳ざわりな…,
…貴様ごときに　言われたくないな,
うるさい…,
貴様　見損なったぞ…,
ひどいものだな　残念だ…,
だまれ…,
子供じみている…,
これだから　人間は…,
そのくらいに　しておけ…,
やめておけ　貴様の価値が下がるぞ…,
私に　かまうな…,
負け犬の遠吠えか…,
品のない奴め…,
言ってて　楽しいか…？,
ああ　そうだ　そうだな　その通りだ…,
馬鹿め…,
やめろっ…！,
その言葉…　そっくり貴様に返す！,
その言葉　どこで覚えた…？,
わかった　わかったから　やめろ,
やれやれ　みっともいいものじゃ　ないな…,
あざ笑う　貴様の顔…　醜いぞ,
貴様に　誇りは　ないのか…！,
賢いやり方の　つもりか？,
もっと　違う事で　笑え…,
何を笑っているのか…　不審な奴だ…,
上等だ…！,
貴様が思う程　きっと　貴様は強くない,
悪くない…　相手をしてやってもいい,
私に挑むのか…　面白い奴だ…,
その態度…　力のない証拠だな…,
またスカウト？　美人すぎるのも考え物ね,
坊や　また会ったわね,
フフッ　元気な坊やね,
ハァィ　逢えて嬉しいわ♪,
フンッ　気安く　声かけてんじゃないわよ！,
なに？　坊や　アタシを口説いてるの？,
アンタ　目のつけどころは　悪くないわよ,
しょうがないわね　アタシに惚れちゃった？,
あら　アンタ　よく見ると　素敵な方ね♪,
そうやっていつも口説いてるの？　浮気者！,
もっと　気の利いたこと　言えないワケ？,
ねえ　心の底から　そう思ってる？,
…どんな事しても　アイしてくれる？,
やさしくしないで　好きになっちゃうから,
ないない！　アンタは無理だわー,
アタシを誘惑してるつもり？,
へぇ　そんなにアタシがいいわけ？,
積極的なヒトって　結構好きかも…,
なんか　アンタのこと　気になっちゃうよ～,
タイプじゃないなー　あっち行ってよ！,
ナンパなら　され飽きてるわ,
私じゃなきゃダメなのね？,
ありがと　嫌じゃないかも,
そっか　そう言われると　気分いいなー♪,
いやいやいや　必死過ぎて　ひくわー,
アンタは　パッとしないけどね,
やっぱアタシって　デキる女に　見えんの？,
フフ　嬉しいこと　言ってくれるじゃない,
褒められんのって　やっぱいいわぁー！,
アンタに　何が　わかるっていうのさ！,
アンタって　褒めるの　下手ね,
甘い言葉なんか　聞き飽きてるわ,
アタシ　すぐ　情に流されちゃうから…,
ありがと　嘘でも　嬉しいよ,
安い台詞ね…　テンション　下がるわ～,
歌？　機嫌良さそうな人ねー,
割と　うまいんじゃない？,
いい歌ね　アタシにも　教えてよ,
アタシのために　歌ってくれてんの…？,
うっさい音痴！　ボイトレでもしてきな！,
握手？　なんの為に～？,
ま　別に　手つなぐくらいなら　いいけど,
好きでもないのに　やさしくしないで…,
私は　特別…？,
無理！　見た目がイヤ！！,
話したいの？　戦いたいの？,
アタシも　色々大変なの　上下関係とかね,
趣味の話とか？　人間と喋るの結構スキよ,
ごめんね　アタシ　素直じゃなくって…,
そんなコトバで　油断させる気でしょ！,
ふ～ん　…で？,
まぁ　悪くはないわね,
アラ　ちょっと素敵じゃない,
アンタからの贈り物が　アタシ一番嬉しい,
安く見られたものね…　ナメてんの？,
そうやってアタシも売るのね　最低,
積極的なヒトね♪　結構イケてるじゃない！,
まったく興味なし！　眼中に無いのよね～,
アンタ　何様？,
ふ～ん　あんた　怖いもの知らずね,
その強引さは　嫌いじゃないわ,
ウン…　アタシ　従っちゃう,
何様？　ウザいわ　出直しといで,
ナニ？　アタシに　苛められたいの？,
五月蝿い人ね…　どうしたいの,
アラ　恐い人ねぇ　泣きそうになっちゃう,
ゴメンナサイ　アタシを許して,
鬱陶しいわ　視界に入らないで,
口だけの　男って　マジ　さむいよ,
えー　それ　初めて聞いたんだけどー,
悪魔を愛すると　シアワセになるらしーよ,
それ　他のコには　教えないでね…？,
どーせ　嘘でしょ　目が泳いでるよ！,
なにそれー　イイ子ぶってんの？,
キレイ事だけじゃ　生きていけないのよ,
わかんない　ちょっと考えさせて,
アンタ　ちゃんと　考えてるんだね…,
頭では　わかってるって！！,
お説教は　偉くなってから　しましょー！,
悪魔には　貢ぎましょー　なーんてね,
女性には　優しくしましょー　とか言って,
なんで　アタシに言うの？　意識しちゃうよ,
実行できたら　とっくにしてるっつーの！,
パーンチ！,
アッパーッ！！,
男も女も　強く　たくましくないとねー,
なんか　シブーい　ちょっと　イイかも♪,
脳みそが　筋肉の人は　きらいーっ！,
何それー　新しい　エクササイズ～？,
嫌いじゃないけど…　好きでもないかな…,
キレあるねー　アンタの動き！,
どうしよう　好きになりそう,
ホコリが　舞うから　暴れないでよ！！,
なんか　眠たくなってきたわ…　うとうと…,
よくわかんないけど…　お金払おうかな…,
アンタの事　神様みたいに見えるわ,
買う買う　浄水器でもツボでも買っちゃう！,
うとうと…　って　かかる訳ないでしょ！,
当たったら　どーすんのよ！！,
アンタ　銃撃つの　得意なの？,
危ないから　やめなよ　アンタの為にも…,
ついでにアタシの　ハートも撃っちゃう？,
撃ってもイイけど　仕返しするよ！,
誘うなら　もっと　素敵に　誘ってよね,
東京から　出してくれんの？,
何　デート？　じゃあ　着替えてから行くー,
私だけ　好きで　居てくれる…？,
アタシを　さらえるのは　王子様だけ！,
レッツ　ショウタ～イム♪　死ねッ！,
お望みどおり　イかせてあげるわ,
ハイハイ　じゃあ　相手してやるわ,
ジョークにしては　イラッと来るわね…,
坊やに　構ってる時間は　ないの,
キャーッ！　変態はマジ死んで頂戴！,
恥知らずな方…　ブタ箱にでも入ってな,
早速　アタシのテク　見せ付けてあげるわ,
じゃあ　お姉さんが　可愛がってあげるわ,
変質者かしら…　無視無視…,
あー　ストレスっ！　いい加減にしてよ！,
相手にしたくないから　放っておいたのに！,
戦うしかないなら　アタシだって…！,
冷たくしないで　傷つきたくない,
アンタなんか　どーでもいいよ,
心地いいリズムねー　それボサノバ？,
ひびくねぇ　重低音　それってスカ？,
すごいなー　アンタ　オーケストラのヒト？,
うまーいっ！　ミュージカル観てるみたい！,
ヘッドフォンでも　しよーっと…,
はぁ！？　何さ　それ！！,
言われる　相手の　気持ち　考えなよ！,
いくら　アンタでも　許せなーい！,
そー思う？　でも　これが　アタシだから…,
へー　そー　ふーん　ハイハイ…,
う　うざっ！！,
アンタって　子供みたいね,
そうだとしても　そんな風に　言わないでよ,
お願い　今だけ　アタシを好きなフリして,
かまってらんない…,
女性に対して　失礼だよ！,
アンタって　気持ちがないの？,
そこまで　ひどい　言い方しなくても…,
ショックだよ　そんなに　嫌われてたなんて,
わかったわかった　あっち行ってよ,
うっざーい　話しかけてこないでよ！,
それ　本気で言ってんの？　失礼すぎー！,
ちょっと　言い過ぎだと　思うなー,
わかってる　今のままじゃ　いけないって…,
よくもまあ　偉そうに…　相手してらんない,
バカにされるのが　一番キライ！,
アンタには　言われたくないんだけど,
弱そうだから　見逃そうと思ったのに…,
あれ　アタシ　どっか　変なトコある？,
アンタと　話すコトなんて　ないよ…,
アンタが？　アタシに勝てるワケないよ！,
おだやかじゃないなー　怖いヒトね,
何に挑戦するワケ？　美貌？　おしゃべり？,
挑戦し続けるのって　なんかカッコいいかも,
野蛮なヒトは　相手にしないのよ　アタシ,
ここは危険ですよ　早くお帰りなさい,
どうも　何かご用ですか？,
こんにちは　よいお日柄ですね,
こんにちは　お会いできて　光栄です,
貴方の相手をしている暇は　ないのです,
見知らぬ方に　付いていくわけには…,
あらあら　せっかちさんですね,
即断は　しかねますが…,
私が必要なのですね？　どうしましょう…,
私　軽薄な方とは　お付き合いできません,
確固たる気持ちは　そう簡単に動きません,
難しいですね　悩ませないでください…,
まあ　そう　かしこまらずに…,
貴方にそう言われると　断りにくいですね…,
お受けできません　お断りいたします,
愛情表現は　特別な相手にのみするものです,
ご好意　感謝いたします,
まあ　これは　かわいらしい方ですね,
なんでしょう　この　胸の高鳴りは…,
汚らわしい…　あちらへお行きなさい,
突然そう言われましても…,
それほど　私が気にかかるのですか？,
今しばらく　検討させてください,
そこまで頼まれては　断りにくいですが…,
誇りのない方の　お相手はできません,
はあ　それは　どうも…,
能力の高い　悪魔をお探しなのですね,
お褒めいただき　光栄に存じます,
貴方も　大変立派な方に　見えますよ,
いえ　結構です,
挨拶にしては　度が過ぎますよ,
褒めれば良いというものでも　ありません,
あら　そうですか？　まあ　本当に…,
大変嬉しいです　どうもありがとう,
本心を言わない会話に　意味はありません,
音楽ですか　芸術にふれるのは　良い事です,
貴方が　作曲なさったのですか？,
まあ　これは　情熱的な　音楽ですね,
ふふ　私も　歌は好きなのですよ,
耳が…　どうか　お静かになさってください,
失礼ですが　手は洗われましたか？,
握手ですか　では　お近づきのしるしに…,
友情とは？　握手とは？　共に考えませんか,
情とは　深く　そして　慈愛に満ちています,
みだりに　見知らぬ方に　ふれられません,
本音？　時には　建前も　大切だと思います,
富や名声より　愛が大切だと思います,
大切なのは　互いが歩み寄る事だと思います,
一番大切なのは　貴方の命です,
貴方と私は　話し合う　関係ではないはず！,
私にくれるのですか？　はぁ　わかりました,
これはこれは　親切にどうも,
では　ありがたく　頂戴します,
貴方の心づくし　大変感謝します,
賂を　受け取るわけには参りません,
悪魔の命を弄ぶとは…　不愉快です,
いきなり　何でしょうか,
おやおや　威勢がいいですね,
どうしましょう…,
分かりました　聞きましょう,
貴方に指図される謂れは　ありません,
何ですか？　貴方は,
唾を飛ばして　大声出さないでください,
ふふふ…　いい度胸ですね,
ほらほら　怒鳴ると　身体に悪いですよ,
おイタが過ぎます…　頭を冷やしなさい,
心の綺麗な人間ならば　嘘はつかないはず…,
情報源を　ご提示願えますか？,
そうでしたか　気にかけてみますね,
貴重な情報を　ありがとうございます,
相手を　試すような事は　良くありません！,
私を　追い詰めるおつもりですか？,
言うだけならば　誰にでもできます,
はいとも言えず　いいえとも言えず…,
貴方の意見　もっと詳しくお聞かせ下さい,
演説なら　あの世で　どうぞ！,
結局　何を　おっしゃりたいのです？,
弱者には　救いの手を差し伸べましょう,
拾ったマッカは　持ち主に　届けましょう,
落とした食事は　犬にあげましょう,
貴方は　お説教を　受ける側です！,
私　武力は　ちょっと…,
そのような事は　経験がありません,
思いきり　行なっても　良いものなのですか,
心の通じ合う仲であれば　それも良いですね,
暴力は　感心できかねます！,
そんなに振り回しては　危険ですよ,
ケガを　なさらないでくださいね,
体得するまで　努力なさったのでしょうね,
芸術とは　この様な踊りを　言うのですね,
刃物で　遊んでは　いけません！！,
う…　す　すみません　頭が…,
私が　私でないような…　そんな気がします,
貴方は　私の生まれ変わりですか？　あれ…,
私は今　世界の神になりました　…あれ…,
私の心に　土足で踏み込むとは！,
銃になど　屈する私では　ありません,
銃を使うとは…　信用されていないのですね,
私でしたら　動きませんよ,
そんなもの使わなくても　話し合いましょう,
流れ弾にあたる　他の悪魔の事も考えて！,
なんて　恐ろしい人間　なのでしょう…,
どうか　考え直してください,
遅くはありません　貴方なら　更生できます,
あまり　乱暴な事は　やめてくださいね,
共同体社会の守衛とやらに　通報しますよ,
お望みどおり　息の根止めて差し上げます！,
私を怒らせたいのですか？　後悔なさい,
貴方の命の保障は　しかねますよ,
心外です　素敵な方だと思っていたのに…,
怪しい方ですね…　近寄らないでください,
あの世で　ほざいてなさい！,
私を侮辱するとは　許しませんよ,
おやめなさい　さすがに怒りますよ,
そんな方だったとは…　失望しました,
不埒な…　近寄らないでください,
おやめになって　怒りますよ,
何を思っての　行動ですか？,
好戦的な態度は　幸せをもたらしませんよ,
さあ　強がらず　本当の自分で話しましょう,
戦いなど　望んでするものではありません…,
楽器の練習ですか？,
…　命を乞う曲ですか？,
それは…　悪魔を憐れむ曲ですか？,
まあまあ　幸運を願う曲ですか？,
み　耳が痛い…　さようなら　失礼します…,
許せません！　お逝きなさい！,
貴方ちょっと　私に　殺されませんか？,
ひどい…　私　悲しいです…,
貴方には　笑顔で居て欲しいです,
言い合いする　気分では　ありませんので…,
おだまりなさい,
言葉は　時に　心の壁を　生み出します,
誰に対しても　言ってはならない言葉です,
似合わない言葉を使うのは　おやめなさい,
私には　よくわからない言葉です…,
憎しみは　争いしか　生みません！,
言いたい事があるならば　言葉を選んで！,
耳をふさぎたくなりました,
貴方は　その様な事を言う方ではありません,
なんて醜い言葉…　お相手しかねます…,
災いしか　もたらさない　物言いですね！,
発した言葉は　いずれ　己に返るでしょう,
あまり　感情的になっては　いけませんよ,
落ち着いて　ゆっくり　お話しましょう,
変わった方ですね　放っておきましょう…,
えげつない…　汚らわしいです！,
あざ笑うとは　最低の行為ですね,
貴方に　笑われる　どおりは　ないはずです,
貴方にだけは　笑われたくなかった…,
笑顔は　大切ですね…,
挑戦するなら　勝ち目のある相手になさい,
仮に勝利したとして　そこに何があるのです,
それ程までに　戦いたい理由があるのですか,
これ以上　私を失望させないでください…,
自ら　戦火に身を投じるなど…,
キミ　だぁれ～？,
挨拶は元気よく　だよね！　こんにちは！,
やっほ～　元気ぃ？,
は～ぃ　まってたよ！　遊ぼ遊ぼ！,
なれなれしいやつだな～　おこるぞ～！,
知らない人には　ついていかないよ～,
ともだちを　裏切れっていうの？,
う～ん　どうしよっかな　ボク迷っちゃう,
キミと一緒なら　楽しそうだね！,
変な人に　ユーカイされちゃうよ～！,
きをつけよう　甘いコトバで　合体素材！,
せっとくりょく　に　欠けるな～,
なかよくしてくれるなら　いいかも,
ボクのこと　だいじに　するんだね～？,
オイオイー　ボクはだまされないぞーっ！！,
キミ　ゆーわくなんてする　顔じゃないよ！,
ボク　そーいうの　よくわかんないよ,
ちょっとだけ　見とれちゃったよ,
わぁ　ボ　ボク　照れちゃうよ～,
ボクは　いたいけな　子供だよ！,
キミ　泣き虫だね～,
あれれ　どーして　泣いてるの～？,
泣くほど　欲しい　おもちゃでも　あるの？,
おろおろ　泣きやんでよー　よしよし,
泣くなんて　だらしないなぁ！,
ヘンな　勧誘なら　ひっかからないぞー,
ボクって　そんなに　すごく見えるのかなぁ,
さそってくれてるの？　じゃ　あそぼーっ,
頼みごとか～　聞いてあげようかなー,
やめてよ！　ボク　だまされないからね！,
ジィー…　あ　あやしい…！,
えっへん　ボクは　えらいぞー,
なんだろう　この　胸のタカナリは…,
えへえへ　ボク　うれしいなぁ～っ,
コドモに　こびをうる　なんて！！,
ストリート　ミュージシャン　だぁ～,
ねえねえ　それ　なんの　うたー？,
おうた　うたうの？　ボクも　うた好きー！,
あいって～　なんだろ～♪,
うるさいなぁ　昼寝の　じゃましないでよ！,
ゆびずもうだね？　負けないぞーっ,
キヨき　いっぴょー　を　おねがいしまーす,
キミとボクは　ゆーじょーで　結ばれるのだ,
デビルバスター　あくしゅかい　だぁ～っ！,
ダメダメ！　ボク手を洗ってないから！,
えーっと　なにを話せばいいのかなー,
マジメな　おはなし　わかんないよー,
おもしろトーク　聞きたいなー,
ボクは　１００人兄弟なんだよー,
ニンゲンとおしゃべり？　おことわりだよ！,
ん？　くれるの？,
あ！　ありがと～,
ほんとにいいの？　やった～！,
わ～ぃ　だいすき！,
子供だからって　バカにしないでよ！,
そうやって　ボクも誰かに…　うわ～ん！,
こわ～い　キミ　なんなのぉ？,
うろうろ　あわあわ　ママに聞かなきゃ,
…ボクを　いじめるの？,
う…　うん　どうしたらいいの？,
キミ　なんなのさ！　ムキッキーッ！,
ママ～ッ！！　うぇ～ん,
うわっ　ビックリした～,
コワイよぉ　怒鳴んないで,
ハ　ハイ！　ど…　どうしたの？,
あっちいけ！　コワイのキライだ！,
なんだろう　このシャクゼンとしない感じ…,
なになに？　はじめて　きいたよ！,
すごいね　キミって　じょーほーつー？,
にゅーす・そーすを　教えてよーっ！,
うそつき！　ブラフマーン！！,
コドモ相手に　それは　キツいよ！,
キミって　あつりょくだんたい？,
言うこと　きくから　そんなに怒らないでよ,
ボク　できれば　悪いコト　したくないよ…,
そんなの　考えたコトもないよ！！,
うるさいなあ　コドモに　人気でないよ！,
そんな　ご意見　ボシュー　してないよ！,
今　やろうと　思ってたのにー！,
わかった　今度から　気をつけるよ…,
さっき　ママに　怒られたばっかりだよ！！,
な　なんか　いたそーだなあ…,
そ　それって　ケンカっていうんでしょ？,
ボクシングごっこだね？　いっくぞー,
こわくないよ　キミとならね,
あぶないじゃないか！　ボクはしないよ！,
まだまだ　練習が　たりないぞーっ,
ジミチな　じこれん　が　実を結んだね！,
どりょく　と　こんじょー　の結晶だね！,
キミには　ムゲンの　かのうせーを感じるよ,
踊ってるスキに　攻撃しちゃうぞ！,
ボク…　ボク…　ふらふら…,
ボク…　悪魔より　人間が　好きなんだ…,
ボク…　キミにしたがうタメに生まれたんだ,
ボク…　この世界を救う　救世主なんだ…！,
アブナイ技を　ボクに　使うなーっ！！,
お　おどろかないぞ～,
ぜ　全然　ぜんぜんぜん　怖くないぞー,
キミが　ボクを　撃つはずないよね,
それ　ケイドロっていう　あそびだね！,
じゃー　ボクは　いきなり　撃つ！！,
キミなんかに　連れてかれるの　イヤだよー,
た　たすけてー,
ボク　第三ホームに　入ってみたいなー,
ボク　新宿バベルの　お店に行ってみたい！,
ゆ　ゆうかいだーっ！　にげろーっ！！,
よ～し　キミの首　とっちゃうぞ～！,
わかった！　かかってくる！,
くっそ～　泣かしてやるもん！,
じゃあ　コロしあおーっ！,
子供は　大人より忙しいんだよ　プイッ,
キミ　きら～い　死んじゃえ！,
子供だからって　ナメてるだろー！,
ボクを　ブジョクしてるの？　許せない！,
どうしてそんなことするの？　いらいらー！,
ヘンタイだ～　相手してらんない！　プイッ,
キミって　イヤな奴だなあ　キライだよ,
わかった　ボクと　たたかいたいんだね？,
ちょっとなら　相手してあげるね！,
キミと　遊べるなら　だいかんげーだよ！,
キミとは　もう　ぜっこー　だよ！,
それで　ボクを　すいこむ気だなーっ！？,
静かにしなよ　おこられちゃうぞー,
いいなあ　ボクも　ふいて　みたいな,
わぁ　路上ライブだー　かーっこいーい！,
うるさいのって　キラーイ！,
ひどいなー　ボク　サツリク　しちゃうぞ！,
ボクを　ボートク　したな！,
悪口は　言っちゃダメなんだぞーっ,
そんなコト　言わないでよ…,
なんだよ！　もー　知らなーい！,
言ったなー　フクシュウ　してやるー！,
キズつくなぁ　でりかしーの　ない奴！,
やめて！　まわりのヒトが見てるじゃないか,
ボクの　いないところで　言ってよね～…,
キミみたいな子は　相手にしないもんねーだ,
おしおき　されちゃえーっ！,
キミこそ　ボクに　殺される運命のくせにー,
キミなんか　仲魔なしじゃ　何もできないー,
キミなんか　キミなんかっ…　うわーん！,
いいよーだ　もう　キミとは　遊ばない,
やめろよー　や　め　ろ　よー！,
なんてコト言うんだ　涙が出たじゃないか！,
ちょっとー　めーよきそん　だぞーっ,
できるコトなら　キミとは戦いたくないよ…,
ボク知ってるよ　シカトが　いちばん！,
そーいうの　ぶれいものって　言うんだよ！,
ボ　ボクの　あいでんてぃてぃーが…,
ボ　ボクを　笑ってるのかい…？,
あは　アハ　なんか　おかしーや　アハハ,
イヤなヤツだなー　あっちへ行ってよ,
ボク　こう見えて　ケンカ得意なんだぞーっ,
ケンカは　つーしんきょーいく　で習ったよ,
ふーふゲンカは　イヌガミも　くわないよ,
ケンカするほど　仲がいい　ってやつ？,
やめとくよ　命を　大切にするんだ,
だぁれ？　知らない人だ～,
こんにちわぁ,
ねぇねぇ　遊んで遊んで♪,
あ！　会いたかったんだぁ,
パパが　変な人の相手は　するなって！,
え～　いきなりだなぁ,
どうしよっかな～,
う～ん　パパに聞いてみるね,
そういうの　すごい嬉しい♪,
パパが　怪しい人には　付いていくなって！,
それ　他の人間にも　言われたコトあるよー,
えへへ　たのみゴト　されちゃったー,
話しかけてくれるなんて　うれしーな,
やさしいね～　ずっとしゃべって　いたいな,
なんか　ちょっと不安！　あっちいけー,
うぅー　ちょっと不安～,
そっちにいって　何するのー？,
えへっ　甘えちゃおっかなー,
はーい♪　なんか　どきっと　したよ,
ふぇーん　なんか怪しいよぉ～！,
なんの　お願いなの～？,
ん～　ホントにあたしが必要なのかな,
そこまで言われるとな～　どうしよ…,
な　泣かないでよ～　なでなで,
うそ泣きでしょー　うそつきなんかキライ！,
あたしのこと　よく　知らないクセに～,
え　そーかなぁ　ホントに～？,
それって　あたしがすごいってコト？,
ほめられちゃった！　んふふー♪,
むずかしくて　よくわかんないよー！,
他のコにも　そう言ってるんでしょー,
うんうん　やっぱそう思う～？,
そんなコト　言ってくれる人　他にいないよ,
わぁ　うれしいなー　ありがと！！,
コトバでは　なんとでも　言えるもん！！,
なんて歌ってるか　わかんなーい,
もっときかせてー,
うまーい！　ぱちぱちぱち！,
あたしも一緒にうたう！　ラララ～♪,
ざつおん？　そーおん？？　うるさーい！,
しなーい　仲良くなったら　いいよ,
はい握手ー　よろしくねー,
このまま　どっか　連れてってくれるのー？,
はなさないで　欲しーなー…,
やだもん　さわりたくない！,
あたしのことは　あんまり　話せないよ…,
いいよ　おはなし　しよう,
もっと　いっぱい　おはなし　きかせて！,
あたし　ホントは　おしゃべり　だーいすき,
本当はね　きみのこと　きらいなんだ！！,
なぁに　これ？　もらっとくね,
わ！　うれしいなっ,
えへへ　ありがと～♪,
ありがと～！　大好き♪,
う～　そんなの　欲しくないもん,
アクマを　ソマツに　扱っちゃダメ！,
なぁに？　エラそ～,
わわ　どうしよどうしよ　あわあわ,
もっと　優しく　されたいよぉ…,
うん　わかったぁ…,
え～　ぜったいヤダぁ,
わわ！　ビックリした～…,
なんなの～？　こわいよぉ,
あたしを　いじめないで～,
よくわかんないけど　ごめんなさい…,
う～　あたしをいじめる人　キライ,
おかしなコト　言わないでよー,
なんで知ってるの？　なんでなんでー？,
あたしの秘密も　教えてあげよっか～？,
物知りだねー　そんけいしちゃうよ♪,
うそつきは　ドロドロの　はじまりだよ！,
悪魔をころして　へーきなの？,
悪魔の死体から　マッカ盗ってるくせに～,
ヒトが悪魔をアイするのは　フツーなの？,
い　言い返せないよー　ふえ～ん！,
悪魔は　悪魔のルールで　生きてるの！,
お説教のじかん？　にがてだな～…,
もっといろいろ　教えてほしーな,
悪魔には　お説教しよー！　…アレ？,
うん！　ちゃーんと　言うコト　聞くね！,
考えを　押しつけるヒトは　ダメー！,
ボク　コブシノ　コーチャンデス　…違う？,
拳で語る…？　どーやるの？　おしえて！,
きみを　思いっきり　殴ればいーんだね？,
ガツーンと　語ろーね　ガッツーンと！！,
あたし　おしとやかだから　できないもん！,
キャーッ！　斬られるー！,
うーん　イマイチ　練習不足かな,
やっぱ　剣舞教室に　通ってならうの？,
かっこいーっ！　あたしにも教えて教えて！,
風がおこると　あたし　飛んでっちゃうよ！,
な　なんか　アタマが　痛いよ…,
悪魔とニンゲンの　違いってなんだろう…,
あたしは山…　あたしは海…　そして風…,
きみはあたしの　友　親　恋人　そして…,
言ってるコト　よくわかんなーい！,
や　やめてよ～　痛いのイヤー！,
ダッジで　かわしちゃうもんねーっ,
ねえ　どうして　あたしを　撃つの…？,
わかった　おとなしくするよ…,
撃たれる前に　テキを討つーっ！,
魔階セルタワー　キライ　石像こわんだもん,
旧イチガヤ駐屯地で　お化けめぐりツアー？,
スギナミ魔階坑道に監禁　石を探す日々ー！,
どこに連れてってくれるの？　わくわく,
はんざいしゃー　はんざいしゃー！,
じゃあ…　しんでくれる？,
ムッカ～　泣いたって　知らないからぁ！,
うん　しんでちょーだい♪,
わかった！　ガンバってみるね！,
お子さまの相手は　してらんないよぉ,
変な人～　しねばいいのに,
おまわりさんの代わりに　やっつけちゃう！,
それが目的だったの？　ムカムカーッ！,
どんなことするの？　こわ～ぃ,
ワ　ヘンタイだーっ！　イヤーッ！,
あたしに　戦えってコトだよね！？,
あたしに　できないコトなんて　ないよ！,
いーよ　つきあってあげるね！,
遊びの　お誘いだったら　もっと喜んだよー,
こっわ～い　話しかけないでよ～,
練習中？　吹けるようになったら　またきて,
強そうな曲～　なんかすごいねー,
楽しい曲だね　やる気　出てきた！,
ステキな曲ねー　もっと聴きたーい♪,
バカみたい　ひとりで　うかれちゃってサ,
えーん！　ナミダが　止まんなーい！,
どうして　そんなに　怒ってるの？,
あたしだったら　そんなコト　言わないよ,
きみから　そんなコトバ　聞きたくなかった,
怒ってばっかだと　疲れちゃうよー,
サイテーだよ　そーいうの！！,
言いたいなら　言えばいーよ　ぐすん…,
えっ　やだ　なんか　泣いちゃいそうだよ…,
あたしと　フツーには話してくれないの…？,
あたしに言ってる？　気づかなかった…,
そーなんだ　そー思ってるんだ　へぇ～！！,
きみも　悪魔を　キズつけてるじゃない！,
きみだって　あたしをいじめる悪者でしょ…,
怒ってないで　あそんでほしいよ～…,
きみの気持ち…　よーくわかった…,
好きなように　言えばいーよ　もーキライ！,
悪魔との　おはなしが　苦手なんだねー,
もっと楽しく　話せたらいいのに,
うそ…　信じかけてたのに…！,
泣きたくないから　おはなししないよ,
ムカーッ　あたし本気で怒った！,
なにも　笑わなくたって　いいでしょー！,
本当に　たのしいときだけ　笑えばいーよ,
だいじょぶだよ　気にしてないから,
ひどいよ…　もういい…,
手加減なしの　シンケンしょーぶっ！,
いくよーっ　えーいっ！　ポカポカ！,
いくら　きみでも　やさしく　しないよー！,
きみ　強そうだから　負けを認めよっかな～,
やだよ～　痛いの　やだもん…,
…アァン？　見ねー顔だな,
ヨォ　よく会うじゃねぇか,
もっと声出せ！　こんにちはぁッてな！！,
イヨォッ！　元気かよ相棒！！,
おめーよぉ　うっとおしいぜッ！,
なんだ　いきなり　おめーは,
ダッハッハ！　おめー　見る目あるな！,
俺を誘うなんてなぁ…　１、２時間はえぇ！,
オウ！　やる気マンマンだっつーーのッ！,
答えは　ＮＯ！　ノォォォだぜッ！！,
せっ…　とく？？,
お　てめー　ちょっと　わかってるな,
ええい！　なんか　気になるじゃねーかッ！,
そうか！　スゲーッ　爽やかな　気分だぜ,
わかったような事言うな　このフヌケがッ！,
なんか　おまえの顔　おかしいぞッ！,
恋に落ちる　か　も,
これからは　おめーを見てることにするぜ,
俺のハートは　おめーの　ものだッ！,
無駄だ　無駄だから嫌いなんだ,
カッタルイことは　嫌いなタチだぜ,
よーし　いい演技だッ,
結構　必死そうだな…,
そう泣くなって　おれがいるぞ！,
いやだ　だめだね,
今　ウソっぽい表情をしたぞ…,
自信ねーなぁ～,
何かわからないが…　いい雰囲気だッ！,
おうよ！　おまえ見る目があるな！,
おまえ　相当ズウズウしいぞッ！,
てめーのよーなツラが　一番あやしいな～,
どーこで　そういうの　覚えてくんだぁ？,
え？　お…　おまえ今なんて言った？,
褒めすぎだぜッ！　しびれたァー！,
ウダラ　そんなもんに　ひっかかるかッ！,
なんだなんだァ　暗い歌だなァ,
腹から　声出せッ！,
結構　うまいじゃねーか,
なんて歌だ…　最高だッ！,
だまってろ　このスッタコがッ！,
うるせーバカ,
仕方ねーなー　してやるよ,
今までバカにして　悪かったな,
すごくいい！　すごくいい握手だ！,
バァカめ　握手なんかすっか！,
甘い甘い　本音なんて　そう　見せねーぜ,
俺は　気ィ　使って　タテマエで　話すぞ,
本音で　話せる　仲ってのは　いいよな,
ぶっちゃけ　てめーは　嫌いじゃねぇぜ,
したたかさ　プラス　冷静な態度を感じるぜ,
病気以外なら　何でもちょうだいするぜ,
オゥ　ありがとよ,
お前　ブラボーなやつだな,
その「気持ち」　オレの「心」に響いたッ！,
おめーの施しは　受けねぇんだよッ！！,
悪魔の命　なんだと思ってんだ　おめー！,
悪魔も月までブッ飛ぶ　この衝撃ッ！,
やれやれ　フォーリンラヴってやつだ,
おめーは　いっぺん　鏡を見ろッ！,
アァン？　なんだおめー,
おめー　なかなか度胸あんな,
もっと来い！　もっと来いよッ！！,
騙されたと思って…　聞いてやっぞッ！,
オレは誰にも　媚びねぇッ！　ボケッ！,
おぉ　気合い入ってんな,
肝　据わってんじゃねぇか,
そのぶつかっていく姿勢ッ！　イイゼッ！,
おめーの魂ッ！　伝わってっぞ！！,
うっせーぞ　ハナくそがッ！！,
なんか　てめー　微妙に　おかしいぞッ！,
おあッ？　ま　まちがいねぇ　情報か？,
ばかなッ！　それはマジなのかッ？,
おめー　よく　そんな事　知ってんなァ,
嘘を　つく奴は　ゆるさねえ！,
アァ？　あぁ　ハイハイ…,
俺に聞くな～　俺　頭悪ぃんだからよぉ～,
えっ…　そ　そうだな　う～ん…,
難し過ぎだぜ　一緒に　考えてくれよ,
なぁにを　偉そうに　このボゲがッ！,
ははーん　てめー　誰かの　受け売りだな？,
アァ？　わかんねぇな　俺バカなのかな,
まあまあ　かてーこと　ユーなって！,
おめー！　いい事　言うじゃねーかッ！,
何を言ってるか　わからんが　この野郎ッ！,
おめーとじゃ　やる気　出ねぇな…,
今…　その拳　どうしたッ？,
やれやれ　仕方ねぇな　いいぜ,
おまえが　出してくれた拳　決して忘れねぇ,
拳は　出さずに　クールに　去るぜ,
てめー　頭脳が　まぬけか？,
よぉ　なぁに　あばれてんだァ？,
おっ　クールな　ダンシングだな,
おホっ！　カッケいいィーッ！,
んなモン振り回して　危ねえだろうがッ！,
オレの心は　オレのものだッ！,
ハイハイ　わかったわかった,
てめーに　従わなきゃいけない気がしてきた,
オレはっきりわかったぜ　てめーが正しい！,
おまえは　バカ　丸出しだッ！,
あぼっ！！　びっくり　させんなって！,
あぶねーなァ　おい,
お　おうよ　マジで　ビビったよ,
わかった！　わかったから　辞めろって,
おまえ　まぬけかァぁーっ！！,
てめー　勝手過ぎるぜ…,
まあ　そう　びっくりさせんな,
あわてるこたぁないッ！　落ち着けって！,
良いぞッ！　受けて立ってやる！！,
成功する訳ねーだろ　このドグサレがッ！,
何　ガンくれてんだ！？　ブッ飛ばす！！,
俺は　めちゃ　怒ったぜぇぇッ！！,
おめー　覚悟しろやッ！,
ガッカリだ　てめーを殺すことになるとはな,
お茶目なやろーだな　おい,
悪魔様ナメんな　このボケがぁぁッ！！,
俺を馬鹿にしてんのか？　上等だゴラ！,
馬鹿な奴だな…　俺を怒らせちまうなんて,
やめろよ　さすがの俺も　キレちまったぜ,
気持ちわりぃな　あっち行けよ,
オレを　煽るとは　何事だッ！,
チクショー　受けて立つぜ,
本気で　オレに　そんな事　言ってんのかッ,
なんだとッ　相棒だと　思ってたのにッ,
てめーみたいな　ダボは　どうでもいいぜ,
イライラ　うるさいうるさい　うるさいッ！,
公衆の面前で　迷惑な事　やってんじゃねー,
おう　まあまあだ　８５点だなッ！,
おめー　ラッパに関しては　天才的だな…,
おめーの　演奏なんて　誰も　聞いてねぇよ,
たしかに　聞いたぞ　コラーーッ！,
オレへの　侮辱は　こまるぜ,
言ってくれるなァ　悔しいぜ,
オレの心に　チクリと　きたぜッ！,
スッタコめ　てめーなんか　眼中にねぇよ,
しゃべるのを　やめろッ！,
人を指差して　がなりたてんじゃあ　ねーぜ,
認めたくないが　てめーは　俺を　怒らせた,
てめーは　イイ奴だが　乱暴だッ！,
てめー　何言ってるかわかんねぇよ,
ぬぁにをッ！？　ナメやがってッ！,
本気なら　なんとかしてみろッ　できまい！,
おうッ　もっと　言ってみろよッ,
いいぞッ！　その　悪態のつきぶり！,
てめーの　相手なんかすっか　このダボが,
チクショーッ　どういう事だよッ！,
失礼な奴だぜ　消すしかないのか,
何言ってやがる　ホンネなのかッ？,
よお　強がり　言ってんじゃぁねーぞ,
勝手に　ほざいてろ　このバカタレが,
ウダラ　何　ニヤついて　やんガァーッ！,
どーしてくれんだよ　オレのこの気分をよォ,
オレを　笑うなんてな　ひでぇ野郎だぜ,
もっと　マシな奴だと　思ってたぞ！,
ひとりで　笑ってろ　このドサンピンがッ,
おめーに　オレは　倒せねェーーッ！,
おまえなんか　全然怖くないぜ　バ～～カッ,
やれるともッ！　やってやるさッ！,
悲しいが　おめーを　始末する！　今ッ！,
なぁに　言ってんだ　このミソッカスがァ,
ウシャシャシャシャ！！,
うぉれに　言ってんのかぁぁ！！,
ハロー！　ハロー！　ハルオォォー！,
しゃ　しゃ　しゃちょぉぉぉっ！！,
ど…　毒電波がぁぁ！！　グヒャヒャ！！,
…んまっ　じでっっっ！！,
うぉれかぁぁ　うぉれはうぉまえだぁぁ！！,
なななんて　ロマンチックゥゥ！！,
よかよかぁぁぁ　よかよぉぉ！！,
わっかんねーけどぉおぉ　いやぁぁん,
かゆさを　発信するのは　やめろおおぉ！！,
躁と鬱の波を　おこすなあああぁ！！,
白　一色の　虹が見えるううううう！！,
うぉれを　飲み込みたいのかあああ！！,
睡魔と　会う時間だああああぁ！！！,
く　く　く　くるなぁああ！！,
ああどでぇえええ！！,
うぉまえっ！　うぉまえだぁあ！,
よかんがする！よかんんん！,
頭の中でぇ　ラ　ジオがきっこえるぅう！！,
だれだだれだれだれ　れだぁああ！！,
いいいっしょ　い　いしぃいい！！,
うぉまえ　目がひかっているううう！,
なぐなくなぐなぁあああぁ,
うぅう宇宙うう！！交信っ！！,
う　うぃ　うぉわぁあああああ！！！,
うぉれうぉれ　うぉれだよ　うぉれ！！,
うぉ　うぉまえもなぁあああ！,
ささいのう　ててんさいいい！,
じ　じゅ　受信しだぁああ！！！,
うぉ　うぉれの脳に　アクセスするなああ！,
腕が　何本あっても　足りないいいいいい！,
うぉれの体は　電子の海に溶けているうう,
うぉれは何度でも生まれ　そして　なごむぅ,
うぉれの中で　暴れるのは　やめろお！！！,
ぼぇええええ！！！！！！,
あだまがぁああ！！　ひびぐうう！！,
きおぐ　ぎおくっ　ぎおぐがぁあああ！,
ぎぎごえる　でででんじははははははははは,
うずがぁっ！　うずにのみこまれるぅう！！,
うぉれの　心臓に　さわるなああああ！！,
うぉれの　手には　無数の　宇宙があああ！,
友情の裂け目に　吸い込まれるうぅ！,
交渉ついでに　うぉれと　握手！,
あ　あ　は　ハックション！！！！！,
うぉれさま　うぉまえ　丸かぶりいい！！,
ひーふぉー　うぉいらを　夜露死苦ほー！！,
うぁそんで　遊んでええ♪,
うぉれの　本音は　うぉまえの　中だああ！,
海の底で　貝になるううぅぅぅ！！,
うっほほぉぉぉぉいいいいぃぃ！！！,
ゴクン　デリシャァァス！！,
グゥッド！！　グゥゥゥウゥッドォ！！,
それがいいぃぃ！　それがＢＥＳＴォ！！,
ちょ　あ　ちが　ちがうぅぅぅぅ！！！,
うぉっ　うぉっ　うぉおぉぉん！！！,
かんにんしてやぁぁぁ！！！,
かっこいぃですぅぅぅ！！！！,
オッケェベイベェェェベベベ！！！,
ゴゴゴゴゴゴゴゴゴゴ………,
ブッヒャッヒャッヒャ！！！,
耳なりぃぃ　耳なりがぁぁぁ！！！,
へ　へ　へこき虫がぁぁぁ！！！,
肩こりぃぃ　肩こりがぁぁぁ！！！,
お　おばあぢゃぁぁぁぁんんん！！！,
バミューダトライアングルに　沈めえぇ！！,
一滴残らず　血を抜かれろおぉ！！,
地球外知的生命体に　人体実験されるうぅ！,
湖には　恐竜が　棲んでいるううぅ！,
ミ　ミステリーサークルに　飲み込まれるう,
圧力に　押しつぶされるうぅ！！,
瞑想の　邪魔をするなあああ！！,
透明の意思が見えるううう！！,
そんなに　過去が　欲しいのかああああ！！,
世界が　うぉれを　呼んでいるうううう！！,
ムァッカの　無駄づかいは　やめよおぉ！！,
仲魔を　いたわり　めでろおおおぉ！！,
限りある　ムァグを　大切にいいぃぃ！,
パーティメンバーを　愛せよおおぉぉ！,
うぉれは　どこへ行くうううう！！！,
うぉまえの青さ　アクアマリンだあああ！,
その拳　ぺリドットの　丸みいいいい！,
握り拳　その中に　ルビーの輝きいい,
その硬さ　ダイヤモンドを　超えろおお,
石を　殴り続けろおおおおおおお！！,
空中を　傷つけるのは　やめろおぉ！,
それは何の儀式だあぁ！！,
空気の　整理は　甘いだろおぉぉ！！,
うぉまえは　空をかける　一筋の流れ星だあぁ！,
キエエェェ…　風が見えるうううううううう,
キャッチセールス界の　超新星いいい！！,
催眠の　魔術師いいいい！！,
詐欺商法の　匠いいいいい！！,
新興宗教星の　王子いいいいいい！！,
うぉれは　洗脳されマスターになるううう,
デビルバスターの　銃など聞こえぬううう！,
その銃の構ええ　時空管理局だなああああ！,
宇宙警察めええ　レーザー砲をしまええ！！,
鬱ミサイルを　撃つのはやめろおおお！！！,
刑事ごっこは　死を招くううう,
時空の流れからは　抜け出せまいいいぃ！,
サルガッソー海に　連れて行くのかああ！,
未来旅行に　一緒に　行くのかああぁ！,
非日常的な日常が　うぉれを待っているうぅ,
うぉれは　ここから　動かないいい！！！,
たかだぁぁぁ！！　そうとぉぉぉぉ！！！,
てんちゅううぅぅぅ！！！！,
月まで　飛んでいけぇぇぇ！！,
キ　キエェーーッ！！,
エ？　マジデ？,
イカレやろーが　現れた！　＞たたかう,
この　ド腐れがぁぁぁ！！！！,
食う　食うぜぇぇ　なっとぉぉぉ！！！,
アレかぁぁ　アレが好きなのかかか,
イカレやろーが　現れた！　＞そうだね,
うぉまえええぇぇ！！！,
髪の毛の数と　同じだけ　撃つううう！！,
空気と空気で　うぉまえを押しつぶすうう！,
ランナーズハイの　テンションだあああ！,
うぉれは　貝になるううう！！！！！,
これは　なんの合図だあぁぁ！！,
どこかで　電話が　鳴っているうう！！,
巻貝にぃ　吸い込まれるううう！,
そうだ　うぉれも　同じ意見だあああぁ,
うぉれのマネをするのは　やめろおおぉ！！,
二酸化炭素を　発見したあああ！！！,
うぉまえ　太陽の音が聞こえるのかああ！！,
数字だらけで　前が　見えないいいい！,
悲しみに渦に飲み込まれるううううぅ,
難しい暗号を　話すのは　やめろおお！！！,
箱の中に入って　出てくるなあああ！！！,
惑星を　飲み込むうううう！！,
うぉれに　ペンキを塗るのは　やめろおお！,
今　い　今　光をキャッチしたあああぁ,
ノイズが混じって　聞き取れないいいい！！,
ひよっこによる　挨拶の練習かああああ！！,
表面張力の数値が　上昇中うううううう！！,
時代は　うぉまえを　待っていたあああ！,
悪口の　ファンタジスタアアアアアア！,
うぉまえの口から　何か　出ているう！！！,
うぉまえは冷たい　まるでブフのようだああ,
心に刺さった　九十九針が　抜けねええええ,
うぉれの思い出に　疾風が　吹き荒れるうう,
傷ついたうぉれに　ディアをかけてくれえぇ,
うぉまえのハートは　絶対零度だあああ！！,
無邪気な笑い声　うぉまえはピクシーかああ,
大声で笑うなああ　トロールのようだあああ,
そのクールさ　うぉまえクー・フーリンかあ,
まぶしい笑顔　まさにジャックフロストおぉ,
シーサーが南から　うぉれを呼んでいるう！,
うぉれは　騙されないいいい！！！,
たくさんの　魂が　盗まれていくうう！！,
傘をさして　星から身を守れえええぇ！,
うぉまえは　山を登りきっているううう！,
セカンドハウスに　帰るうううう！！！！,
オマエ　変ナヤツダナ,
今日モ　ウマソウダナ,
ガウガガウ（こんにちは）,
アッオーンッ！　会イタカッタゾ！,
オマエ　ウットオシイ　帰ッテ寝ロ,
オマエ　誰ダ,
オレサマ　人気者ダカラ　ヒッパリダコ,
チカラヲ　貸スベキカ…,
オマエトノ旅ハ　楽シソウダナ,
オレサマ　オコトワリ！,
オレサマ　強ソウ　オマエ　ウマソウ,
ソノ話　本当カ　オレサマ　興味　アル,
アオーン　オレサマ　顔　ホコロブ,
ガウガウ　オレサマ　心　ハズム！,
グルル…　怪シイ　オレサマ　マル無視…,
オマエ　魅力ナイ,
オマエ　ウマソウダナ…,
オレサマ　ドキリ,
アオーン　オレサマ　オマエニ　モウ夢中！,
オレサマ　オマエ　マルカジリ！,
オマエ　目薬　無駄ヅカイ,
ガウ…　オレサマ　願イ　強クナリタイ,
オマエ　願イ　泣クホド　願ウ,
オレサマ　情ニ　弱イ　ホロリト　キタ,
泣ケバ　イイト　思ッテル　大マチガイ！,
人間　スグ　オダテル　ウソ　言ウ,
ウマイ話　裏アル　乗ラナイ,
オマエ　見ル目　アル　賢イ選択,
アオーン　オレサマ　オリコウ！,
オレサマ　誰ノ　モノデモナイ！,
オレサマ　知ッテル　コレ　オ世辞,
オレサマ　ドコヘ　行ッテモ　褒メラレル,
人間　オダテル　オレサマ　浮カレル,
確カニ　オレサマ　生マレツイテノ　大天才,
ガァー！　オレサマ　ゴ機嫌　ソコネタ！,
オレサマ　知ラナイ　歌,
オマエ　ヒトリ　歌謡祭　開催中,
イイ歌　オレサマ　上機嫌,
ガウガウガー　ガガオ　ガウガー♪,
オマエ　歌ウ　オレサマ　耳フサグ,
アオーン　オマエノ手　ウマソウ…,
オレサマ　遠慮　力　入レナイ　弱ク　握ル,
友情ノ握手　友達ハ　食エナイ,
手　温マッタ　友情　深マッタ,
オマエノ手　ゴチソウ　マルカジリ！,
オマエ　話　ヒロガラナイ　未来　感ジナイ,
オレサマ　本音　オマエ　食ベタイ,
オレサマモ　色々アル　食糧事情ナドダ…,
オレサマノ　ナカマニ　ナラナイカ？,
オマエ　とーくノ　才能　ナイ！,
オマエノ物ハ　オレサマノ物,
ガウガガウ（ありがとう）,
オマエ　イイヤツダナ,
オレサマ　ヨダレガ　止マラナイ,
コレダカラ　人間ハ　信用デキナイ,
オマエ　偉ソウ！　オレサマ　偉イ！,
オレサマニ　指図スルノカ？,
オマエ　強ソウ！　オレサマモ　強ソウ！,
オレサマ　強イヤツニ　シタガウ,
ぼすデモナイノニ　命令スルナ,
オレサマモ　吠エル！　アッオーンッ！,
オマエ　気迫　ジュウブン！,
オレサマ　何モ悪イコト　シテナイッテ,
シツケノ　時間カ…　言ウコト　キク,
オレサマ　ゴ機嫌　ナナメ！,
グルル…　嘘ノ　ニオイ　タダヨウ,
一端ノ　でびるばすたーナドニ　騙サレナイ,
ソウ　言ワレレバ　ソンナ　気モスル,
ソノ話　モット　詳シク！,
オレサマ　ドッキリ　ヒッカカラナイ！,
マルカジル！　ソレ以外　考エタ事　ナイ！,
オマエ　オレサマノるーる　口出シ　スルナ,
グウ…　ソウ　言ワレルト　弱イ…,
ガァー　オマエ　イイ奴　カジリニクイ…,
悪魔ヲ　殺シテ　何ヲ　言ウ！！,
ウガァー　オレサマ　シカラレタ…,
ムウ　オマエ　言ウ事　一理アル,
オマエ　オハナシ　心ニ　染ミル…,
オレサマ　母ノ顔　思イ出シタ…,
ガァー　オマエ　説明　下手　伝ワラン,
手デ　話ス？　オレサマ　理解不能,
オレサマ　影絵作ル　カタツムリ,
手デ文字作ル？　手ノカタチ上　無理アル,
本当ノ　ナカマ　手モ　言葉モ　要ラナイ,
オレサマ　ソノ手ヲ　マルカジリ！！,
剣　喰エナイ　オレサマ　剣　要ラナイ,
ガァー…　踊リダト　見セテ　斬ルツモリカ,
オマエ　芸達者　幅広イ　活動,
オマエ　上手　オレサマ　尊敬ノ　マナザシ,
オマエ　危ナイ！　不審者　マルカジリ！,
グルル…　オマエ　怪シイ　オレサマ　用心,
オレサマ　騙サレ　合体素材ノ　予感スル…,
オマエ　神様　オレサマ　羨望ノ　マナザシ,
アオーン！　オマエ神様！　オマエ神様！！,
オマエ　挙動不審　オレサマ　嘘見抜ク！,
ムウ…　オレサマ　オソレ　オノノク,
オレサマ　一歩間違エレバ　死ノ淵　彷徨ウ,
オレサマ　弾丸　嫌ウ　弾丸　カジレナイ,
オレサマ　強イ　オマエ　モット　強い,
発砲スルナ！　オマエ　危険思想！！,
ビビッタ　オレサマ　心臓　バクバク,
オマエノ様ナ奴　ドコヘ行ッテモ　同ジ,
オレサマ　タイシテ　マッカ　持ッテナイ,
オレサマ　サラッテ　ドウスル…？,
オレサマ　コノ地　オ気ニ入リ！！,
オレサマ　最強！　オマエ　イッキノミ！！,
クイシンボ　万歳！　オマエ　マルカジリ！,
オマエ　ウマソウダナ　少シ　カジラセロ,
カラカウナ　オレサマ　短気,
オレサマ　忙シイ　オマエナンテ　無視,
バカナ　人間ダ！　食ッテヤル！,
今カラ　ヘンタイ狩リヲ　始メル！,
オレサマ　不愉快　オマエ　覚悟シロ,
人間流ノ　冗談カ？　リカイ　デキナイ,
アホウナ人間　相手シテラレナイ,
人間　口ダケ　ズルイ奴　多イ,
オマエ　嫌ナ奴　感ジ　良クナイ,
ソウ　思ウナラ　戦ウガ　良イ！,
ソレナラ　本気デ　マルカジリ！！,
ガァー…　オレサマ　震エ　止マラナイ…,
騒音迷惑！　オレサマ　迷惑　許サナイ,
腹ガ　減ッテモ　らっぱハ　喰エナイ,
イイ音　奏デル　辺リニ　響ク,
オマエ　らっぱ天才　オレサマ　想像絶スル,
ガァー　オレサマ　らっぱ　栓ヲスル…,
オレサマ　怒ッタ　飛ビツカン　勢イ！,
オマエ　相手ノ心　考エナイ　悪イ奴！,
本当ハ　カジリタクナイ　デモ…！,
オマエ　カジル　理由　デキタ！！,
オマエ　早口　オレサマ　喋ル隙ナイ…,
オレサマ　オマエ　友情ナイ,
言ッテ　良イ事ト　違ウ事アル！,
哀シイ　オレサマ　裏切ラレタ　気持チ！,
可能ナラバ　嫌イタク　ナカッタ！！,
ガァー　オマエ　怖イ　オレサマ　震エダス,
オレサマ　１００点　短所　ナイ！,
ガァー　オレサマ　プライド　許サナイ！,
オレサマ　心外！！,
オマエカラ　危険ナ香リ　タダヨウ…,
オマエ　オトナゲ　ナイ　相手デキナイ,
ガァー！　失礼ナ奴　容赦シナイ！,
オレサマ　知ッテル　コレ　言葉ノ暴力,
ソンナ事ナイ　オレサマ　オリコウ,
オマエ　大声出ス　元気アル　良イ事,
エサ探シ中ニツキ　多忙　相手　デキナイ,
ガァー　悪魔ハ皆　必死デ　生キテル！！,
笑ウ奴　皆　マルカジリ！,
オレサマ　生キ恥　顔　真ッ赤…,
オレサマ　笑ワレタ　ショック　受ケル,
今　オ腹空イテナイ　オマエニ　用ナイ,
戦イノ　火蓋ガ　今　切ッテ　落トサレル！,
オレサマ　能力　オマエヲ　超エル！,
オレサマ　オマエ　望ムトコロ,
何事ニモ　積極的ニ　挑戦スル　所存,
オレサマ　達観　無駄ナ　争イ　シナイ,
グ…　ガ…,
ナン…　ダァァァ…,
ハァァ…　ロォォォ…,
おでに…　構って…　くれるのかぁぁ…,
ウ…　ゴガァァ！！,
アァァ…　ウゥ…,
オ…　ウゥ……　…エ？,
マ…　ジィィ…　デェェ…！？,
おでをぉぉ…　必要としてくれるのかぁぁ…,
そうやってぇぇ…　何度騙されたかぁぁ…,
お…　おでに　言っでんのがぁ…？,
おで…　声かけてもらっだ事なんがない…,
オマエ…　信用していいのがぁ…？,
おで…　こんなだげど　本当に良いのがぁ…,
じゃあオマエも　死んでみろぉぉ…！,
苦じい…,
おでぇ…　死んでるんだぞぉぉ…,
スゥ…　キィィ…,
おまえぇ…　やさじいなぁぁ…,
モティ　モテるぅ　奴にばぁ…　用はねぇ…,
ウ…　ビィィ…,
ひ　ひも…　じいぃ…,
ほんどにぃぃ…　ぼんどなのがぁぁ…,
涙…　ふぐ…　ボロ…　布…,
涙はおろがぁ…　命がねぇぇ…,
ざ　ざむ　いぃぃ…,
ぐ　ぐわ…　ぐわぁ　し…,
褒めでもらっだぁ…　事なんでながっだぁ…,
いいぃ　思い出をぉぉ…　あじがどうぉぉ…,
おでになんがぁぁ…　何もでぎねぇぇ…,
おでと合体してぐれる　悪魔なんて居ねぇ…,
おでを連れで歩ぐ　人間なんが居る訳ねぇ…,
おでが入ると　ＣＯＭＰが汚れるぞぉ…,
や　優じざが…　痛い…,
おでだって　嘘ぐらい　わがるんだあぁ…,
マァ…　ウイィ…　の…　うだぁ…,
歌…　空気ぃ…　振動ぅ…　ブル…　ブル…,
愛っでぇぇ…　なんだぁぁ…,
うまいぃぃ　お経だぁぁ…　心地いぃぃ…,
呪いのぉ…　歌はやめろぉぉ…,
く…　る　なぁ…,
手がぁ…　どこがぁ…　わがらねぇ…,
おでなんがにぃ…　ざわっでぐでるのがぁ…,
おでに　友情ぉ…　もうないと思っでだぁ…,
キィ　エェェェェェ…,
ブツ…　ブツ…　ひどりごど　だぁぁ…,
昨日みだぁ　夢の　はなじぃぃ…,
おで…　ぼんどは　ざみじいぃぃ…,
おで…　おでみだいな奴　増やじだぐねぇ…,
本音どごろがぁ…　命も持っでねぇぇ…,
ウ…　オ…,
オォォ…　やっ…　たぁぁぁ…,
あり…　ガ…　とぉぉ…　さん…,
嬉しくてぇ…　成仏しそうだぁぁ…,
こんなお供えものでぇぇ…　逝けるかぁ…,
ナン…　デ…　ヤネンンン…,
オマエはおでがぁぁ…　怖くないのかぁぁ…,
ガクガク…　ブルブル…,
ヒ…　ヒィィィィ……！！,
生きてるやつの…　命令など聞かぬぅぅ…,
ウゥゥ…,
ギギ…　なんだ……？,
ゴ…　びっくりしたぁ…　寿命縮まったぁ…,
オマエェェ…　コワイィィィ……！,
グガァァァァ……！！,
ウォ　オロロロロロ……,
うぉれは１００００マッカ持っているうぅ…,
うぉれは　昔　王子様だったあぁ…,
うぉれは　うぉれは　生きているううぅぅ…,
失うものなど　何もねえぇ…！,
オ…　難し過ぎで…　わがらねええぇぇ…,
モロ…　モロ…　おで崩れそうだぁ…,
や　めろぉ…　おでの良心が　痛むぅ…,
おでの為に　言ってくれでんのがあぁぁ…？,
ごれ以上　おでを　苦じめるなあぁ…！,
生きてるオマエに　おでの何がわがるうぅ…,
人生の　先輩の　つもりかぁ…？,
命なくとも　うっすらと　生きていげる…,
生ぎでるだげでぇ…　丸儲げぇぇ…,
死んだ奴に　説教して　楽じいがあぁ！,
拳が　どこだか　わがらねぇ…,
お　おでの声　そんなに　聞きづらいがぁ,
おでの拳は　やわらかいぃ…,
オマエの拳は　あたたかいぃぃ…,
今以上　おでを　痛めづげるなあぁ！,
その武器で　おでを　また死なせるのがぁ…,
機敏に動けて…　うらやまじいぃ…,
華麗な舞だぁ　いいもん見せでもらっだぁ…,
ま　まぶしい…　オマエ輝いてるぞぉぉ…,
おはらいかぁ…　成仏してじまうぅぅ…,
の　脳…　ノウ…　が…,
ウ…　死んだ時の事…　思い出しだあぁ…,
おで…　生きてた頃　思い出しだあぁ…,
もう一度　生ぎでいける　気がするうぅ…,
もう　誰の思い通りにも　なりだぐねぇ…！,
死んでんのに…　驚いで　寿命　縮まるぅ…,
震えが…　止まらねえぇぇ…,
貧乏ゆすりが…　止まらねえぇぇ…,
ブル　ブル　ブルブ　ブルブルブルブ…,
おでより　怖いものなど　ないぃ…,
合体…　館…　行ぐのがぁ…　ブル　ブル…,
バ…　ベル…　に　観光に　行くのがぁ…,
心霊スポットに　連れてってぐれるがぁ…？,
トリック…　とりつく…　とり憑いてやるぅ,
ラララ　らちの意味が　わがらねええぇ…,
安らかにぃぃ…　コロしてやろうぅぅ…,
呪ってやるぅぅぅ……,
墓の準備はぁぁ…　してあるかぁぁ…,
一緒にぃぃ…　三途の川　渡るかぁぁ…？,
アァァ…　ウゥ…　ア？,
冒涜するとはぁぁぁ…　許せんんん…！！,
この　苦しみぃぃ…　味わってみろぉぉ…！,
バカは…　死んでもぉぉ…　治らんぞぉぉ…,
ニョキ…　ニョキっとぉぉ…　キタァァ…,
人生をぉぉ…　やり直してこいぃぃ…,
最早　おでに　怖いものなど　ねぇ…,
おでだって　おでだっでえぇ…,
オマエは　おでに　さわる事ができるがぁ,
一緒に　死後の世界を　見に逝くがぁ…？,
おでに　構わず　逝けぇ…,
眠りを邪魔ずる奴には　永遠の眠りをぉ…,
息ができて　うらやまじいぃ…,
心身共に　あたたまる音色だぁぁ…,
感動　ごんな感情が眠っていたなんでぇ…,
ヒィ　音ひびいて　おでの体が型崩れぇ…,
身体も　ボロぉ…　心も　ボロだぁぁ…,
悪魔の気持ぢを…　考えてみろおぉ…,
おでみたいのだっでえぇ　傷つぐんだぁ…,
オマエまでえぇ…　おでを嫌うのがあぁ…,
言いたい事も…　言えねぇぇ…,
おでにだってぇ　感情はあるうぅぅ…,
オマエの心　キングフロストより　冷だいぃ,
おでの事　そんなに憎いのがああぁ…？,
話せばわかっで　もらえるど　思っでだあぁ,
言い返すにも　口がどこだか　わがらねぇ…,
おでが　気づかないとでも　思っだがぁ…！,
ひどいと　思わないのがぁ…,
相手を傷つげると…　自分も痛ぐなるぞぉ…,
悲じいけど…　涙の出し方　わがらねぇ…,
オマエの…　言うとおりがも　知れねえぇ…,
オマエも　魂に　なりたいがぁ…,
おで…　オマエの事　嫌いだあぁ…,
傷つけてる事に　気づかないのがぁ…！？,
オマエ…　無理するなぁぁ…,
今更　そんな事　言われても　驚がねえぇ…,
笑いたげれば　笑えぇ…,
オマエ　本当に　そんなに　可笑しいかぁ…,
おでは…　笑えねぇ…,
オマエにまで　笑われだら　おでは…,
笑われる生活には　慣れでるうぅ…,
死んでるおでの　負けは　いつだぁ…,
おでに挑戦して　何がしだいんだぁ…,
戦う事が　好きなのがぁ…？,
負けだら　死ぬぞぉ　やめとげぇぇ…,
もう　死にぞうな事は　したぐねえぇぇ…,
あんた　誰だホ？,
ヒーホー　あんたとは　よく会うホ～,
ブラザー！　こんちホー！,
ヤッホー！　ヒーホー！　ご機嫌だホ！,
あんた　バカチン　だホ！,
もっとあんたのこと　知ってからにしたいホ,
やらしい話　ギャラはもらえるのかホ？,
オイラ　迷っちゃうホ～,
魅力的な　オファーだホ～　惹かれるホ！,
それは　できない相談ホ！　出直すホ！,
そんな事　言って　いつかオイラを捨てるホ,
オイラと　他のヒーホーの　区別がつくホ？,
ヒーホーの事　そんなにお気に入りホー？,
アンタみたいな人の　仲魔になりたいホ～,
アンタ　ずるそうホー　嘘つきホー,
そうカンタンには　いかないホー,
かわった挨拶だホー,
ヒホヒホ？　ちょっと素敵な人かもホ,
ヒホーン　ヒーホーは　もう　メロメロホ～,
イロじかけなんて　百年早いホ！,
ホー？　なんだホ？,
おおげさな　お芝居だホー,
泣いてるホ？　かわいそうホ～…,
ナミナミならぬ熱意に　押されそうだホー！,
知らんホ！　一生　願ってろホー！,
ヒホ？　オイラに言ってるホ？,
アンタの力も高く買えるホ？,
そうそう　オイラはおりこうだホー,
ヒーホー！　ブラザー見る目あるホ！,
えらそうホ～！　怒ったホ！！,
心がこもってないホ　棒読みだホー,
ホントホー？　オイラ　うたがっちゃうホ,
アンタも　なかなか　見所のある奴だホ,
わ～い　ほめてもらえたホ～！,
ホー…　見えすいた嘘ホー　アンタ嫌いホ！,
マイペース　はなはだしいホ,
アンタ歌下手ホー,
ヒ～ホ～♪　ヒ～ホ～♪,
ヒホ～ン♪　ブラザ～とデュエットホ～♪,
音痴ホ！　練習してからこいホ！,
そんな　気分じゃ　ないホ,
友情って　なんだろホー…,
いいホー　するホー　握手だホー,
おてて　にぎにぎだホ！,
フランクすぎるのは　問題ホ！,
ヒホ？　オイラと　おしゃべりするホ？,
ＣＯＭＰの中に　住んでみたいホー,
オイラ　友達１００人　作りたいホー,
ヒーホーは　人間と　仲良くなりたいホー！,
アンタに　心は開かんホ！！,
頂くホ～,
さんくすホ～,
ヒーホー！　嬉しいホ！,
感激の涙が　とめどなく　あふれるホ！,
チミチミ　ナメてもらっちゃ困るホ,
チミチミ　ナメてもらっちゃ　困るホ,
チミチミ　悪魔をナメてもらっちゃ　困るホ,
まだまだ　チミの魅力は　未熟だホ！,
ヒホ？　オイラのほうが　イケメンだホ！,
ヒホー　オイラのハートが震えるホー！,
チミチミ　おふざけは大概にするホ～,
オイラに　言ってるのかホ？,
あんた　ナイス度胸ホ～！,
あんた　Ｓっ気　たっぷりホ～,
わかったホ…　あんたには　敵わないホ,
オイラは　何者にも　屈しないホ！,
ヒホッ！？　驚かせんなホ～…,
どうしたホ？　とりあえず　落ち着くホ,
あんた　体育の先公みたいホ～,
何もしてないホ！　許してくれホ～…,
あんた　ナメんなホォ！？,
そんな嘘　聞いたことも　ないホ～,
魔石は　こんぺいとうと　同じ味がするホー,
宝玉は　ダイヤモンドより　かたいホー,
ヒーホーの　誕生石は　マグネタイトだホ～,
ムヒーッ！　だまされないホ！！,
そんな事　言ったって　しょうがないホー,
オイラ　悪くないのに　責められてるホ！,
オイラは　良かれと思って　日々生きてるホ,
ホー…　こんな　オイラ　嫌いホ？,
おとなしく聞いてると思ったら大間違いホ！,
知らない人の話は　きかないコトにしてるホ,
ＣＯＭＰの中では　おとなしくしてるホ,
ヒーホーは　ともだちを　大事にしてるホ,
人類　みな　ブラザーホー！,
悪魔に気安く話しかけるのは辞めようホー！,
おてては　お話　できないホ～,
おはなし　苦手ホ？　不器用ホー,
ジャーン　ケーン　グー　ホー,
フロストパンチって　知ってるホー？,
オイラ　お口　ついてるホ！！,
ヒホヒホ？　なにしてるホー？,
なかなか　いい筋　してるホー,
かっこいいホ～…　動きに　キレが　あるホ,
芸術ホ！　キミに無限の未来を　感じるホ！,
…虫でも　追い払ってるホー…？,
なんか　だまされてる　気分だホー,
感謝の気持ちで　いっぱいホー,
ホ～…　オイラ　ねむねむだホ…,
頭の中が　真っ白ホ～…　雪みたいホ～…,
ナカマのヒーホー達は　裏切れないホ！,
紙鉄砲かホー？,
ま　豆鉄砲だホー！,
ヒ～！　怖い怖いホ～,
びっくりして　おめめ　パチパチだホー！,
危ないホ！　死ぬところだったホ！！,
ヒ～！　戦慄が　はしったホ～,
魔階に連れてったら　迷っちゃうホー,
満月の夜は　どこへ行っても危険いっぱいホ,
暗い夜道は　ランタンのあかりが　必要ホ～,
オイラ　どこにも　行きたくないホーッ！,
てめぇの血は　なに色ホーーーッ！！,
ドタマ　カチ割ったるどー！,
あんた　死にたいホ？　手助けするホ！,
ヘイヘイ　やるのかホ？　後悔させたる！,
ハ～　バカチンには　付き合ってらんないホ,
ヘンタイは　オイラがセーバイするホ！,
秘伝　ヒーホー拳を　受けてみるホ！,
バカにするなホ！　ヒーホー拳５倍！,
冗談が　過ぎるホ～　うがーーっ！,
ハ～　ヘンタイには　付き合ってらんないホ,
無事に済むと　思うなホー！！,
デビルバスターの　カザカミにもおけないホ,
背伸びするなホー　ブラザー,
オイラ優しいから　手加減してあげるホー,
失礼にもホドがあるホ　相手してらんないホ,
吹いて　いい場所と　ダメな場所があるホ！,
ラッパがオイラ達の戦いの始まりを告げたホ,
ヒホーッ　今にも　踊りだしそうホー,
ラッパアーティストホ！　サインくれホー！,
今　何時だと　思ってるホーッ！？,
ヒーホッ！　言い過ぎだホッ！,
アンタ　いい死に方　しないホ,
本心では　オイラと仲良くしたいホね～,
ケンカできるっていうのは　本気だって事ホ,
た　立ち直れないホ…　さいあくホー！,
ヒホ！　オイラの気にしてる事　言うなホ！,
や　や～い　アンタの装備は　へんてこホー,
皆が聞いてるホ　壁に耳アリ　私メアリーホ,
今聞いたこと　一生　忘れないホー,
ヒホッ…　もうアンタの方　見れないホ～！,
売られたケンカは　買っちゃうホー,
そんなに　大声で　オイラの悪口　言うなホ,
口を閉じて　二度とあけるなホーッ！,
アンタがそんなコト言うなんて　ショックホ,
傷ついたホ…　オイラ　もう　ダメホー…,
ア　アンタが　言うなホーッ！！,
オイラの心は　深く傷ついたホ！,
アンタの　心の闇が　顔を見せたホー！,
アンタ悪い子ホ！　オイラ悪い子許さんホ！,
オ　オイラ　ショックを隠しきれないホ～…,
キホーッ　くやしいホーッ！,
ヒホーッ　アンタこそおもしろフェイスだホ,
オイラ　笑わせたいけど　笑われたくないホ,
笑わないでホ！　でも笑顔は　なごむホ～,
ヒホ！　ヒホ！　オイラも　笑い返すホー,
その勝負　受けて立つホー！,
オイラに挑戦した者は　皆　散ってったホー,
つ　強そうホ～…,
いいホー　ヒーホー　勝負だホー♪,
やめとくホ　オイラ　平和の象徴ホ～,
我が英知　汝と共にあらん　よろしく頼む,
我が慈悲を　与えよう,
我ら悪魔は各々　好みの宝石があるのだ,
もう　汝との話は　終わりだ,
有意義な時間であった　ごきげんよう,
これより　汝の守護を担おう　よろしく頼む,
汝に　これを遣わそう,
では　そろそろ失敬させていただく,
今後とも　よろしく…な,
ほらよ…　いいからとっときな,
ケルベロスは　炎をはね返すらしい…,
これ以上　話しかけるな　不快だ……,
じゃあな…　アディオス,
…力を貸すとするか　よろしくな,
たいしたものじゃないが…　もらってくれ,
あんたと一緒に行きたい　ヨロシクね！,
これマジ良くない？　あんたにア・ゲ・ル♪,
満月の夜の　買い物が　アタシの楽しみ♪,
ハイ終わり！　アンタ　もう話しかけないで,
楽しませてもらったわ　じゃあねぇ♪,
アタシの　ご主人様になってくださるぅ？,
貢ぐのは初めてだけど…　受け取って♪,
シャワー浴びたくなっちゃった…　バイバイ,
今後とも　どうぞよろしくお願いします,
私の気持ち　受け取ってくださいませ,
稀にしか出現しない悪魔が　いるらしいです,
これ以上　話すことは　ありません,
素敵な出会いでした　また会う日まで,
貴方に　付き従いましょう　ヨロシク,
お役に立つでしょうか…　どうぞこれを,
では　いずれまた　会いましょう,
よろしくね！　ともだちともだち！,
キミだけに　ボクの宝物　あげる！,
キミ　でっかいケルベロス　もう見た！？,
お話は終わり！　もう　どっか行けよー！,
よい子はもう帰る時間だね！　バイバイ！,
一緒にいってい～よね？　もう決めたもん！,
これだけしかないけど…　あげる！,
あ！　習い事　いかなきゃ！　バイバイ！,
一緒に　いきた～い！　い～ぃ？,
これ　あげるね♪,
おっきいコダマは　火がキライなんだって！,
もう　話したくないよー　あっち行って！　,
楽しかった♪　ばいば～い,
ねぇねぇ　一緒に行っても　い～ぃ？,
これ　うけとって♪,
パパが　早く帰ってきなさいって！,
これからヨロシクなッ！　相棒！,
友情の「証」だ！　もらってくれッ！,
でけぇ亀野郎　いいブツ持ってるらしいぜ！,
これ以上　話すことは何もねぇ　消えな！,
のたれ死ぬなよ！　アーバヨッ！,
しゃーねぇ　いっちょ力んなってやっか！！,
頼むッ！　もらってくれッ！,
ずっどぉぉぉぉぉん！！　ヨロシクゥゥ！,
これ欲しいかぁぁ　うぉれは欲しいぃぃ！,
ブロローン　ブベベローン,
こうしょぅうう　けつれぇぇえっつぅう！！,
追いかけてみろぉぉ！！　できまいぃぃぃ！,
たった今からぁ　うぉまえの仲魔だぁぁ！！,
オレサマ　オマエト一緒ニ　イキタイ！,
コレ　オマエニ　ヤル,
ぼす　怖イ　話シカケテモ　意味ナイゾ,
ツマラナイナ　オレサマ　オ話ヤメル,
オマエ　楽シカッタゾ　ソレジャアナ,
イマカラ　オマエ　オレサマノ　ゴ主人サマ,
ドウダ　コレ　モラッテクレ,
ツマナライナ　オレサマ　オ話ヤメル,
モウ帰ッテイイカ？　ソレジャアナ,
救われるぅ…　オマエに　ついてくぞぉ…,
オェップ　どうぞぉぉ…　やる…,
ギュウキは…　変な銃…　持ってるぅぅ…,
話は終わりだ…　これ以上は　聞かないぃ…,
もう　逝く…　あり…　ガ…　とうぅぅ…,
オマエに　憑くことにしたぁ…　よろしく…,
元の　冥府にぃ…　帰るぅぅ…　うぅ…,
マブダチ　ホ～　よろしくだホ！,
オイラの気持ち　受け取ってほしいホ！,
同じ悪魔でも　違う育ち方する奴　いるホ,
アンタの　お話つまんないホ　やめるホー,
また遊んでホ！　おさらばホ～,
手を貸すホ～！　よろしくだホ！,
バーイ　バーイ　ホー！,
汝の戯言　聞き飽きた…　逝け！,
我が　そなたの人生に幕をひいてやろう,
お仕置きの時間だ　ベイビー,
もういい…　死ね,
いい加減　飽きたわ　イっていいわよ,
アタシに殺されるのよ　光栄に思いなさい！,
無駄な時間を過ごしました…　おいきなさい,
大変申し訳ないのですが　死んで頂きます,
れっつ　人間ハンティング～！！,
ボクのサイキョーパワー　受けてみろ！！,
ねぇねぇ　死んでくれる？,
もうきら～い　消えてなくなっちゃえっ！,
てめーを始末する！　今ッ！,
てめーは　オレをマジで怒らせたようだぜ,
よーし　判決を下す！　死刑！,
プッツンきたぜぇぇぇええ！！！,
オレサマ　オマエ　マルカジリ！！,
アッオーンッ！！　狩リノ時間ダ！！,
グ…　同じ苦しみ…　味わえぇぇぃ…！,
恨み…　晴らさで　おくべきか…,
見したる！　オイラの百万馬力ー！,
もういいホ！　オイラと勝負だホ！！,
我の相手をするには　力が足りぬようだ,
弱いな…　話にならん,
もっと強くなってから　出直してらっしゃい,
私の相手をするには　少々力不足のようです,
キミキミ　弱すぎて　お話になんないよ！,
もっと強くなったら　話聞いてあげる♪,
ひよっこのくせに　吠えてんじゃねぇッ！,
弱ぇぇぇ！！！！　出直せぇぇぇ！！！,
オマエ　弱い　オレサマ　ワリト多忙,
もっとぉぉ…　強くなってから来いぃぃ…,
オイラとあんたじゃ　格が違うホ～,
