大天使ＤＡ【フォーススタック】,大天使ＤＡ【強力栈】,
威霊ＤＡ【フォーススタック】,威霊ＤＡ【強力栈】,
魔神ＤＡ【フォーススタック】,魔神ＤＡ【強力栈】,
邪神ＤＡ【フォーススタック】,邪神ＤＡ【強力栈】,
霊鳥ＤＡ【フォーススタック】,霊鳥ＤＡ【強力栈】,
女神ＤＡ【フォーススタック】,女神ＤＡ【強力栈】,
天津神ＤＡ【フォーススタック】,天津神ＤＡ【強力栈】,
凶鳥ＤＡ【フォーススタック】,凶鳥ＤＡ【強力栈】,
天使ＤＡ【フォーススタック】,天使ＤＡ【強力栈】,
邪鬼ＤＡ【フォーススタック】,邪鬼ＤＡ【強力栈】,
妖鳥ＤＡ【フォーススタック】,妖鳥ＤＡ【強力栈】,
妖魔ＤＡ【フォーススタック】,妖魔ＤＡ【強力栈】,
地霊ＤＡ【フォーススタック】,地霊ＤＡ【強力栈】,
死神ＤＡ【フォーススタック】,死神ＤＡ【強力栈】,
聖獣ＤＡ【フォーススタック】,聖獣ＤＡ【強力栈】,
魔獣ＤＡ【フォーススタック】,魔獣ＤＡ【強力栈】,
妖精ＤＡ【フォーススタック】,妖精ＤＡ【強力栈】,
精霊ＤＡ【フォーススタック】,精霊ＤＡ【強力栈】,
魔人ＤＡ【フォーススタック】,魔人ＤＡ【強力栈】,
幻魔ＤＡ【フォーススタック】,幻魔ＤＡ【強力栈】,
妖獣ＤＡ【フォーススタック】,妖獣ＤＡ【強力栈】,
龍王ＤＡ【フォーススタック】,龍王ＤＡ【強力栈】,
夜魔ＤＡ【フォーススタック】,夜魔ＤＡ【強力栈】,
神獣ＤＡ【フォーススタック】,神獣ＤＡ【強力栈】,
外道ＤＡ【フォーススタック】,外道ＤＡ【強力栈】,
妖鬼ＤＡ【フォーススタック】,妖鬼ＤＡ【強力栈】,
幽鬼ＤＡ【フォーススタック】,幽鬼ＤＡ【強力栈】,
龍神ＤＡ【フォーススタック】,龍神ＤＡ【強力栈】,
堕天使ＤＡ【フォーススタック】,堕天使ＤＡ【強力栈】,
鬼女ＤＡ【フォーススタック】,鬼女ＤＡ【強力栈】,
国津神ＤＡ【フォーススタック】,国津神ＤＡ【強力栈】,
地母神ＤＡ【フォーススタック】,地母神ＤＡ【強力栈】,
邪龍ＤＡ【フォーススタック】,邪龍ＤＡ【強力栈】,
鬼神ＤＡ【フォーススタック】,鬼神ＤＡ【強力栈】,
破壊神ＤＡ【フォーススタック】,破壊神ＤＡ【強力栈】,
魔王ＤＡ【フォーススタック】,魔王ＤＡ【強力栈】,
大天使ＤＡ【パッシブスキル】,大天使ＤＡ【被動技能】,
威霊ＤＡ【パッシブスキル】,威霊ＤＡ【被動技能】,
魔神ＤＡ【パッシブスキル】,魔神ＤＡ【被動技能】,
邪神ＤＡ【パッシブスキル】,邪神ＤＡ【被動技能】,
霊鳥ＤＡ【パッシブスキル】,霊鳥ＤＡ【被動技能】,
女神ＤＡ【パッシブスキル】,女神ＤＡ【被動技能】,
天津神ＤＡ【パッシブスキル】,天津神ＤＡ【被動技能】,
凶鳥ＤＡ【パッシブスキル】,凶鳥ＤＡ【被動技能】,
天使ＤＡ【パッシブスキル】,天使ＤＡ【被動技能】,
邪鬼ＤＡ【パッシブスキル】,邪鬼ＤＡ【被動技能】,
妖鳥ＤＡ【パッシブスキル】,妖鳥ＤＡ【被動技能】,
妖魔ＤＡ【パッシブスキル】,妖魔ＤＡ【被動技能】,
地霊ＤＡ【パッシブスキル】,地霊ＤＡ【被動技能】,
死神ＤＡ【パッシブスキル】,死神ＤＡ【被動技能】,
聖獣ＤＡ【パッシブスキル】,聖獣ＤＡ【被動技能】,
魔獣ＤＡ【パッシブスキル】,魔獣ＤＡ【被動技能】,
妖精ＤＡ【パッシブスキル】,妖精ＤＡ【被動技能】,
精霊ＤＡ【パッシブスキル】,精霊ＤＡ【被動技能】,
魔人ＤＡ【パッシブスキル】,魔人ＤＡ【被動技能】,
幻魔ＤＡ【パッシブスキル】,幻魔ＤＡ【被動技能】,
妖獣ＤＡ【パッシブスキル】,妖獣ＤＡ【被動技能】,
龍王ＤＡ【パッシブスキル】,龍王ＤＡ【被動技能】,
夜魔ＤＡ【パッシブスキル】,夜魔ＤＡ【被動技能】,
神獣ＤＡ【パッシブスキル】,神獣ＤＡ【被動技能】,
外道ＤＡ【パッシブスキル】,外道ＤＡ【被動技能】,
妖鬼ＤＡ【パッシブスキル】,妖鬼ＤＡ【被動技能】,
幽鬼ＤＡ【パッシブスキル】,幽鬼ＤＡ【被動技能】,
龍神ＤＡ【パッシブスキル】,龍神ＤＡ【被動技能】,
堕天使ＤＡ【パッシブスキル】,堕天使ＤＡ【被動技能】,
鬼女ＤＡ【パッシブスキル】,鬼女ＤＡ【被動技能】,
国津神ＤＡ【パッシブスキル】,国津神ＤＡ【被動技能】,
地母神ＤＡ【パッシブスキル】,地母神ＤＡ【被動技能】,
邪龍ＤＡ【パッシブスキル】,邪龍ＤＡ【被動技能】,
鬼神ＤＡ【パッシブスキル】,鬼神ＤＡ【被動技能】,
破壊神ＤＡ【パッシブスキル】,破壊神ＤＡ【被動技能】,
魔王ＤＡ【パッシブスキル】,魔王ＤＡ【被動技能】,
大天使ＤＡ【アクティブスキル】,大天使ＤＡ【主動技能】,
威霊ＤＡ【アクティブスキル】,威霊ＤＡ【主動技能】,
魔神ＤＡ【アクティブスキル】,魔神ＤＡ【主動技能】,
邪神ＤＡ【アクティブスキル】,邪神ＤＡ【主動技能】,
霊鳥ＤＡ【アクティブスキル】,霊鳥ＤＡ【主動技能】,
女神ＤＡ【アクティブスキル】,女神ＤＡ【主動技能】,
天津神ＤＡ【アクティブスキル】,天津神ＤＡ【主動技能】,
凶鳥ＤＡ【アクティブスキル】,凶鳥ＤＡ【主動技能】,
天使ＤＡ【アクティブスキル】,天使ＤＡ【主動技能】,
邪鬼ＤＡ【アクティブスキル】,邪鬼ＤＡ【主動技能】,
妖鳥ＤＡ【アクティブスキル】,妖鳥ＤＡ【主動技能】,
妖魔ＤＡ【アクティブスキル】,妖魔ＤＡ【主動技能】,
地霊ＤＡ【アクティブスキル】,地霊ＤＡ【主動技能】,
死神ＤＡ【アクティブスキル】,死神ＤＡ【主動技能】,
聖獣ＤＡ【アクティブスキル】,聖獣ＤＡ【主動技能】,
魔獣ＤＡ【アクティブスキル】,魔獣ＤＡ【主動技能】,
妖精ＤＡ【アクティブスキル】,妖精ＤＡ【主動技能】,
精霊ＤＡ【アクティブスキル】,精霊ＤＡ【主動技能】,
魔人ＤＡ【アクティブスキル】,魔人ＤＡ【主動技能】,
幻魔ＤＡ【アクティブスキル】,幻魔ＤＡ【主動技能】,
妖獣ＤＡ【アクティブスキル】,妖獣ＤＡ【主動技能】,
龍王ＤＡ【アクティブスキル】,龍王ＤＡ【主動技能】,
夜魔ＤＡ【アクティブスキル】,夜魔ＤＡ【主動技能】,
神獣ＤＡ【アクティブスキル】,神獣ＤＡ【主動技能】,
外道ＤＡ【アクティブスキル】,外道ＤＡ【主動技能】,
妖鬼ＤＡ【アクティブスキル】,妖鬼ＤＡ【主動技能】,
幽鬼ＤＡ【アクティブスキル】,幽鬼ＤＡ【主動技能】,
龍神ＤＡ【アクティブスキル】,龍神ＤＡ【主動技能】,
堕天使ＤＡ【アクティブスキル】,堕天使ＤＡ【主動技能】,
鬼女ＤＡ【アクティブスキル】,鬼女ＤＡ【主動技能】,
国津神ＤＡ【アクティブスキル】,国津神ＤＡ【主動技能】,
地母神ＤＡ【アクティブスキル】,地母神ＤＡ【主動技能】,
邪龍ＤＡ【アクティブスキル】,邪龍ＤＡ【主動技能】,
鬼神ＤＡ【アクティブスキル】,鬼神ＤＡ【主動技能】,
破壊神ＤＡ【アクティブスキル】,破壊神ＤＡ【主動技能】,
魔王ＤＡ【アクティブスキル】,魔王ＤＡ【主動技能】,
大天使ＤＡ【御魂強化セット効果】,大天使ＤＡ【御魂強化設定効果】
威霊ＤＡ【御魂強化セット効果】,威霊ＤＡ【御魂強化設定効果】,
魔神ＤＡ【御魂強化セット効果】,魔神ＤＡ【御魂強化設定効果】,
邪神ＤＡ【御魂強化セット効果】,邪神ＤＡ【御魂強化設定効果】,
霊鳥ＤＡ【御魂強化セット効果】,霊鳥ＤＡ【御魂強化設定効果】,
女神ＤＡ【御魂強化セット効果】,女神ＤＡ【御魂強化設定効果】,
天津神ＤＡ【御魂強化セット効果】,天津神ＤＡ【御魂強化設定効果】,
凶鳥ＤＡ【御魂強化セット効果】,凶鳥ＤＡ【御魂強化設定効果】,
天使ＤＡ【御魂強化セット効果】,天使ＤＡ【御魂強化設定効果】,
邪鬼ＤＡ【御魂強化セット効果】,邪鬼ＤＡ【御魂強化設定効果】,
妖鳥ＤＡ【御魂強化セット効果】,妖鳥ＤＡ【御魂強化設定効果】,
妖魔ＤＡ【御魂強化セット効果】,妖魔ＤＡ【御魂強化設定効果】,
地霊ＤＡ【御魂強化セット効果】,地霊ＤＡ【御魂強化設定効果】,
死神ＤＡ【御魂強化セット効果】,死神ＤＡ【御魂強化設定効果】,
聖獣ＤＡ【御魂強化セット効果】,聖獣ＤＡ【御魂強化設定効果】,
魔獣ＤＡ【御魂強化セット効果】,魔獣ＤＡ【御魂強化設定効果】,
妖精ＤＡ【御魂強化セット効果】,妖精ＤＡ【御魂強化設定効果】,
精霊ＤＡ【御魂強化セット効果】,精霊ＤＡ【御魂強化設定効果】,
魔人ＤＡ【御魂強化セット効果】,魔人ＤＡ【御魂強化設定効果】,
幻魔ＤＡ【御魂強化セット効果】,幻魔ＤＡ【御魂強化設定効果】,
妖獣ＤＡ【御魂強化セット効果】,妖獣ＤＡ【御魂強化設定効果】,
龍王ＤＡ【御魂強化セット効果】,龍王ＤＡ【御魂強化設定効果】,
夜魔ＤＡ【御魂強化セット効果】,夜魔ＤＡ【御魂強化設定効果】,
神獣ＤＡ【御魂強化セット効果】,神獣ＤＡ【御魂強化設定効果】,
外道ＤＡ【御魂強化セット効果】,外道ＤＡ【御魂強化設定効果】,
妖鬼ＤＡ【御魂強化セット効果】,妖鬼ＤＡ【御魂強化設定効果】,
幽鬼ＤＡ【御魂強化セット効果】,幽鬼ＤＡ【御魂強化設定効果】,
龍神ＤＡ【御魂強化セット効果】,龍神ＤＡ【御魂強化設定効果】,
堕天使ＤＡ【御魂強化セット効果】,堕天使ＤＡ【御魂強化設定効果】,
鬼女ＤＡ【御魂強化セット効果】,鬼女ＤＡ【御魂強化設定効果】,
国津神ＤＡ【御魂強化セット効果】,国津神ＤＡ【御魂強化設定効果】,
地母神ＤＡ【御魂強化セット効果】,地母神ＤＡ【御魂強化設定効果】,
邪龍ＤＡ【御魂強化セット効果】,邪龍ＤＡ【御魂強化設定効果】,
鬼神ＤＡ【御魂強化セット効果】,鬼神ＤＡ【御魂強化設定効果】,
破壊神ＤＡ【御魂強化セット効果】,破壊神ＤＡ【御魂強化設定効果】,
魔王ＤＡ【御魂強化セット効果】,魔王ＤＡ【御魂強化設定効果】,
