はい,
いいえ,
話をする,
会話を終える,
やる,
やらない,
引き受ける,
引き受けない,
スイッチを操作しますか？,
操作する,
操作しない,
起動しました。,
入る,
入らない,
行く,
行かない,
入ったら、引き返せない気がする…。\n>中に入りますか？,
戻る,
キャンセル,
仕事の話をする,
知っている,
知らない,
>外に出てしまうと、この生成ダンジョンには\n 戻れなくなりますが、よろしいですか？,
テストをするぞ！,
指令テスト,
分岐テスト,
報酬テスト,
ポリゴンムービー,
３体合体,
悪魔倉庫,
演出表示（Ｚｏｎｅ用）,
月齢,
エキスパート,
ＰＣスキル,
空きＣＯＭＰインベントリスロット数,
ＬＮＣポイント,
装備,
ゲーム内時間,
リアル日付,
リアル時間,
パーティー,
ＰＣ経験値,
ゾーン内移動,
ホームポイント移動,
ＮＰＣ（ギミック）出現,
ＣＯＭＰインベントリ拡張,
合体可能フラグ,
次へ,
あり,
なし,
習得済み,
習得可能,
パートナー経験値,
ターミナルです。\nご利用される機能を、お申し付け下さい。,
アイテム倉庫,
仲魔倉庫,
終了,
ターミナルは、あなたのアイテムを\n保管する倉庫となる施設です。,
各都市と情報を共有しており\nどの都市からでもご利用いただけます。,
クランリスト,
チケット購入,
ホームポイントをここに設定しますか？,
ホームポイントが設定されました。,
どのような御用でしょうか？,
ヴァーチャルバトルを開始する,
話を聞く,
了解いたしました。\nヴァーチャルバトルへ転送いたします。　　,
またのお越しをお待ちしています。,
ホームの外は危険です。\nしっかりと訓練をしていってくださいね！　,
ヴァーチャルバトルへようこそ！,
経験者の方は、新人デビルバスターに\n優しくアドバイスをしてあげてくださいね！,
基本操作について聞く,
戦闘について聞く,
ホームポイントについて聞く,
ヴァーチャルバトルを終了する,
「左クリック」で移動を行います。\n「右クリック」でカメラを動かせます。,
人に話しかける場合は、私にしたように\n対象を「左クリック」してください。,
敵に対しては「左クリック」で選択し\n再度「左クリック」すると「アタック」します。,
「ピクシー」など小さな悪魔は\nターゲットが難しいです。,
その際は、頭の上にある名前を\nクリックして下さい。,
ここヴァーチャルバトルでは\n戦闘の基礎を教えています。,
まず、このゾーンで「アタック」を学び\n次のゾーンでは「ガードスキル」を学び,
最後のゾーンでは\n「ラッシュスキル」を学びます。,
詳しくは、各ゾーンに居るスネークマンに\n聞いて下さい。,
いずれも、この世界でデビルバスターが\n生きていくために必要なスキルです。,
しっかりと覚えていってくださいね！,
「ホームポイント」とはデビルバスターが\n死んでしまった時に戻る場所です。,
現在、あなたの「ホームポイント」は\nヴァーチャルバトルになっています。,
「ホームポイント」は街の出入り口近くの\n広場にある不思議な円柱の石造です。,
街から出る際には「ホームポイント」を\nそこに変更することをお勧めします。,
ヴァーチャルバトルを終了しますか？,
「ＰＣウインドウ」の「ステータス」にある\n能力値はあなたの基本能力をあらわします。,
「力」は、近接武器の威力を上げます。,
「魔力」は、魔法の威力を上げます。,
「体力」は、ＨＰの最大値を上げます。,
「知力」は、ＭＰの最大値を上げます。,
「速さ」は、銃による威力を上げます。,
「運」は、クリティカルを出す確率が上がり\nクリティカル、状態変化を受ける確率が減り,
敵が落とすアイテムドロップ\nにも影響します。,
各能力値は経験値を手に入れ\nＬｖが上がったさいに自分で割り振れます。,
考えながら、自分自身を\n成長させて下さいね！,
能力値について聞く,
やあ！\nスネークマンには会ったようだね！,
ピクシーの群れなんだけど…\n第三ホームを出て右に向った時に見たよ！,
やあ！\nここいらじゃ、あまり見ない顔だね？,
ここのホームにはスネークマンという\n人が居て僕たちＤＢに仕事をくれるんだ！,
君も行って話を聞くと良いよ！,
最近、地霊のコダマ退治の\n仕事が多いんだけど…,
樹の地霊であるコダマが何故\nこんな不毛地帯に来ているのだろう…？,
悪魔の出現量の増加に比例して\n凶暴性も増してきているよ…。,
第三ホームの姉妹都市、第二ホームも\n悪魔に襲撃され壊滅したそうだし…。,
ここも、どうなることか…。,
でも僕は、そんな世の中を正すために\nデビルバスターになったんだ！！,
おまえ、あのスネークマンから\n仕事を受けたクチか？,
ピクシーをアイツに売り渡すと\nけっこうな金が貰えたぞ！,
…ん？\n俺の顔になんか付いてるか？,
用が無けりゃあ、あっち行け。,
最近、コダマ狩りの仕事が多いな…。,
コダマなんか弱くて狩りの\n対象にもならねーけど…,
なんか、荒ぶってるヤツは\n歯ごたえがあって狩りがいがあるぞ！,
この田舎にも悪魔が現れだし\nおまけに凶暴ときてる…。,
暴れがいのある\n良い世の中になってきたな！！！,
……スネークマンに会えたんだけど…。,
ライセンス資格には、\nまだ技量が足りないだってさ…。,
変わりにピクシーの群れの頭を、\n捕まえて来いだって……。,
ハァ～……ショック！！,
あなたもココにライセンスを\n取りに来たクチ？,
お～！！\nワタシも取りに来たの！！,
一緒にがんばりましょうね！！,
そうなんだ！ワタシはライセンス取得の\nために、新宿バベルから、ここまで来たの！,
スネークマンとかいう人が、\nライセンス取得の教官らしいのだけど…,
どこに居るのかな～？,
最近、ここら辺で木の地霊である\nコダマを見るけど…。,
バベルの下にあいつらが現れだして…\n数年でバベルの下が樹海化しちゃった！,
ここも樹海化するつもりなのかな？,
最近、また悪魔が暴れ出しているみたいね！,
ワタシも早くライセンスをとって\n活躍しなきゃ！！,
今度、バベルから物資の供給が\nあるらしいけど…,
一緒にイノセントとかいう\n人造人間まで来るらしいよ。,
奴らは喜怒哀楽も無いし\n気味が悪い連中だよ。,
僕は天使を使役することが\n多いのだけど…,
その昔、神に反抗し地獄に落とされた\n天使を、堕天使と言うんだ！！,
同じ天使でもアイツラは、まったくの\n別物！ ボクは使役したくはないねッ！,
最近、スギナミの第三ホーム野営地\nあたりでシキガミが出るらしいな！！,
奴らは陰陽師とかいう連中が使役している\n使い魔だそうだが…,
どこの、どいつが寄越してやがるのか…。,
まあ、誰の使い魔なんかは俺には関係ねえ！\nブッ倒すだけだけだ！！,
ＤＢヤマグチの奴が天使を自慢げに\n連れているが…,
同じ天使でも神に、たて突いた堕天使\nという連中の方が好感を持てるな！,
神にたて突く、反骨精神が\n俺と気が合いそうなのよ！！,
まあ、そうは言っても俺にとって悪魔は\n狩りの対象でしかねーけどなッ！！アハッ！,
シンジュクからイノセントが\n運ばれるんだって！！,
手伝いに人手が居るらしいから\nワタシもさっそくパーティー作らなきゃ！,
聞いたよ！ 聞いたよ！！,
こないだの仕事で第三ホームを\n守ったんだって！！,
襲い来る悪魔の手から\n人を守ってこそデビルバスターだよねっ！！,
クッ～、カッコイイ！！！\nいやッ！ マジ尊敬するっす！！,
変な魔階に行ったんだって？\nアンタいったい何者？,
搬入口へ入るのかい？,
変な女が搬入口に…。\n搬入口へ入るのかい…？,
戻るのかい？,
戻らない,
ここは、第三ホームだ。,
昔は、ここも多くの人が居たが\nみんなバベルに行っちまった…。,
代わりに悪魔が出現するようになって\nあんたらＤＢは、多く見るようになったな,
そこのエレベーターから外へ出て\nせいぜい悪魔を、狩ってくれ…。,
ホームポイントについて、ご説明いたします。,
ホームポイントについて,
「ホームポイント」はデビルバスターが\n死んでしまった際に戻る場所です。,
私の後ろにある円柱にアクセスし、そこを\n「ホームポイント」とすることができます。,
第三ホーム付近で活動される際は、\nどうぞこちらをご利用下さい。,
>よだれを垂らし\n こちらを、見ている…。,
オレサマ、オマエ、マルカジリ…。,
やぁ、新米クン！悪魔を「仲魔」にする\n方法を聞きたくないかい？,
聞きたい,
結構です,
デビルバスターは「交渉」を行って\n悪魔を「仲魔」にすることができる。,
交渉は「交渉スキル」を駆使して\n行うんだ！,
画面右下のメニューの「ＰＣウインドウ」\nに「スキル」の項目があるはずだ！,
「スキル」のウインドウを下にスクロール\nすると「交渉スキル」があるだろ？,
それをショートカットに登録して\n悪魔に使ってみよう！,
悪魔に「対話」の交渉で取り入ったり\n「威圧」の交渉で脅したりしていると,
そのうちに悪魔が「仲魔」になってくれたり\nアイテムをくれたりするぞ！,
もちろん、ぶん殴られたり逃げられたり\nすることもあるけど…,
まぁ、ざっと説明したけど\nとりあえずやってみないと始まらないよね！,
自分だけの「仲魔」が\n見つかるといいね！新米クン！,
またまた、ベテランぶっちゃって！\nいつでも来いよな！,
>不思議そうにこちらを見ている。,
こんにちわぁ！,
２００マッカ くれたら\nここを、ホームポイントに設定してやるぞ。,
ホームポイントの設定をする,
ここを、ホームポイントにするんだな？,
マッカが、足りねーよ。,
この先のナカノは樹海になっている。\nせいぜい気をつけろ。,
ジィー…。,
こんな所まで何しに来たの？,
まあ良いや…\nそんなことよりオレの話を聞いてくれ…,
今の世の中、こういう洞穴は\nよく見るんだけどさ…,
ここ最近、中から雄叫びが聞こえたり\n様子が、変なんだよ。,
もちろん、怖くて中には入ってないけど…。\n中で何が起こってるんだろう…？,
オレは、ここナカノを調査している\nノナカという者だ！よろしくな！,
この先に、馬鹿デカイ柱が\n立ってるんだけど,
それをイノセントという人造人間が\n調査していて、人間なら襲われる所だけど,
奴らイノセントは悪魔から不浄だと云われ\n襲われないんだよな…。,
不思議な連中だよ。,
おっ！同職だね！,
新宿バベルは、そこの谷間を進むと\nたどり着くよ！,
俺は、将来、マッカを稼ぎまくって\nバベルの上に住むのが夢なんだ！,
よお！ デビルバスターさん！\n新宿バベルに行くのかい？,
ここの樹海は、先は見えね～は\n爆発する悪魔は出るは、とんでもねトコだ…,
俺も新宿バベルからスギナミに向う際に\n迷わなかった日は１度として無いッ！！,
しか～しッ！！ そんなことでは\nこの東京の治安は守れない！！,
そこで、新宿バベルからここまで\n道沿いに看板を立てて来た！！,
これで、もう道に迷い途方にくれる\n日々ともおさらばよ！！,
アンタも新宿バベルに向うのなら\n俺、お手製の看板に沿って進むと良い！！,
なに、礼なんていらない！！\nこれも俺たち守衛の仕事よッ！！,
この先に新宿バベルがあります！,
後ろにある転送ゲートを使用して\nバベルの内部にお入り下さい！！,
調査中です…。,
…ダウンロード完了……,
あっ、すいません、終わりました。\nオベリスクデータ０１になります。,
…ここで、この柱を見ていると\n色々、考えてしまいます。,
この混沌の世に神様は居るのでしょうか？,
居る,
居ない,
そうですか…だとしたら\nその神様は何を考えているのか…。,
そうですか…\n神も悪魔も同じですよね…。,
引き続き調査します。,
ダウンロード完了…終わりました。\nオベリスクデータ０２になります。,
この、混沌の東京に必要なモノは\n絶対的な秩序？,
その通り,
違う,
そうですね…。いずれ、この世が\n平和で静かな世となることを祈ります。,
そうですか…。\n秩序よりも大事なモノがあるのですね。,
ダウンロード完了…終わりました。\nオベリスクデータ０３になります。,
ここで、この柱を見ていると\n色々、考えてしまいます。,
私は何者にも負けない力が欲しい…\nあなたも力を欲する者ですか？,
欲する,
欲しない,
力があれば負けない…。,
他に求めるものがあると？,
この先は、中央制御室です。,
関係者以外は立ち入り禁止です。,
中央制御室へ入られますか？,
新宿バベルです。,
通路を進むと、シブヤになります。,
バベルの外ですので気をつけて下さい。,
通路を進むと、イチガヤになります。,
通路を進むと、ナカノになります。,
何か用かい？,
最近、ぶっそうなことが続いて…\nホント、怖いよ…。,
いや～、君たちのおかげで助かったよ！\nありがとう！！,
しかし、アイツら\nなんだったんだろう？,
第三ホームへ運ばれる物資は\nここから中に入るんだ。,
イノセントや物資は\nまだ届いてないよ。,
搬入口には、そこにある認証ＰＣに\n搬入口認証カード をさすと入れるよ。,
搬入口へ入る 搬入口認証カード を\n持っていないようだね。,
渡しておくよ！,
ただ…このカードなんだけど\n認証カードとか言っているけど…,
使用するたびに消費されるんだ…\n無くなったら、また声をかけてね！,
搬入口認証カード を手に入れました。,
搬入口へ入る 搬入口認証カード を\n渡したいんだけど…,
モノを、それ以上\n持てないようだよ。,
変な女と悪魔が\n中に入ってきたんだ！,
君が居てくれたおかげで\n助かったよ…。,
しかし、最近、ぶっそうなことが続いて\nホント、怖いよ…。,
搬入口には、そこにある認証ＰＣに\n搬入口認証カード２ を指すと入れるよ！,
搬入口へ入る 搬入口認証カード２ を\n持っていないようだね。,
このカードなんだけど\n認証カードとか言っているけど…,
搬入口へ入る 搬入口認証カード２ を\n渡したいんだけど…,
搬入口認証カード２ を手に入れました。,
ここは、第三ホーム直轄の\n駐屯地だよ。,
そこの汚ないコンテナは\n山羊屋とかいう行商の店なんだけど…。,
ガスマスク付けて愛想が良いけど\nあいつら絶対、悪魔だよ…,
悪魔が商売始めるなんて\n世も末だよね…。,
第三ホームへ届くひさしぶりの物資だから\nしっかり働かなきゃね！,
おっ！スネークマンに頼んだ\nデビルバスターさんだね！,
スネークマンから聞いていると思うけど\nバベルから物資が運ばれてくるんだ！,
物資は、僕たち守衛がここから\n運ぶんだけど…,
最近、ここら辺にケットシーが出て\nいたずらするんで、困っていて,
正直、運搬どころじゃないんだ…,
そこで君たちに、ケットシーを倒して\nこの辺りの安全を確保してほしいんだ！,
ケットシーの討伐。\nやってくれるかな？,
ありが……,
えっ！？やらないんだ…\nあっ、そう…。やってくれないんだ……。,
ありがとう！\n２０匹は、やっつけてね！！,
ケットシーは、いたずらが好きでね…\nコンテナなんか、すぐ、ひっくり返すんだ。,
終わったのかい？,
ありがとう！\nこれで安全に物資を運べるよ！,
まあ、ケットシーには悪いこと\nしたけど…しょうがないよね！,
後は、第三ホームに物資を届けるから\n第三ホームの搬入口に行って待っていてよ！,
さっき、赤い頭巾の女の子が\nやって来て,
僕の制止も聞かないで中に入って\nいったんだ…心配だよ。,
だいたい、どこで灰色のプレートを\n手に入れたんだろう……？,
ここの坑道は、なんだかおかしいから\nくれぐれも、気をつけてね。,
灰色のプレートを\nたくさん拾ったんだけど…,
デビルバスターじゃない俺には\n中の悪魔は強すぎて,
宝の持ち腐れだから君に渡すよ。\n使ってくれ！,
スギナミ魔階坑道プレート（灰)を手に入れました。,
中の悪魔は俺には強すぎて…,
…とっ、思ったけど\nそれ以上、アイテムを持てないようだね！,
アイテムを整理してから\n話しかけてね！,
シブヤの南に灰色のビルがあるのを\nご存知ですか？,
なんでも、そこから悪魔が出てくる所を\n見かけた人が居るそうですよ。,
大きな建物で、地図にも載っています。\nもし行くのなら、お気をつけ下さい。,
おやおや、こちらへ進まれるのですか…？\nこの先は、建物の最深部へと向かう道です。,
人間には、急いては事を仕損じる\nということわざがあるようですね。,
あせると良い事がないという意味だそうで。\nいえ、お急ぎならどうぞお通りください…。,
私は、この中の見回りをしております。\nなにせここは、私と主人の家ですから…。,
この先は、危険でございます…。\n進む方を見るたび、悲鳴を聞くのです…。,
一度あちらのお部屋へ入って戻ってきた方は\nこの先へ進んでも悲鳴はあがりません…。,
不思議ですね。なぜでしょう…。\nあなたはおわかりになりますか？,
…私の顔？\nいえいえ、ローブを脱ぐ事はできかねます。,
これはこれは…\n広くて、迷ってしまいそうでしょう？,
ここは元々、ホテルでございましたので。\nそれを私達が…いえ、何でもございません。,
せっかく広い造りにしたのですから\nどうぞ別の部屋へも行ってみてください…。,
あなたならどちらへ進むのでしょうか…\n楽しみ…いえ、どうかお気をつけて…。,
いいところに来たな。,
交換期間は今だけだからな。,
交換について,
さぁ、ブツを見せてもらおうか。,
何を集めているの？,
交換する,
古今東西、あらゆる名品・珍品を扱う俺が\n今一番欲しいのは,
「夏目漱石が描かれた紙きれ」と\n「福沢諭吉が描かれた紙きれ」だ。,
……ん？なんだ、知らないのか？,
昔はみんなこれを手に入れるために\n命を削っていたじゃないか。,
マッカが普及した今、こんな物\n鼻をかむ紙ぐらいにしかならないがな。,
いまどき、こんな紙くずを集めてるのは\n東京広しといえど俺ぐらいだろうから、,
どこかで見つけたら\nドンドン俺のところに持ってきてくれ。,
もちろんタダであげろとは言わないから\n安心してくれ。,
今なら俺の倉庫「珍品倉庫・冬」に\n眠っている品と替えてやるぞ。,
ただし、俺の倉庫はまるで密林だからな。\n何を渡せるかは、神にもわからん。,
たしか、すごい珍品もあったはずだが…,
まぁよろしく頼むぜ。,
どっちのブツを持ってきたんだ？,
「夏目漱石が描かれた紙きれ」×１０,
「福沢諭吉が描かれた紙きれ」×１,
バッグに空きが無いようだ。もうちょっと\nバッグを整理して来るんだな。,
なんだ、持ってないじゃないか。\n早く持ってきてくれ。,
おぉぉ！これだよこれ！たしかにこれは\n「夏目漱石が描かれた紙きれ」だ！,
じゃあ報酬をあげるから\nちょっと待ってろ。倉庫をあさるからな…,
…………………………,
………………,
………,
よし！これだ！,
「フロストスーツ」だ。\n大事にしろよ。,
「ヒーホーキャップ」だ。\n大事にしろよ。,
「敏速の玉」だ。\n大事にしろよ。,
「アンハッピークラッカー２００６」だ。\n大事にしろよ。,
「ハッピークラッカー２００６」だ。\n大事にしろよ。,
「クリスマスクラッカー２００６」だ。\n大事にしろよ。,
おぉぉ！これだよこれ！たしかにこれは\n「福沢諭吉が描かれた紙きれ」だ！,
すまんが、まだ交換はできんのだ…。\n数日のうちに準備が整うだろう…。,
少し前に、お菓子を沢山積んだコンテナが、\n悪魔に襲われちまったらしいんだ！,
そのお菓子ってのが、子供達に大人気の\n『悪魔スナック』らしくってさー。,
オマケの『悪魔カード』ほしさに、\nこのあたりに変なのが集まっちゃってさー。,
まったく…この忙しい時に仕事が\n増えちまって、イヤになっちゃうよ。,
ホント、どこで情報を聞き付けたんだか…\n新宿バベルにはもっと集まってるらしいぜ。,
今、流行りの『悪魔カード』は持ってる？,
持ってる,
持ってない,
悪魔カードってなに？,
『悪魔カード』ってのは、\n悪魔のイラストが描かれたカードなんだ！,
子供はもちろん、マニアの間でも大人気！\nもちろんボクも集めてるんだ！,
けど、ただ枚数だけ集めてもダメ！\n集めるからには、やっぱ役を揃えなくちゃ！,
役ってのは、決まったカードの組み合わせ。\nそうだなあ、例えば…,
ジャックフロストカードとジャックランタン\nカードで、ジャックブラザーズとかね！,
役が揃ったら、ボクのとこに持ってきてよ！\nちゃんとお礼はするからさ！,
そっか…。\nそれじゃ、手に入れたらまた来てね！,
ホントに！？\n何の役が揃ったの？,
ジャックブラザーズ,
真・ジャックブラザーズ,
キングフロスト,
フロストファイブ,
ジャックフロストと愉快な仲魔たち,
揃ってない,
そっか…。\nそれじゃ、役を揃えたらまた来てね！,
えっと…\n『ジャックブラザーズ』の役は…,
ジャックフロストカードを１枚に\nジャックランタンカードを１枚…と。,
うん！\nちゃんと揃ってるね！,
お礼はメディカルパウダー３個でいい？,
貰う,
やめておく,
あれ…？\n揃ってないようだけど…。,
そっか…。\nそれじゃ、気が変わったらまた来てね！,
…と思ったけど、持ちきれなさそうだね。\n荷物を減らしてまた来てね！,
デビルバスターさん、ありがとー！\nまた役を揃えたらよろしくね！,
えっと…\n『真・ジャックブラザーズ』の役は…,
ジャックフロストカードを１枚に\nジャックランタンカードを１枚…,
そして最後の１枚は、\n激レアのジャック・リパーカード！,
デビルバスターさん、凄いよ！\nこの役を揃えるなんて！,
それじゃ出血大サービス！\nお礼は好きなの選んでね！,
ヒーホーキャップ（♂）,
ヒーホーキャップ（♀）,
ランタンハット（♂）,
ランタンハット（♀）,
デビルバスターさん、ほんとに凄いよ！\nこれからも役を揃えたらよろしくね！,
ジャックフロストカードばっかり、\nよく１０００枚も集めたねえ…。,
その根性・気合・ガッツをたたえて、\nキングフロストカードと交換してあげるよ。,
そのキングフロストカードを使えば、\nきっと凄い役を揃えられると思うよ。,
えっと…\n『フロストファイブ』の役は…,
ミルきんフロストカードを１枚に\nいちごフロストカードを１枚…,
そしてレモンフロストカードを１枚に\nさらにメロンフロストカードも１枚…,
そしてそして最後に\nＢハワイフロストカードも１枚…と。,
デビルバスターさん、ありがとー！\nやっぱ『フロストファイブ』は萌えるなあ…,
よーし！　お礼はふんぱつしちゃうぞ！\nどれか好きなのを選んでね！,
むふふ…、ほんとに萌えるなあ…\nあ…、デビルバスターさん、ありがとね！,
えっと…『ジャックフロストと\n愉快な仲魔たち』の役は…,
まずジャックフロストカードを１枚に\nミルきんフロストカードを１枚…,
そしていちごフロストカードを１枚に\nレモンフロストカードも１枚…,
さらにメロンフロストカードを１枚に\nＢハワイフロストカードも１枚…,
あとジャアクフロストカードを１枚に\n最後はキングフロストカードを１枚…と。,
こ、こ、これは…\nまさか幻のこの役が揃うだなんて…,
デビルバスターさん、凄すぎるよ！\nボクにはあなたが神としか思えないよ！,
お礼のヒーホーキャップです！\nどうか…どうかお受け取りを！,
神様ッ！　本当にありがとうございますッ！\nこれからもどうか…、お憐れみをッ！,
お前、デビルバスター？\nだったら『悪魔カード』持ってるだろ？,
『悪魔カード』も知らないのかよ…。\nまったく…、説明するのもメンドーだし…。,
おお！　そうだ！\nそんなに知りたいならヤツに教えて貰えよ。,
ほら、あのターミナルコンピューターの\n隣りに立ってるヤツだよ。,
だったら『アルダー』の役、揃ってる？\nま、あんまり期待はしてないけどね。,
揃ってる,
ま、そんなことだろうと思ったよ。,
なんだよ、ぜんぜん揃ってねーじゃん。\n期待したオレがバカだったか…。,
お前、マジかよ！？\nちょっと、ちょっと見せてくれよ！,
お！\nパールヴァティカードはあるじゃねーか。,
あとシヴァカードだけど…、マジかよ…。\n幻のシヴァカード…、初めて見た…。,
頼む！　頼むから譲ってくれ！\nもちろんタダで譲ってくれとは言わない！,
このギロチンアクスと交換しよう！\nこれならいいだろ？　な？,
なんだよ…、荷物パンパンじゃねーか…。\n早く荷物整理してきてくれよ。,
そんな…。\nそんなこと言わずに頼むよ！　な！,
よし！　チャクラチップもオマケする！\n今度こそいいだろ？　な？　な？,
わかった…、あきらめるよ…。\nけど、どうしてだろう…？　目から水が…。,
よっしゃー！\nこれで第１弾はフルコンプだ！,
よし！\nこれで第１弾はフルコンプだ！,
ここ最近、このあたりで悪魔を倒すと、\nなぜか『悪魔カード』ってのを落とすんだ。,
その『悪魔カード』だけど、\n実はマニアの間で大人気らしくってさ。,
このあたりに集まってるのも皆、\n『悪魔カード』めあてのマニアってわけ。,
元々はお菓子のオマケなんだけどね。\nまったくマニアの世界ってのはわからんよ。,
けど、なんだって悪魔が\nお菓子のオマケなんか持ってるんだろう…？,
このへんに集まってるヒトたち、\n普段はあんまり見かけない顔でしょ？,
なんでもこのあたり一帯の悪魔が落とす\n『悪魔カード』を集めてるらしいの。,
うっかり話しかけたりすると『悪魔カード』\nよこせってホントうるさいんだから…。,
アイテムくれたりするから良いんだけどさ。\nたまーに、かなり珍しい物もくれるしね。,
あ…あ…あのー、お…お…おたくは\n『悪魔カード』は持ってます？,
な…な…なら、教えて貰うと良いですよ。\nく…く…くわしい方が居ますから。,
タ…タ…ターミナルコンピューターの\n隣りに居る方です。,
ぼ…ぼ…ぼくの集めてる役、\nそ…そ…そろってたりします？,
夢魔の宴,
ハーピー三姉妹,
不思議の国,
そ…そ…そうですか。,
そ…そ…そろってないじゃないですか！,
ま…ま…まずインキュバスカード１枚、と。,
そしてコレですよ！\n愛しのサキュバスちゃんのカードですよ！,
そ…そ…そろってるようですね。\nあ…あ…ありがとうございます。,
お…お…お礼はどちらにします？,
ワイルドバギー（♂）,
シフォンスカート（♀）,
ざ…ざ…ざんねんです。,
に…に…荷物を減らしてから、\nまたお願いします。,
サキュバスちゃん…\n今夜は一緒に寝ようね。,
あ、も…も…もう行って結構ですよ。,
愛しのオキュペテーちゃんカード１枚に、\n愛しのケライノーちゃんカードも１枚と。,
そして愛しのアエローちゃんカードも１枚。\n３人とも、すごくかわいいなあ…。,
３人とも…\n一緒にお風呂に入ろうね。,
ストリートシャツ（♂）,
チューブトップ（♀）,
ま…ま…まずベリアルカード１枚、と。\nそ…そ…そしてネビロスカードも１枚、と。,
そしてコレですよ！　コレ！\n愛しのアリスちゃんのカードですよ！,
お…お…お礼ははずみますよ。\nな…な…なんと、バルハラソードです。,
アリスちゃん…\nこれからはずっと一緒だからね。,
オレ、『悪魔カード』集めてるんだけど、\nデビルバスターさんも集めてる？,
集めてる,
集めてない,
そーなの？\n今からでも遅くないから、集めたら？,
知らないなら、教えて貰うといいよ。\nちょうどすごく詳しいヒト、いるからさ。,
ほら、あのターミナルコンピューターの\n隣りに立ってるヒトだよ。,
オレは精霊や天使を集めてるんだ。\nデビルバスターさんは、役は揃ってる？,
火を司る者,
水を司る者,
土を司る者,
風を司る者,
四大精霊,
四大天使,
精霊や天使の役が揃ったら、\nオレのところに来てくれよな。,
『火を司る者』の役はもちろん、\n炎系のカードを集めなくちゃだから…,
サラマンダーカード１枚に、\nちょっとレアなミカエルカード１枚、と。,
うん、ちゃんと揃ってるよ！\nまー、さすがに基本だしね。,
うーん…、\nこの役はまだ揃ってないようだけど。,
お礼はサバイバーベストだけど、\nどっちにする？,
サバイバーベスト（♂）,
サバイバーベスト（♀）,
ま、その気になったらまた来てよ。,
おっと…。\n少し荷物を減らしてから、また来てよ。,
他の役が揃ったら、また来てよ。,
『水を司る者』の役はもちろん、\n水系のカードを集めなくちゃだから…,
ウンディーネカード１枚に、\nちょっとレアなガブリエルカード１枚、と。,
お礼はサバイバーパンツだけど、\nどっちにする？,
サバイバーパンツ（♂）,
サバイバーパンツ（♀）,
『土を司る者』の役はもちろん、\n土系のカードを集めなくちゃだから…,
ノームカード１枚に、\nちょっとレアなウリエルカード１枚、と。,
『風を司る者』の役はもちろん、\n風系のカードを集めなくちゃだから…,
シルフカード１枚に、\nちょっとレアなラファエルカード１枚、と。,
『四大精霊』の役は、火水土風の精霊の\nカードを集めなくちゃだから…,
サラマンダーカードを１枚に\nウンディーネカードを１枚…,
それからノームカードを１枚に\nシルフカードを１枚、と。,
うん、ちゃんと揃ってるよ！\nまー、基本中の基本だしね。,
お礼はトラエストストーン２０個でＯＫ？,
ＯＫ！,
やっぱり四大精霊だな！\n四聖獣なんて敵じゃないよ！,
『四大天使』の役は、ちょっとレアな\n四大天使のカードを集めなくちゃだから…,
ミカエルカードを１枚に\nガブリエルカードを１枚…,
それからウリエルカードを１枚に\nラファエルカードを１枚、と。,
うん、ちゃんと揃ってるよ！\nこれはかなり大変だったんじゃない？,
さすが四大天使！\n四天王とはレベルが違うよ！,
アタシ、『悪魔カード』集めてるんだけど、\nデビルバスターさんも集めてるよね？,
アタシは四聖獣と四天王を集めてるの。\nデビルバスターさんは、役は揃ってる？,
東の守護者,
西の守護者,
南の守護者,
北の守護者,
四聖獣,
四天王,
四聖獣や四天王の役が揃ったら、\nアタシのところに持ってきてね。,
そーなの？\n早く集めないと、ブームに乗り遅れるわよ！,
知らないなら、教えて貰えばいいわ。\nちょうどすごく詳しいヒト、いるのよ。,
ほら、あのターミナルコンピューターの\n隣りに立ってるヒトよ。,
『東の守護者』の役は、\n東方を守る四聖獣と四天王のカードだから…,
セイリュウカード１枚に、\n少しレアなジコクテンカード１枚、と。,
うん、ちゃんと揃ってるわよ！\nま、これは基本だしね。,
お礼はケブラーベストだけど、\nどっちにするの？,
ケブラーベスト（♂）,
ケブラーベスト（♀）,
ま、気が変わったらまた来てね。,
あら…、\nちょっと荷物を減らしてから、また来てね。,
他の役を揃えたら、また来てね。,
『西の守護者』の役は、\n西方を守る四聖獣と四天王のカードだから…,
ビャッコカード１枚に、\n少しレアなコウモクテンカード１枚、と。,
お礼はケブラーパンツだけど、\nどっちにするの？,
ケブラーパンツ（♂）,
ケブラーパンツ（♀）,
『南の守護者』の役は、\n南方を守る四聖獣と四天王のカードだから…,
スザクカード１枚に、\n少しレアなゾウチョウテンカード１枚、と。,
『北の守護者』の役は、\n北方を守る四聖獣と四天王のカードだから…,
ゲンブカード１枚に、\n少しレアなビシャモンテンカード１枚、と。,
『四聖獣』の役は、\n東西南北を守る四聖獣のカードだから…,
セイリュウカードを１枚に\nビャッコカードを１枚…,
それからスザクカードを１枚に\nゲンブカードを１枚、と。,
うん、ちゃんと揃ってるわよ！\nま、基本中の基本だしね。,
お礼は三日月の具足だけど、\nどっちにするの？,
三日月の具足（♂）,
三日月の具足（♀）,
やっぱり四聖獣よね！\n四大精霊なんてメじゃないわ！,
『四天王』の役は、\n東西南北を守る四天王のカードだから…,
ジコクテンカードを１枚に\nコウモクテンカードを１枚…,
それからゾウチョウテンカードを１枚に\nビシャモンテンカードを１枚、と。,
うん、ちゃんと揃ってるわよ！\nこれ、かなり大変だったんじゃないかな？,
スカルジャージ（♂）,
スカルジャージ（♀）,
さすが四天王！\n四大天使とは格が違うわ！,
………『悪魔カード』くれ。,
渡す,
………ターミナルコンピューターの隣り、\nアイツに聞け。,
………チッ。,
………どの役？,
地獄の門番,
地獄,
………ゴズキカード、１枚。,
………メズキカード、１枚。,
………揃ってる。,
………お礼は？,
………ウソツキ。,
………荷物、持ち切れないじゃん。,
………ありがとう。,
………ヤマカード、１枚。,
………本当にありがとう。,
あなたも『悪魔カード』集めてるの？,
あなた、知らないの？\nそれならあのヒトに教えて貰うと良いわよ。,
ほら、ターミナルコンピューターの隣りに\n居るあのヒトよ。,
私はストーリー性のある役を揃えてるの。\nあなた、役は揃ってる？,
ベストフレンド,
真夏の夜の夢,
八岐大蛇,
あら…、残念だわ。,
残念ながら敗れてしまった\nフォルネウスのカードを１枚。,
そしてそのフォルネウスをずっと待ってた\nデカラビアのカードを１枚。,
ちゃんと揃ってるようね。\nあなた、この２枚だってよくわかったわね。,
あら…、この役は揃ってないようだけど。,
何かほしいもの、ある？,
あら…、荷物が持ちきれないようだけど？,
お礼はそれで良いのね？\nごくろうさま。,
オベロンに悪口を言いまくる\nティターニアのカードを１枚と、,
そんなティターニアに言われっぱなしの\nオベロンのカードを１枚。,
もう少しで生け贄になるところだった\nクシナダヒメのカードを１枚。,
そしてクシナダヒメを救った\nスサノオのカードを１枚。,
最後に諸悪の根源だった\nヤマタノオロチのカードを１枚。,
ちゃんと揃ってるようね。\nあなた、この３枚だってよくわかったわね。,
あら…、\nこの役はまだ揃ってないわよ。,
お礼はスカルジャージだけど、\nどっちにするの？,
仕方ないなあ…、この役は揃えるの大変だし\n特別にヒントあげちゃう！,
とにかくジャックフロストカードを\n集めて…集めて…集めまくるんだ！,
それじゃがんばってねー！\nゼッタイにあきらめないでねー！,
プレートをはめよ…,
使用しない,
そのプレートは持っていません。,
>プレートを使いますか？,
ダンジョンが生成されました。,
プレート銅,
プレート銀,
スギナミ魔階坑道プレート（銅）,
スギナミ魔階坑道プレート（銀）,
スギナミ魔階坑道プレート（金）,
第二ホームプレート（銅）,
第二ホームプレート（銀）,
第二ホームプレート（金）,
魔階セルタワープレート（銅）,
魔階セルタワープレート（銀）,
魔階セルタワープレート（金）,
旧イチガヤ駐屯地プレート（銅）,
旧イチガヤ駐屯地プレート（銀）,
旧イチガヤ駐屯地プレート（金）,
スギナミ魔階坑道プレート（灰）,
第二ホームプレート（灰）,
魔階セルタワープレート（灰）,
旧イチガヤ駐屯地プレート（灰）,
シンジュクドックへ行く,
シンジュクドックへご案内いたしますか？,
了解いたしました。\nシンジュクドックへご案内いたします。　　,
シンジュクドックは悪魔の巣窟と\nなっています。気をつけてください！　　　,
>画面に文字が表示されている。\n「ロックセキュリティ解除システム」,
ＰＣを操作した。どこかで扉が開く音が聞こえた…。,
>画面に文字が表示されている。\n「魔除け祈願プログラム」,
ＰＣを操作した。漂っていた殺気が消えたようだ…。,
やあこんにちは！\n命知らずなデビルバスターさん！,
近くにある光っている物について聞く,
そっか、この装置に興味があるんだね！\nボクの歯の様に光っているもんね、ハハハ！,
これ、ボクらは石板って呼んでるよ。\n鍵を挿し込むと、建物の中に入れるんだ。,
鍵と言っても、普通の鍵じゃあない。\n三角の…プレート、とか言ったかな。,
プレートにも色々あって、この建物に\n合うものじゃないと、中には入れないんだ。,
入る事ができるのは建物に限らなくて、\n地下や洞窟なんかにも行けるらしい。,
石板にプレートを使うと、\n建物などに入れる！わかったかな？,
プレートの色について聞く,
ひとつの場所に使えるプレートにも、\nいくつか種類があるのを知ってるかい？,
見分けるポイントは、プレートの色。\n綺麗な色のものを拾ったら注意しろよ。,
使うプレートの色が豪華だと、中に棲む\n悪魔も豪華になるという怪しさだ！,
広さや階数が変わるって噂も聞いたよ。\nすごいよね。キミも気をつけて使うんだぞ！,
なぜ命知らずなのか聞く,
なぜって、キミはこの中に\n入りにきたんじゃないのかい？,
ここの怖さを知らないんだな。\nよーし、親切なボクが教えてあげよう！,
まず、入る度に中の形が変わるみたいだ。\nいつも同じ形とは限らないらしい。,
ちなみにボクは、この中に入った事はない！\nここにくる人に注意を促すのが任務なんだ！,
ひとりで暇ではないか聞く,
たしかに！ボクは友達が居ない！\nいいんだ！笑ってくれ！！,
でもここに立ってると、何人か一緒に\n石板に入っていく人達を見かけるよ。,
誰かがプレートを使うと、そのお仲間は\n石板にさわるだけで中に入れるみたいだ。,
いいよなあ、仲間って。\nキミも、いつでもボクに話しかけてくれ！,
石板の向こう側について聞く,
そこの石板にプレートを使って、\n中に入った場合なんだけど…,
プレート１枚を使う毎に、\n違う場所に入るみたいなんだ。,
例えばね、何人ものデビルバスターが\n１枚ずつプレートを使うとするだろ？,
すると、それぞれが違う場所に入るんだ。\n中で会う事もなかったらしい…不思議だろ？,
ただ、プレートを使う時、一緒に組んで\n行動していた仲間は同じ空間に行ける。,
石板の向こう側には、\n一体どれだけの空間があるんだろうね。,
脱出方法を聞く,
石板の向こう側へ行ってから、\nギブアップしたくなる事もあるだろう。,
それもいいさ、無理する事なんてない。\nきた道を歩いて石板まで戻れば出られるぞ。,
あと、さわると石板まで瞬間移動できる\n不思議な装置なんてのもあるらしい。,
でも、一度石板まで戻ったら、二度と\nさっきまで居た場所には行けなくなるんだ。,
新しくプレートを使っても、前に行った\n場所とは別の場所に入ってしまうからね。,
中に仲間が居ても、そいつらが出てくるまで\n合流できないから気をつけるんだぞ。,
それから、ろぐあうと…だったかな、\nそれをすると、石板に移動しちゃうらしい。,
この間、デビルバスター達が噂してた。\nキミも、実際に中に入って試してみなよ。,
石板やプレートの正体はボクにもわからん。\n知っている人が居たら、教えてもらえ！な！,
守衛には、さわやかなヤツが多い！\nハハハ！,
ここの怖さを知らないなら、\nボクが教えてあげるよ！,
石板の向こう側は、入る度に変動するんだ。\nつまり毎回同じ地形に行けるとは限らない。,
２度目に入った時は、初めて入った時とは\n違う地形になっているかもね。,
まあ、ボクも詳しい事は知らないんだ。\nハハハ！,
「ヴァーチャルバトル」は、もう良いのか？,
「ヴァーチャルバトル」は、お前たち\nデビルバスターに基本を教える施設だ。,
受けておいても損はないと思うがな…。\nまあ、良いだろう。,
それでは、この部屋を出て\n第三ホームの街に出るといい。,
この部屋を出ると 守衛 が立っているが\nそいつに話しかけてみてくれ。,
なにか、お前に頼みたいことが\nあるらしいぞ！,
デビルバスターの基本訓練は\n済んだようだな！,
精神と物質の狭間に、また彷徨人が\nやって来たか…。,
調子はどうだ？,
ここらも昔は静かだったが、随分と\n悪魔が増えて騒がしくなったもんだ…。,
よお！彷徨人か！,
基礎訓練は済んでいるようだな。,
リーダーピクシーで話もできる！！,
それでは、仲魔になったところ悪いが\nそのピクシーを、渡して貰おうか！,
ん…？,
そのピクシー\nお前と離れるのを嫌がっているのか？,
そうか！！,
それでは、遠慮なくいただこうか…。,
フム…。,
フム、フム…。,
…オベリスク？,
どうやら、コイツらは第三ホームから\n東にある樹海からやってきたらしいな…。,
ピクシーを渡してくれた報酬として\n１０００マッカを渡そう。,
あと、コイツ、変な石を持っていたな…\nついでだ！とっておけ！,
「１０００マッカ」を手に入れました。,
貴重品「オベリスクの石片」を受け取りました。,
何か知らんが、そのピクシーが\n持っていた物だ！ とっておけ！,
貴重品「小さなオベリスクの破片」を受け取りました。,
ピクシーが喜んでいます！！,
良いところに来てくれた。\nちょうどお前に頼みたい仕事があるんだ。,
デビルバスターとして、ホームと外を\n行き来するお前なら気付いたと思うが…,
ここ最近、妖精ピクシーだけではなく\n地霊コダマまで急激に数を増やしつつある。,
これが一時的な物なら良いのだが…\nなんだか胸騒ぎがしてな。,
そこで邪教の主に調査を頼んだのだが、\nデビルバスターの手助けを求めてきたのだ。,
お前、邪教の主の手助けをしてくれないか？,
手助けをする,
断る,
邪教の主は、邪教の館に居るはずだ。,
それでは頼んだぞ！,
邪教の主の手助けは順調か？,
おお、それは調査報告書じゃないか。\n邪教の主、仕事の速さはさすがだな。,
さっそく読ませて貰うとしよう。\nどれどれ…,
………………………………………\n…………………なんだと…,
…………悪魔が凶暴化！？\n…………………爆発的に増殖！？,
…第二ホームが悪魔の襲撃を受けたと聞く…\nこのままでは第三ホームも…。,
…ん？　ああ、そうか。\nまだお前に報酬を渡してなかったな。,
１５００マッカだ。\n受け取れ！,
今、お前に任せられる仕事は特に無いな。\nまた何かあったら、よろしく頼む。,
ところで、お前は今の東京がどうして\nこうなったか知ってるのか？,
そりゃそうだな…。,
そうか……まあ良い、教えておこうか。,
信じられんだろうが、かつての東京は\n悪魔の居ない地だった…。,
しかし、俺たち人間は、争いから\n核を暴発させ、自らの地を滅ぼし……,
悪魔を、この地に誘引してしまった…。,
人間は、悪魔にすがるように生き\nそして悪魔の言葉に従い人間同士で争った。,
しかし、文明が滅びても人間同士で争う姿に\n神の怒りにでも触れたのか、大洪水がおき…,
多数の人間と悪魔が死に\n全ての争いが止まった…。,
これら一連の崩壊を東京大破壊と言う\nまあ、俺が生まれる前の話だ…。,
いつの世も、俺たち人間は\n救いがない生き物ってことだな…。,
どうやらデビルバスターのようだが…。,
召喚ＣＯＭＰ は、あるようだが\nライセンスは持っていない無免のようだな…,
不思議な奴だ……。,
…まあ、良いだろう。,
先に述べたが、俺は、お前たち\nデビルバスターの面倒を見ている者だ。,
お前たちデビルバスターは\n名の通り悪魔を狩る者だが…,
その召喚ＣＯＭＰ を使えば\n悪魔を仲間にすることもできる…,
召喚ＣＯＭＰ を扱うお前たち\nデビルバスターしかできない仕事があるが…,
やってみるか？,
デビルバスターの仕事を\nやる気はあるか？,
そうか!!,
ここ最近、第三ホームの外に 妖精ピクシー\nが出現するようになった。,
ピクシーは自分から人を襲うことは\nないので、まず心配はないのだが…,
このまま増えるのを\n放置することもできん!,
この辺りを拠点にしている\nデビルバスターの話によると,
ピクシーに話を聞きたいのだが\n普通のヤツでは話にならん。,
群れの頭となるヤツが\n居るはずだ！,
その群れの頭となるピクシーを\n交渉で仲魔にし連れて来い！,
もうわかったと思うが\nお前に捕まえてきて欲しいのは,
その「リーダーピクシー」だ！！,
Ｌｖが高いと、なお望ましい！,
Ｌｖを高くして連れてきてくれたら\n報酬は弾ませてもらう！,
俺からの初のミッションだ。\n頼んだぞ！,
そうか、気が向いたらまた来い。,
ん…！？\nお前が連れている、その悪魔…。,
お前が連れている\nその悪魔…ピクシー だな…。,
ライセンスは持っていない無免のようだが…\n召喚ＣＯＭＰ は、使えるのだな。,
お前が連れている ピクシー だが…,
ここ最近、第三ホームの外で\n見かけるようになった。,
奴らが出現しだした理由が知りたい。,
そこで、俺からの仕事だが…\nやってみるか？,
デビルバスターの仕事だが\nやってみるか？,
Act.1 「仲魔」,
どうだ？\n群れの頭となるピクシーは捕まえられたか？,
第三ホームを出て南にある崖で\nピクシーの群れが、目撃されたそうだ。,
群れの頭を捕まえたら\n召喚して俺の前に連れて来い。,
ムッ！！ そのピクシーは！！\nなるほど、ふむ… ,
どうやら目的のピクシーの捕獲は\nできたようだな！！,
しかし……ウ～ム…。,
オツムが弱そうだ……話にならん…。,
すまんが、せめてＬｖ９以上にして\nから連れてきてくれ。,
どうも弱そうだが\nまあ、そいつでも良いか…。,
では、せっかく仲間になったところすまんが\nその「リーダーピクシー」を渡してもらおう！,
仲間は渡さない！,
もっと育てる,
そいつとは別れることになるが\n構わんのだな？,
そいつとは別れることになるが\n構わんのだな？　まあ、俺はいいが……。,
構わない,
考え直す,
そうか…まあ良いだろう。\n報酬の○○○○を渡す。,
Act.1 「仲魔」クリア,
「○○○○」を手に入れました。,
少しＣＨＡＯＳに傾きました。,
…ん？,
報酬を渡したいのだが\nそれ以上、物を持てないようだ。,
荷物を持てるように\n整理してから来てくれ。,
なんだ？情でも移ったのか？,
そいつを、渡さなければ報酬は渡せないが…\nそれでも良いのか？,
渡さなければ\nミッション失敗となるが、良いのか？,
そうか！\nその心根、気にいった！,
誰が、言い出したのかは知らんが\n仲間になった悪魔は、仲魔 と呼ぶそうだ…,
せいぜい仲魔を、大事にしてやれ…。,
報酬はくれてやるわけにいかないが、\n仲魔思いのお前には、俺から餞別をやろう。,
少しＬＡＷに傾きました。,
悪魔の仲間は 仲魔 と書く…。,
一緒の時間が長ければ\nそれだけ渡しづらくなるぞ…。,
まあ、それも構わんが…。,
ウム。\nなかなかのピクシーだな。,
ほお～。\nだいぶ強いピクシーだな！,
ほお～！ここまでのピクシーは\nなかなかお目にかからないな。,
ほお～！ここまでのピクシーを\n見たことがないぞ！！,
なっ…！,
なんだ、そのピクシーは…？,
それは本当にピクシーなのか？\nピクシーと言っても良いのか？,
こうして見ると、通常のピクシーと\nずいぶん違いがわかるな…,
しかし、そんなに高いＬｖのピクシーを\n持ってこられても…,
すまんが\n見合った報酬を用意はできん…,
それでも良いというなら貰うが…\nお前の判断次第だ…。,
受け取れ、○○○○だ！,
ＣＨＡＯＳに傾きました。,
ＬＡＷに傾きました。,
大きくＣＨＡＯＳに傾きました。,
大きくＬＡＷに傾きました。,
また来たか彷徨人…。,
最近、第三ホームの外に\n地霊コダマが出現するそうだな…。,
前回、ピクシーの捕獲を依頼したが…,
最近ではピクシー以外に、\nコダマも随分見られるそうだな…,
ナカノから流れてきた連中らしいが…,
誰か、第三ホーム周辺のコダマを\n仲魔にしている奴がいたら教えてくれ…。,
合体で作成したコダマじゃなく、\n第三ホーム周辺のコダマだぞ！,
ほぉ……お前が連れているのはまさしく\n第三ホーム周辺にいるコダマだな…,
第三ホームの邪教の主が\nそのコダマに興味があるらしく,
コダマを連れているデビルバスターに\n仕事を頼みたいそうだ。,
仕事の内容は「魂のかけら」とやらを\n集めるとか言っていたが……,
詳しくは本人に聞いてみてくれ。,
受ける気があるなら話は通しておこう…,
邪教の主からの仕事、やってみるか？,
そうか……,
あの館を、人は邪教の館と呼ぶ。,
いつ、いかなる理由でできた\n団体かは知らんが…,
世界中の神や悪魔を一緒くたに扱い\n背徳行為を行っている連中だ…,
ただし、それだけ悪魔についての\n知識は豊富だ。,
お前たちデビルバスターも邪教の館には\n足しげく通うことになるだろう…。,
では、邪教の主には連絡をしておく。\nしっかり仕事をこなして来い…。,
Act.2 「予兆」,
ほお。\n邪教の主からの礼状か…。,
見た目も薄いが、中身も薄い…。\nまあ、かまわん。,
邪教の主からの報酬を受け取れ！,
うむ、お前への礼が書かれている。,
ふむ、随分と頑張ったようだな。\n幾重にもお前への礼が書かれている。,
……随分とぶ厚いな。\n長すぎて最後まで読む気もせん。,
んっ？巻物？,
おいっ！\nお前、何をしたんだ！,
これは、礼状とは名ばかりの\n詫び状じゃないか！,
「…勘弁してください」\nと書かれてある……。,
……。,
……まあいい\n邪教の主からの報酬を受け取れ！,
Act.2 「予兆」クリア,
魂のかけらの件は順調か？,
邪教の主から話を聞いて\n手伝ってやってくれ。,
コダマの連中は以前はナカノに現れ、\nナカノを樹海化させたが…。,
ここもそうするつもりなのか…？,
「１０００マッカ」受け取りました。,
「１５００マッカ」受け取りました。,
何が望みだ？,
スネークマンの使いか！\n待っておったぞ。,
早速、仕事の話じゃ。,
ここ最近、第三ホーム近辺に\n地霊コダマが出現するそうじゃが,
その「コダマ」は地霊と呼ばれるだけあり\n他の悪魔より純度の高い精神体なのじゃ。,
まあ…精神体などと言っても\n意味がわからんじゃろうが……。,
そのコダマを倒すと、稀にじゃが\nかすかに精神体を残すことがある。,
ワシらはその精神体のかけらを\n「魂のかけら」と命名した。,
その「魂のかけら」は\nそうそうこの世では拝めぬのじゃが…,
とある実験にどうしても必要となる。\nそこでお主の出番というわけじゃ。,
地霊コダマから「魂のかけら」を\n最低でも２０個は集めてきてくれ！,
頼んだぞ…。,
地霊コダマを倒し、魂のかけらを集めましょう。,
おお、「魂のかけら」を\n集めてきてくれたか！,
「魂のかけら」はコダマのような霊的存在に\n近い純度の高い精神体のかけらじゃ。,
ある実験に使うので、最低２０個は頼む…。,
…んっ？,
しかし……うーむ…\n残念だがこれだけでは実験ができん。,
すまんが、\n最低でも２０個は持ってきてくれ。,
うむ、これだけあれば\n練成の実験には問題ない……。,
それでは「魂のかけら」を\n２０個もらおうか！,
それでは「魂のかけら」を\n４０個もらおうか！,
それでは「魂のかけら」を\n６０個もらおうか！,
それでは「魂のかけら」を\n８０個もらおうか！,
そ、それでは……「魂のかけら」を\n１００個、もらおう……。,
しかもこんなにも……\nありがたいことじゃ！,
こっ、こんなにも集めてきてくれたのか！！\nありがたや……,
な、なんという量じゃ！,
コ、コダマの死骸が目に浮かぶ……。,
いやまあ、頼んだのはワシなんじゃが……。,
うむ、ではいただこう…。,
そもそも悪魔はみな、\nこの「魂のかけら」と同じ精神体じゃ。,
しかし、この物質世界に現れるために\nその身を外殻で覆っておる……。,
ワシらは悪魔を合体させ\n外見、強さなどを変えるが…,
全ての悪魔が精神体であることには\n変わりは無い……。,
つまり悪魔合体とは、魂と魂の合体であり\nふれあい！融合！至高の芸術ッ…！,
じゃんじゃん、ワシらに悪魔をよこし\nこの至高の研究に協力してほしい！！,
…とっ、まあ、お前さんに\n熱く語っても、しょうがないか…,
この「魂のかけら」は\n新たな練成の実験に使わせてもらう…。,
成功すれば、お主たちデビルバスターの\n役にもたつかもしれん。,
スネークマンには礼状を書いておくので\n持って行けば報酬を渡されるじゃろう。,
ありがとう、感謝する。,
ほお～、それはありがたい！,
２０個、４０個、６０個、８０個……\nまあ多くても１００個だな。,
多ければ多いほど練成実験ははかどるが\n１００個以上は流石に要らんぞ！,
いっ…！,
いや、もういらん！\nワシ、これで十分じゃから……。,
ほら、コダマも可哀想じゃし……。,
もう十分じゃから…。,
貴重品「邪教の主からの薄い礼状」を入手しました。,
貴重品「邪教の主からの少し厚めの礼状」を入手しました。,
貴重品「邪教の主からの厚い礼状」を入手しました。,
貴重品「邪教の主からのブ厚い礼状」を入手しました。,
貴重品「邪教の主からの巻物の礼状」を入手しました。,
「魂のかけら」を渡す,
もっと集める,
スネークマンに報告に向かいましょう。,
スネークマンの使いか…、待っておったぞ。\n早速仕事の話をしようか。,
最近、この辺りに地霊 コダマが\n多く出現するようになった。,
コダマは 地霊 と呼ばれているだけあり\nほかの悪魔より純度の高い精神体じゃ。,
まぁ…、精神体などと話されても\nわけがわからんだろうが…,
そのコダマを倒すと、ごく稀に純度の高い\n精神体の結晶「魂のかけら」を落とす。,
「魂のかけら」を、現世で採取することは\nよほど運がよくなければ不可能じゃろうな…,
だが、現世と異界のハザマにあるあの場所…,
「スギナミ魔階坑道」に住むコダマからなら\nおそらく容易に採取できるであろう…。,
その「魂のかけら」が悪魔の調査に\n１０個ほど必要なのじゃ。,
そこでおぬしには「スギナミ魔階坑道」に\n潜って採取をお願いしたい。,
「スギナミ魔階坑道」は第三ホームを出て\n南東の方向にある。,
この「プレート」を持っていくがよい。\nこれで坑道に潜ることができる。,
だが「スギナミ魔階坑道」は非常に危険な\n場所じゃ。,
街で仲間を探していった方が身のためだと\n忠告しておこう。,
では…、よろしく頼む。\n「魂のかけら」を１０個だぞ。,
「スギナミ魔階坑道プレート（銅）」を手に入れました。,
うむ。\nでは、いただこう。,
そもそも悪魔は、この「魂のかけら」と同じ\n精神体じゃ…,
しかし、この物質世界に出るために\nその身を外殻で覆っておる。,
我らは悪魔を合体させ\n外見、強さなどを変えるが…,
全ての悪魔が精神体であることには\n変わりがない…,
つまり合体とは「魂と魂の融合」であり\n終わりなき至高の研究じゃ。,
新たなる合体の研究のため、おぬしには\nどんどん悪魔を連れてきてほしいものじゃ。,
さて…、「魂のかけら」の調査をするので\nしばしの間、待っていてくれるか。,
……………………………。\nフーム………やはりそうか。,
…………………。\n待たせたな。,
調査報告書を書いた。\nこれをスネークマンに渡してくれ。,
また頼むことがあるかもしれんな。\nそのときはよろしく頼むぞ。,
「魂のかけらの調査報告書」を手に入れました。,
…むっ。\nこれだけでは調査実験ができん…。,
すまんが、\n最低でも１０個は持ってきてくれ。,
うむ…これだけあれば\n調査実験に問題は無い。,
それではその「魂のかけら」を\n１０個貰おうか。,
…むっ。\nおぬし、随分荷物を持っておるな……。,
一度荷物を減らしてから、\nもう一度訪ねて来るが良い……。,
Act.3 「襲撃」,
Act.3 「襲撃」クリア,
彷徨人か…\n前回はご苦労だったな。,
前回はご苦労だったな。,
新宿バベルから運ばれてくる物資の\n搬入作業の仕事があるのだが……,
力仕事なうえに、人手を必要としていてな…\nこの仕事を受けるには、条件がある。,
自分がＬｖ１０以上であり\n３名以上のパーティーであることだ。,
条件を満たしたら、声をかけてくれ。,
ひ～、ふ～、み～……,
ウム！\n力もあり、頭数も揃っている。,
お前たちになら安心して\n仕事を頼めるというものだ。,
ここから東に見える、新宿バベルから\n第三ホームに供給物資が送られてくる,
第三ホームをはじめ、各ホームの機能は\nバベルからの供給で成り立っているのだ。,
その物資と共にイノセントという連中も\n運ばれてくるのだが…,
彷徨人は、イノセントを知っているか？,
イノセントを知っているか？,
この東京で労働力のために造られた\n人造人間のことだそうだ。,
いわば人工の奴隷だな…。,
ただし生身の人間と違い自己の意識が乏しく\n感情というものを持っていない。,
苦しみや悲しみを感じることが無いかわり、\n喜びや楽しみも感じないということだ。,
そのイノセントが、\n物資とともに運ばれてくるわけだが,
その搬入作業の人員を募集している。\nどうだ、やるか？,
そうか。では、その搬入作業の人員を\n募集しているのだが。どうだ、やるか？,
搬入作業の仕事、やるか？,
そうか。物資の搬入は、守衛 たちが\n仕切っている。,
スギナミ北部のキャンプに居る 守衛 から\n詳細を聞いてくれ。がんばれよ！,
搬入作業は上手くいっているか？,
あと、もう一息のようだな。,
搬入口へは[搬入口管理者]に\n話すと行けるぞ。,
どうやら、大変な任務だったようだな…,
どうやら、大変な任務だったようだな。\n守衛たちが、感謝していたぞ。,
第二ホームは襲撃を受け\n壊滅したと聞くが…,
今回の悪魔たちと関係があるのか…\nキャンプ付近のシキガミの件も気になる…。,
これから忙しくなるかもしれんな…。\nひとまず報酬だ。ご苦労だった。,
「２０００マッカ」受け取りました。,
ここは、第三ホーム直轄のキャンプだよ。,
おっ！スネークマンに頼んでいた\nデビルバスターさんだね！,
物資は、僕たち守衛がここから&#10;\n運ぶんだけど…,
最近、ここら辺に ケットシー が出て&#10;\nいたずらするんで、困っていて…,
正直、運搬どころじゃないんだ。,
そこで君たちに ケットシー を倒して&#10;\nこの辺りの安全を確保してほしいんだ！,
ケットシー は大きいのと普通のと&#10;\n小さいのが居るんだけど…。,
小さいのだったら僕でも&#10;\n簡単に追い払えるんだ。,
君には普通のを２０匹&#10;\n大きいのを１匹　頼むよ！,
それじゃあ、お願いだよ！,
お疲れ様。ケットシー は\nまだまだいるようだけど,
これで多少はマシになるよ。\n助かった、ありがとう！,
と。言いたい所なんだけど…,
悪いが、\nもう一仕事お願いしたいんだ…,
イノセントと物資はここから東にある\n崖下の道を通って来るんだけど,
その道には イヌガミ という&#10;\n凶暴な悪魔が出るんだ。,
こいつらは ケットシー なんかより&#10;\nよっぽど性質が悪くて…,
僕達じゃ、まったく歯が立たない。,
そこで イヌガミ を２０匹&#10;\n退治してきてほしい。,
そしてもう一つ。&#10;\nちょっと気味悪い話なんだけどさ…。,
最近、この辺りじゃ見なかった&#10;\n薄べったい妙な奴まで現れたんだ。,
確か シキガミ って言ったかな…,
あいつ、普通の悪魔と違って&#10;\n何か目的を持っているというか…,
このキャンプを見張ってるような&#10;\n気がするんだよな…。,
気のせいかもしれないけどさ&#10;\nどうも気味が悪いんだよ…。,
そこで、この辺りに出没する&#10;\nシキガミ も１匹退治して欲しいんだ。,
いいかい、 イヌガミ を２０匹、&#10;\nシキガミ を１匹だよ。,
奴らと互角に戦えるのは&#10;\n君たちデビルバスターだけなんだ…,
頼むよッ！,
そういえば シキガミ を作り出して\n使役する術があるって噂で聞いたことが…。,
確か、いん…いや、おん…ナントカ？\nうーん、思い出せない。,
もしかしたらあの シキガミ は、\n誰かが放った物なんだろうか？,
もしそうだとしたら一体、\n誰が何のために……？,
お疲れ様、助かったよ。&#10;\nさすがはデビルバスターだね。,
考えても仕方ないか。\nまずは搬入作業を終わらせなきゃね。,
君のおかげでだいぶ助かったよ。\nありがとう！,
後は、第三ホームに届けるだけだね。,
第三ホームの搬入口に行って&#10;\n搬入口管理者 に教えてやってくれ！,
仕事を頼みたいが&#10;\n今のお前では頼りないな…,
自分がＬｖ１５以上になったら&#10;\n声をかけてくれ。,
お前は、スギナミにある不思議な坑道には&#10;\n行ったことがあるか？,
なんでも悪魔どもが落とすプレートを&#10;\n使うと中に入れる不思議な坑道で,
魔界と繋がる地として&#10;\n魔階坑道と呼ばれているそうだ…。,
どこの、どいつが、なんのために&#10;\n造ったかは知らんが…,
魔界では無く、魔階と言うのが&#10;\nおシャレだな！！,
………うむ。\n本題に戻るぞ。,
スギナミ魔階坑道プレート（銅） を&#10;\n持っている奴が居たら教えてくれ。,
ん？そのプレートは…？,
スギナミ魔階坑道プレート（銅）&#10;\nじゃないか！,
そいつを持っている奴を探していたのだが&#10;\nお前が持っていて良かった。,
邪教の主 が、そのプレートに &#10;\n興味があって見せてほしいそうだ。,
邪教の主 にそのプレートを&#10;\n見せてやってくれないか？,
スギナミ魔階坑道プレート（銅）を\n邪教の主 に見せてやってくれないか？,
これで魔階がどういう存在なのか&#10;\n少しは解明できるかもしれん。,
それでは、頼んだぞ！,
仕事の方は上手くいってるか？&#10;\nまあ、お前なら心配ないだろうがな！,
プレートを使って入る魔階坑道に現れる&#10;\n悪魔は地上の奴より強力な場合が多い。,
奴らの住む世界との繋がりが&#10;\n強いのかもしれんな…,
まあ、中に入る際は気をつけろ。,
旧世界の石？,
旧世界のガラクタを集めている奴が&#10;\nスギナミに居たが…。,
声をかけてみると良いかもしれん。,
ほお、旧世界の石 を手にできたか。&#10;\n良かったな。,
あの場所は、以前第三ホームを造ろうとした&#10;\n場所だったが、事故が多発してな…,
スギナミのあちこちにある穴のほとんどは&#10;\n第三ホーム建造失敗の傷跡だ…,
多くのイノセントと人間が死んでいった。\n第三ホームは彼らの犠牲の上にあるのだ…。,
邪教の主がプレートを作る？&#10;\n…上手くいくのか？,
ほお…灰色のプレートか…&#10;\n珍しいな。,
魔階坑道のことが少しは&#10;\n解るかもしれんな…,
ただ、どんな結果になるか解らん…&#10;\n気をつけろ！,
おお…！お前がスネークマンの使いか。,
では、さっそくプレートを見せてくれ。,
………………………。,
……ぬぅ…,
……なるほど…,
………見事。\nじつに高度な練成がなされておる。,
お主は、このプレートが如何なるモノか\n理解しておるか？,
ほぅ、そうか。\n考えていることは同じようじゃな。,
推測するにこれは悪魔を素材に練成\nされた代物…。,
既存技術での生成は困難に思われるが、\n一度試してみようと思うのじゃ…,
そこでデビルバスターである\nお前に頼みたい。,
高Ｌｖの悪魔１体と\n旧世界の石 を調達してきてくれぬか？,
待っておるぞ…。,
…まぁ解らなくて当然じゃ。,
このプレートはな、非常に特殊な素材で\n構成されておる。,
その練成の素材とは、旧世界の石 に…,
…高レベルの悪魔の肉体…っ！,
いわばこのプレートは、魔界と\nこの世を繋ぐための人柱…。,
いや…悪魔柱というべきじゃな。,
ふふ…誰が創ったか知らんが,
同じく悪魔の練成に携わる者としては\n興味がそそられるわい…,
そこでお前に頼みがある。,
高レベルの悪魔１体と\n旧世界の石 を調達してきてくれぬか？,
お前がスネークマンの使い？,
例のプレートを持っておらんようじゃが？,
高レベルの悪魔は交渉で手に入れるか…\n手持ちの仲魔を育てるがいい。,
旧世界の石 はスギナミで廃品回収を\n生業にしている者を訪ねてみよ…。,
ほお…。,
お前が連れている逞しき悪魔に…\nその手に見えるは旧世界の石か…,
ウム。,
これならば、例のプレートを\n創れるやも知れん。,
すぐに練成の準備に取り掛かろう。,
次の満月の時までしばらく時間がほしい。,
お前の働きには成功を持って答えようぞ。,
プレートの生成に必要な素材は…,
高レベルの悪魔と…\n旧世界の石…,
お前の連れている仲魔は申し分ない…。,
あとは、旧世界の石じゃ。,
スギナミで廃品回収を生業にしている\n者を訪ねてみよ…。,
今、お前が連れている仲魔では\n素材にはなりえん…,
より逞しき仲魔を連れて来るのじゃ。,
…おお…っ！\nたった今プレートを生成できたぞ！,
しかし、幾度となく練成を繰り返し、\n試行錯誤したものの…,
銅色のプレートを生成するには\nいたらなかった…。,
しかし、まあ、良い。,
早速このプレートを\nスギナミ魔階坑道で使ってみてくれ。,
色は違えどある程度の効果は\n見込めるはずじゃ。,
もし無くなったらまた取りにくるがいい。,
それでは、気をつけてな。,
もう少しで生成出来るんじゃが…\nその前に荷物が一杯なのではないか？,
荷物を整理してくるがいい。,
なかなか上手くいかなくての…\nまだ、プレートは出来ておらん…,
満月の日にまた訊ねてくれ。,
再び灰色のプレートが必要になったら\nまた、訊ねるがいい。,
たくさん創ったのでな。,
ん？,
灰色のプレートが欲しいようじゃな。,
持っていくが良い。,
荷物が一杯なのではないか？\n整理してまたくるがいい。,
想像はつく,
全く解らない,
スギナミ魔階坑道プレート（灰）&#10;\nを受け取りました。,
仲魔と旧世界の石を提供しました。,
Act.4 「アズラ」,
Act.4 「アズラ」クリア,
「２５００マッカ」受け取りました。,
ここは、昔、第三ホームを造ろうとしたけど&#10;\n落石が多くてな。,
労働に使われた、イノセントが&#10;\nまあ、多く死んでいったよ…。,
しかも、ある日、人間の死者が出て。&#10;\nそれで建設は中止になった。,
でも、落石後に旧世界の遺物が見つかって。&#10;\nそれが、結構な値打ち物でな！,
んで、俺はここで、旧世界の遺物を回収して&#10;\n生活してるわけよ！,
でも中は、お宝１割、ガラクタ９割なうえ&#10;\n落石が頻繁に起こる危険な世界だ！,
とてもじゃないが、普通の人間じゃ無理さ！,
もちろん、俺も無理ッ！,
だから中に入るのは俺じゃなく&#10;\n悪魔なんだ！ハハッ！！,
なんか回収してほしい物があるんなら&#10;\n俺に声をかけな！,
おまえの仲魔を預けてくれれば&#10;\n中に突入させてやるよ！,
でも、まあ預けられた悪魔はたいてい&#10;\n死んじまうがな！ハハッ！！,
アハハハハッ！！,
ん…？仕事の話？,
なに、高Ｌｖの悪魔 に&#10;\n旧世界の石 を探してるの？,
高Ｌｖの悪魔　は自分で育てるんだな。,
でも 旧世界の石 なら&#10;\nココから掘れそうだ！,
おまえの仲魔を俺に預けてくれれば&#10;\n中に突入させ掘らせるぞ！,
掘り出す物は&#10;\n預かる悪魔のＬｖによって変わる。,
Ｌｖが高い悪魔ほどちゃんと頼んだ物を&#10;\n持ち帰ってくれるね！,
でもＬｖが低いと、なんの役にも立たない&#10;\nガラクタなんか拾ってきちまう……,
おまけに死んじまう可能性も高い…,
ただし、いずれにせよ悪魔が必要だっ！,
仲魔、預けてもらえるか？,
そうかい。&#10;\n気が変わったら声をかけるんだな！,
旧世界のブツなんか、ここでしか&#10;\n手に入らねーからよ。,
ほ～。そうかい。&#10;\nじゃあ、仲魔を見せてもらおうか！,
………。,
ウ～ム…この程度の奴じゃ～&#10;\n確実に死ぬな～。９９％、死ぬね！,
しかもお目当てのブツを持って&#10;\n帰ってくるか……かなりのバクチだな～,
仲魔を大事に思うなら&#10;\nもう少し鍛えてやらねーか？,
まあ、俺は良いけど…。,
ウ～ム…そこそこ鍛えてはいるが…&#10;\nまだまだ、なんだな～。,
うん！&#10;\n結構、鍛えてるじゃね～か！,
これなら、もしかして！&#10;\nもしかするかもな！,
少なくとも死ぬ可能性は&#10;\n少ないかもな！！,
お～、コイツは凄い！,
こいつなら間違いないな！,
ウ～ム…コイツじゃ無理だな～。,
最低Ｌｖ１０以上の&#10;\n仲魔を連れてきてくれ。,
どうする？預けるか？,
ほ～、あんたバクチが好きだね～。,
まあ、良いや。&#10;\nじゃあ、行かせるぞ！,
死出の旅にレッツゴー！！,
そうだな。&#10;\nそれが良い！そうしなっ！,
預ける,
預けない,
よし！&#10;\nじゃあ、行かせるぞ！！,
一攫千金ねらって&#10;\nレッツだ、ゴーッ！！,
そうか。&#10;\n気が向いたら来な！,
………………。,
………おっ！,
…残念だがお前の仲魔&#10;\n死んじまったようだ…。,
ただ…奇跡が起きたぜっ！&#10;\nお探しの 旧世界の石 だ！！,
仲魔に感謝するんだな…。,
お前の仲魔、帰ってきたぜ！,
ただ、なんも持ってね～な…。,
ただ入り口に&#10;\nコレが落ちてたぜ…。,
くそっ！あんなに鍛えた&#10;\n仲魔だったのに…！！,
旧世界の素材で作られた\nスゲー業物だ！,
お前の仲魔 旧世界の石 を&#10;\n持って帰って来たぜ！,
鍛えたかいがあったな！&#10;\n仲魔に感謝しろよ！！,
ヒーホー！,
オイラに用かホー？,
ここで何をしているか聞く,
ここはどんな場所か聞く,
話を終える,
オイラ、キラキラの石を探してるホー。\nこの坑道にあるのはわかってるホー！,
とーってもキレイで、誰でも欲しくなるホ。\n他の悪魔も狙ってるかもしれないホー。,
もし見つけたら、とりあえず\nオイラにも見せて欲しいホー。約束ホ！,
石を見せてくれたら、\nあんなお礼やこんなお礼をしたいホ～。,
この坑道は、とっても深いホ。\n奥まで行くのは疲れちゃうホー。,
でもオイラ、抜け道を知ってるホー。\nダテに石を探してウロウロしてないホー。,
抜け道を使うと、ここから奥まで\n一瞬で先へ進めるホ。とっても便利ホー。,
でも、オイラが見つけた秘密の道だから\n入口の場所は内緒ホ。ごめんホー。,
石ホー…\n石はどこホー…,
『青く輝く鉱石』を見せる,
ヒホッ？\nアンタ石を持ってるホ？,
ヒホー！\nキレイだホー…キレイだホーッ！！,
オイラ、実は…\n前にもこの石を見たことがあるホー…,
この間、石を探してたら\n坑道の中で抜け道を見つけたホー。,
抜け道の先には、フォルネウスが居たホ。\nフォルネウスはこの石を持ってたホー。,
さわらせてって頼んだら断られたホ～…\nでもアンタは違ったホー、いいひとホ！,
オイラ、お礼がしたいホ。\nアンタにもその抜け道を使って欲しいホ。,
フォルネウスの居るあたりまで、\n一瞬で行ける抜け道ホ。,
どうホ？抜け道、使いたいホー？,
使いたい,
また今度,
いいホー。抜け道を使うホー！,
でも、オイラだけの秘密の抜け道だから\n目をつぶってて欲しいホ。,
いくホー…,
ヒホー！,
ジャックフロストの秘密の抜け道を抜けた。,
>ジャックフロストに背中を押された。,
いいホー。\n使いたくなったらまたくるホー。,
ヒーホー！また来たホー！,
抜け道を使いたい,
また別の石見つけたら、\nオイラにも見せて欲しいホー。約束ホ！,
石を見せてくれたら、\nもーっとお礼をするホ～。,
ホー…\n硬いホ、冷たいホ、輝いてるホー…,
オイラ、やっぱり冷たいのは落ち着くホ…\nいいもの見せてもらったホー。,
大満足ホー。\nとっておきのお礼をしたいホ。,
オイラの見つけた、長～い抜け道を\n使って欲しいホ。,
この坑道の、かなり奥まで繋がってるホ。\n長過ぎて１度しか使った事がないホー。,
抜け道の先で会ったデカラビアに、石を\n見つけたら教えてって頼んであるホ。,
デカラビアには最近会ってないホ。\n元気にしてるといいホー。,
もし会ったら、夜露死苦伝えてホー。,
どうホ？長～い抜け道、使いたいホー？,
いいホー。長～い抜け道を使うホー！,
ヒーホー！待っていたホー！,
また抜け道使いたいホー？,
長～い抜け道を使いたい,
オイラもアンタが持ってるような\nキラキラの石を見つけるホー！,
ヒーホー！お久しぶりホー！,
アンタの石やっぱりキレイホ。\nキラキラの石もひんやりの石もキレイホー。,
ジィー…,
両方あげる,
そっとしまう,
オ、オイラにくれるホ！？\nほ、ホントにいいのホー！？,
ヒホーン！\n嬉しいホー、アンタ優しいホ～！,
オイラの宝物にするホー！！,
これはささやかなお礼だホ。\nとっておいて欲しいホー。,
「フロストペンダント(仮)」と交換した。,
…と思ったけど、アンタ荷物持ち過ぎホ。,
お礼を受け取ってもらえないなら\nそんなキレイな石、悪くてもらえないホ～。,
荷物を片付けたら、またきて欲しいホ！,
良ければまた見せてホー。,
ヒーホー！ともだちホー！,
よく来てくれたホー。,
アンタのこと覚えてるホ。\nというか一生忘れないホー！,
もらった石は今もオイラの宝物ホー。\nもっと石が欲しいから、今日も探してるホ！,
キラキラの石のお礼に、オイラの見つけた\n坑道の抜け道を使わせてあげるホ。,
どっちの抜け道、使いたいホ？,
ジャックフロストの秘密の長～い抜け道を抜けた。,
『冷たい鉱石』を見せる,
ヒホーッ！！,
おしゃべりする,
何もしない,
扉は開かない…,
良く見る,
扉には、十字の形のくぼみがある…,
扉には、十字の形のくぼみが２つある…,
扉には、十字の形のくぼみが３つある…,
『輝く鉱石』をはめる,
>『輝く鉱石』を使用しますか？,
>『輝く鉱石』２つを使用しますか？,
>『輝く鉱石』３つを使用しますか？,
>『輝く鉱石』が足りません。,
『輝く鉱石』を扉にはめた。,
こちらからは開かないようだ…,
扉を開いた。どこかで鍵の開く音が聞こえた…,
扉は開かない。鍵がかかっているようだ…,
>扉を開きますか？,
２つの鍵がついている。片方だけ外れているようだ…,
『輝く鉱石』を持ったままでは石板に近づけないようだ…,
鉱石の引き取り,
お客様は、私の探している鉱石を\n持っていらっしゃらないようですね。残念…,
ここらで取れる鉱石を集めています。\n変わった形で、とてもキレイな…,
もし引き取らせていただけたら、\nささやかなお礼を差し上げます！,
>『輝く鉱石』を渡しますか？,
お客様、荷物をたくさんお持ちですね。\n減らしてからまたいらしてください！,
ありがとうございます！\nささ、「地返しの玉」をどうぞ！,
「地返しの玉」を手に入れました。,
不要になったら、またおいでください。\nいつでも交換いたします！,
なんだ！どうしたっ！？,
連れている仲魔について聞く,
私の相棒に見とれているのだな！\n良かろう、教えてしんぜようではないか！,
こいつはアークエンジェル！種族は天使だ！\n覚えておくが良い！！,
悪魔のサイズについて聞く,
そこに居る輩は小さい仲魔なんぞ連れてるが\n私は断然、一般サイズ派だ！！,
同じカーシーでも、大きさが違うと\n生まれ持った体力や育ち方が変わるのだ。,
基本的に小さい者は、それだけ力も弱い。\n小さいと言っても、色々居るようだがな。,
更に、大きい悪魔と小さい悪魔では\n覚えるスキルが違うらしい！,
そこの小さい悪魔は、私が見たところ\n弱いスキルを覚える傾向があるようだな。,
私の相棒は小さくないので、\n強力なスキルを覚えるぞ。素晴らしかろう！,
ここで何をしているのか聞く,
色々な悪魔を見物する為にここへきたが…\nやはり私の相棒が一番素晴らしいな！,
この子は僕の友達なんだ。\n大丈夫、君を襲ったりはしないさ。,
小さくって可愛いでしょ？\n僕の、初めてできた仲魔なんだ。,
小さい悪魔を、バカにする人も居る。\nでも小さいなりに良い所もあるんだよ。,
このカーシー、普通のカーシーよりも\nスキルを覚えるのが早い様な気がするんだ。,
即戦力ってヤツさ。\n駆け出しの僕にぴったり。,
やっぱいろんなスキルを使ってみたいだろ？\nそんな時は、小さい悪魔さ。,
仲魔との出会いについて聞く,
自分より強い悪魔は召喚できないって事、\n君もデビルバスターなら知ってるよね？,
僕、まだ弱いから普通サイズのカーシーには\n見向きもされないんだ。でもこの子は違う。,
小さいけど、その分レベルも低いから\n僕の交渉に応じてくれた。,
気軽に仲魔にできるところも、\n小さい悪魔の良さなのさ。,
人間よ。縁あって仲魔にせし悪魔、\n大切にするが良い。,
クルルル…オレタマ腹ペコ。\nコイツ餌クレナイ…。,
>『魔石』をあげますか？,
ワオーン！餌モラッタ！\nオレタマ魔石マルカリリ！！,
オマエ、イイ奴！コレヤル！！,
>『魔石』を手に入れた。,
クルル…オマエ魔石持ッテナイ。\nオレタマ、ヒモジイ…。,
クルルル…コイツモ餌クレナイ…。,
搬入口認証カード ヲ\n入レテ　クダサイ。,
入れる,
本当ニ　使用シマスカ？,
どうやらこの扉は開けられないようだ…,
>この階はＢ１です。\n エレベーターで他の階に移動しますか？,
>この階はＢ３です。\n エレベーターで他の階に移動しますか？,
>この階はＢ４です。\n エレベーターで他の階に移動しますか？,
>この階はＢ５です。\n エレベーターで他の階に移動しますか？,
Ｂ１,
Ｂ３,
Ｂ４,
Ｂ５,
むにゃむにゃ…,
…はっ！\n居眠りなんてしてないのでありますっ！,
ジブンのお答えできることであれば、\nなんなりとお答えするでありますっ！,
このコンピューターは？,
三角のプレートって？,
セキュリティを解除すると？,
脱出の方法は？,
この場所は？,
これは、この中に入る人達の入場・退場を\n管理してるコンピューターでありますっ！,
入り口にセキュリティをかけて、部外者を\n立ち入り禁止にしてるんでありますっ！,
こんな物騒な世の中だからこそ、\nセキュリティは大切なのでありますっ！,
そしてセキュリティを解除するには、\n三角のプレートを使うんでありますっ！,
けど、たまーに無理矢理にでも中に\n入ろうとする人も居るんであります…,
そんな時はジブンの出番なのでありますっ！\nエッヘン！,
セキュリティを解除するには、\n三角のプレートを使うんでありますっ！,
あっ…、同じ三角のプレートでも\nここに対応してないとダメでありますっ！,
あとプレートの色によって、セキュリティの\n解除されるフロアも違うんでありますっ！,
もちろん、三角のプレートを持ってても、\n関係者以外立ち入り禁止なのでありますっ！,
けど、関係者を見分けるのは、\nコンピューターでは少し荷が重いので…,
それはジブンの仕事なのでありますっ！\nエッヘン！,
セキュリティを解除すると、最大５人まで\n一緒に中に入れるんでありますっ！,
一緒に中に入る人をどうやって\nコンピューターに教えるのかって言うと…,
…それはパーティーでありますっ！\nパーティーを組めば良いんでありますっ！,
そして一緒に入った人、\nようするに同じパーティーの人以外とは…,
セキュリティの都合上、中で出会うことは\nゼッタイにないんでありますっ！,
ま、個人情報の保護ってことでありますっ！\nエッヘン！,
歩いてこの場所まで戻ってくれば、\nそのまま出られるんでありますっ！,
それとすごく先まで進んだときには\n歩いて戻ってくるのも大変でありますから…,
最深部には、一瞬でこの場所まで戻ってくる\n装置を用意してあるんでありますっ！,
ただし、この中から出てしまうとその時点で\nまたセキュリティがかかるんでありますっ！,
セキュリティがかかってしまうと、\nまたこの中に入れなくなるんでありますっ！,
ホームポイントに戻ったりログアウトしたり\nするときは、気をつけるんでありますっ！,
ま、部外者には関係ないことでありますっ！\nエッヘン！,
ここは旧イチガヤ駐屯地…\nあのＩ.Ｃ.Ｂ.Ｍ.の爆心地でありますっ！,
しかし、自衛隊の施設ってのは\n本当に頑丈で、ビックリでありますっ！,
あの爆発の中心地であったにもかかわらず、\nその施設機能はいまだ健在なんですから…,
そのおかげで色々な実験を…\nおっと…、これ以上はダメでありますっ！,
ジブン、基本的には無口なのでありますっ！\nエッヘン！,
ガンバってここを見張るんでありますっ！\nガンバって…、ガンバ…,
>スイッチを押しますか？,
押す,
この部屋のどこかに宝箱が出現したようだ…,
すでにそのスイッチは押されているようだ…,
この階のどこかに宝箱が出現したようだ…,
ダメでありますっ！\nここは部外者立ち入り禁止でありますっ！,
それに今、この奥はすごくすっごく\nすっごーく危険なのでありますっ！,
それに今、この奥はすごくすっごく\n危険なのでありますっ！,
それに今、この奥はすごく\n危険なのでありますっ！,
それに今、この奥はほんのちょっとだけ\n危険なのでありますっ！,
実はこの奥で「あのお方」を蘇らせる実験を\nしてたのでありますっ！,
そのときにちょっとした事故がありまして、\n他の悪魔がウジャウジャと…,
えっ！？　「あのお方」とは誰かって？\nそ…、それは言えないのでありますっ！,
…と、とにかくっ！\nこの奥は危険なのでありますっ！,
はぁ…、実験に使ったプログラムの\n修正ファイルされあればなあ…,
そうでありますっ！\n命は大切にするものでありますっ！,
その修正ファイルなら、\nさっき貰ったでありますっ！,
ウソはダメでありますっ！\nジブンだったら独房行きでありますっ！,
あっ！　これは実験に使ったプログラムの\n修正ファイルでありますよっ！,
これはモウリョウ用でありますねっ！\nすぐにプログラムを修正するでありますっ！,
これはコロンゾン用でありますねっ！\nすぐにプログラムを修正するでありますっ！,
これはグール用でありますねっ！\nすぐにプログラムを修正するでありますっ！,
…よしっ！　これでこの奥のモウリョウは\n１匹残らず消滅したでありますっ！,
…よしっ！　これでこの奥のコロンゾンは\n１匹残らず消滅したでありますっ！,
…よしっ！　これでこの奥のグールは\n１匹残らず消滅したでありますっ！,
あっ！　たしかあなたの仲間の方が\nこの奥に進んだんでありますっ！,
仲間を助けに行かなくて\n本当にいいんでありますか？,
ま、どうしても進むんなら止めませんけど…,
ど…、どうなっても知らないでありますよ？,
はやく仲間を助けに行くでありますっ！,
どうして危険なの？,
奥に進む,
修正ファイル（モウリョウ）を渡す,
修正ファイル（コロンゾン）を渡す,
修正ファイル（グール）を渡す,
進むと言ったら進む,
プレートヲ サシコンデ クダサイ,
コノ プレートデ セキュリティヲ\nカイジョシテ ヨロシイデスネ？,
買う,
売る,
修理する,
２身合体を行う,
３身合体を行う,
クラン許可証販売,
■■邪教の館メッセージ■■,
悪魔が集いし邪教の館へようこそ……,
何について知りたいのだ？,
合体の基本,
スキルの遺伝,
ただいま作成中じゃ。\nすまんが、もう少し待ってくれ。,
合体を行うには仲魔の数が足りぬようじゃ。\nもっと仲魔を集めて来るがよい。,
合体に必要なマッカが\n不足しているようじゃ。,
おぬしはまだその悪魔を扱えるレベルに\n達していないようじゃ。,
残念ながら、おぬしはまだその悪魔を\n従えることができぬようじゃ。,
結果の悪魔の情報が見たければ、\n「悪魔情報」のボタンを押すがよい。,
おぬしと属性が違うので、\n召喚できないようだが、合体は可能じゃ。,
この悪魔で本当によいのだな？,
むむ…\nどうやら機械の具合が悪いようじゃ…,
素材となる２体の悪魔を合体させて、\n新しい１体の悪魔を生み出す、,
それが「２身合体」じゃ。,
合体を行うと、大抵は素材となる悪魔よりも\nレベルの高い悪魔が生み出される。,
しかし、２体を失って１体を作るのだから\n結果として仲魔の体数は減ることになる。,
自分の戦力を見極めつつ、\n合体を行うことが大切じゃぞ。,
合体によって作られた悪魔は、素材となる\n悪魔のスキルを内に秘めて誕生する。,
ただし、全てスキルを継承できるわけでは\nない。,
羽のない悪魔に、羽を使ったスキルなんぞ\n習得できるはずもないからな。,
また、各々の悪魔は「継承タイプ」という、特有の性質を持っておる。,
これによってその悪魔がどんなスキルを\n習得しやすいかがわかるだろう。,
どのようなスキルを遺伝するのか、\n合体する前に確認することが肝要じゃぞ。,
スキルの覚醒,
遺伝したスキルは、すぐには使えない。,
これらのスキルは、おぬしと共に戦闘を\n行うことによって、少しずつ目覚めていく。,
炎のスキルを目覚めさせたければ、\n似たようなスキルを使い続けるか、,
もしくは、無理矢理炎のスキルを\nその身に受けてみるとよいようじゃぞ。,
追い求めるのは究極の１体か、それとも\n得意分野の各々違う複数体の悪魔か、,
決めるのは全ておぬし自身じゃ…,
■■ショップメッセージ一言目■■,
……あ、いらっしゃいませ\n「袴田ウェポンショップ」へ、ようこそ！,
何か用？,
ラララ、ラッシャイ！,
…あんた客かい？,
アラ、ようこそ「クリニック・アヤ」へ。\n来てくれて嬉しいわ。,
おぉぉ！デビルバスターくん！\n来たね、来たね！,
………………\nどうぞ、勝手に見てって。,
カモナベイベッ！！\nいらっシャァァァァァゥトッ！！,
フォッフォッフォッ。\n「白神薬局」へ、ようこそ。,
お求めの品は\nありますか？,
何をお求めになって？,
欲しい武器はある\nかな？,
欲しいモノを選ぶが\n良い！,
欲しい物はあるかな？,
いっぱい\n買ってちょ～だ～い！,
0,
お客様！ようこそ「山羊屋」へ\nいらっしゃってくださいました！,
■■ショップメッセージ二言目■■,
武器に見とれてました。\nいや～、惚れ惚れしますよねぇ、ホント。,
まぁ、ゆっくり見てってよ。\nいい物揃えてあるからさ。,
ヨッホッホーゥ！\n今日はどーすんのさ！？,
用が済んだらさっさと出てってくれないか。,
今日はどんなご用でいらしたの？,
今日はどうすんの！？,
アタシ、接客とか苦手なの。\n気、悪くしないで。,
ベイベ！\n今日はどんなセッションするんだい？,
私に何か力になれることはありますか？,
こちらでは各種チケットをお取り扱いして\nおります。,
掘り出し物をたくさんご用意しております。\n本当に掘り出してきた物もありますが…,
■■ショップメッセージ三言目■■,
銃を扱う際は、銃用のスキルのセットと\n弾丸の装備を忘れないでくださいね。,
街の外は物騒だからね。命が惜しけりゃ\nそれなりの装備をしていかなきゃダメだよ。,
ジジジ、時給上げてくれヨォ！\n時給８マッカじゃ、俺死んじゃうヨォ！,
お前とは、特に話すことはないな。,
よく使うお薬は、ショートカットに\n登録して使ってあげてね♪,
どう！？　楽しんでる！？,
………なに見てんの？,
俺のチャームポイント聞きたくないかい？\n…そう、アフロだぜベイベッ！！,
フォッフォフォッ。,
あなたの隣にいつでも「山羊屋」！\n年中無休、２４時間営業で頑張ってます！,
よく来たな！,
ここでは、デビルバスターの\n基本となる訓練を行っている！,
まずは移動方法とカメラの\n動かし方を教える！,
理解できたか？ \nあとは、トレーニングあるのみだ！ ,
試してみて体で理解できたら\n俺にもう一度話しかけろ！ ,
ん？クエストを渡したいのだが…\n受けているクエストが多いな。,
クエストを１つは終わらせてから\nここにもう１度話を聞きに来い。,
訓練１：移動やカメラを覚えよう！！,
移動とカメラの操作は掴めたか？,
掴めました,
もう一度説明お願いします,
なかなか筋がいいな！,
それでは、次に「ショートカット」の\n使い方について教えるぞ！,
では早速、「バルカンヒット」を\n「３」の位置に、はめ込んでみろ！,
わからなくなったらまた聞きに来い。,
良いだろう。\n繰り返し確認するのは悪いことじゃない。,
「バルカンヒット」を「３」に\nはめ込んだか？,
はめ込みました,
移動とカメラ操作をもう一度教わる,
そうか、よくできたな！\nここからは実戦を交えて教えていこう！,
戦闘の初歩中の初歩となるのが\n「ベーシカルアタック」だ！,
大体感じは掴めたか？\nまあ実際にやってみるのが一番だ。,
見ての通りこのゾーンには\n「スライム」が沢山いる。,
こいつらはお前ら新米デビルバスターの\nトレーニング用に作られている。,
そのため、まったく攻撃をしてこない\nいわばサンドバッグだ。,
それじゃあ、実習だ。\n「アタック」でこいつらを攻撃してみろ！,
「スライム」を５匹以上倒せ。\n５匹倒したら「アタック」の訓練は完了だ。,
どうした「アタック」の仕方が\nわからないのか？,
大丈夫です,
よし、お前の戦いぶりは見せてもらった。\n「アタック」のしかたは把握したようだな？,
アタックのしかたは把握したようだな？,
はい、わかりました,
ショートカット登録をもう一度教わる,
上出来だ。お前はこれで\n悪魔を攻撃する方法の初歩を完全に学んだ。,
だが、攻撃しかできないのでは\n強力な悪魔と戦うのは難しいだろう。,
そこで次の部屋で「ガード」を教えよう。,
ひとまず、この部屋の講義は完了だ。\nここまで、よくついてきたな！,
それでは次のゾーンに飛ばす！\n「ガード」の講習を受けるんだ！,
「訓練１」を達成しました！,
報酬を渡そう！,
「傷薬」１０個だ。\n受け取れ！,
ムッ！\n報酬を渡したいのだが…,
残念だが\nそれ以上、荷物が持てないようだ…,
アイテムを１つ持てるようになったら\nもう一度、話しかけてくれ。,
よお！\nまた来たか！,
アタックをもう一度教わる,
次のゾーンへ移動する,
それでは次のゾーンに飛ばすぞ！,
初心に帰りたくなったらまた\n来るといいだろう！俺は歓迎する！,
お前が、ここで覚えることは\nもう無いようだが…。,
「傷薬」を１０個手に入れました！,
訓練１の２：「バルカンヒット」をショートカットの「３」に登録！！,
訓練１の３：「スライム」を５匹倒そう！,
このゾーンでは「ラッシュ」について\n教えるぞ！,
おっと、そうだ、忘れるところだった,
「戦利品」について教えていなかったな。,
このゾーンの「ウィルオウィスプ」は倒すと\n「ＶＢ訓練証」というアイテムを落とす。,
「ウィルオウィスプ」を倒し奴らが落とす\n「ＶＢ訓練証」を５つ持って来るんだ！,
訓練３：「ウィルオウィスプ」を倒し「ＶＢ訓練証」を５つ集めよう！,
どうした\n何をモタモタしているんだ？,
ラッシュをもう一度教わる,
戦利品の取得をもう一度教わる,
よし「ＶＢ訓練証」５つあるな！,
「チャクラチップ」５個だ。\n受け取れ！,
「チャクラチップ」を５個手に入れました！,
それでは次のゾーンに飛ばす！,
「訓練３」を達成しました！,
ラッシュについて教わる,
戦利品の取得について教わる,
「ラッシュ」と「戦利品」に関しての\n説明は以上だ。後はトレーニングあるのみだ！,
このゾーンでは「ガード」について\n教えるぞ！,
それでは、早速だが実戦だ！,
このゾーンに居る「ガキ」を倒してこい！,
訓練２：「ガキ」を５匹倒そう！,
このゾーンに出現する「ガキ」は\n攻撃すると「アタック」をしかけてくる。,
「ガキ」の「アタック」を防いだら\nまた３発「アタック」を打ち込むんだ！,
よし課題クリアーだ！\n「ガード」を覚えたな！,
１００マグネタイトだ！\n受け取れ！,
次のゾーンでは今回とは逆に敵が「ガード」\nをしたさいに打ち破る方法を教える！,
「１００」マグネタイトを手に入れました！,
「訓練２」を達成しました！,
ガードについて教わる,
それでは報酬を渡そう！,
それでは最後に、各能力を成長させると\nどういう効果が得られるか、教える！,
説明が長くなったが\n報酬だ！受け取れ！,
レベルアップについて教わる,
各能力について教わる,
と…、そうだった。\n大事な説明を忘れるところだったぞ。,
お前、ずいぶんと敵を倒したようだし\nそろそろレベルアップしたんじゃないか？,
「ガキ」を５匹以上倒せ。\n５匹倒したら「ガード」の訓練は完了だ。,
戦闘の基礎訓練は終わったようだな！,
ここでは「スキル」の成長に関わる\n「エキスパート」について教えている！,
「エキスパート」がどんなものかは\nなんとなく理解できたか？,
理解できました,
では、次に「エキスパート」からの\n「スキル習得」について教えるぞ！,
「スキル」は「エキスパート」を\n成長させないと覚えることができない。,
ただし、前回に学んだ「アタック」などの\n基本的な「スキル」は最初から使えるぞ！,
それでは今回は「破壊魔法」の「アギ」を\n覚えてもらう！,
説明するから、しっかり聞くように！,
「アギ」は最も初歩的な「破壊魔法」だ。,
今言った手順で\nまずは「アギ」を習得してみるんだ！,
「アギ」を習得できたら\nまた俺に声をかけてくれ！,
訓練４：破壊魔法「アギ」を習得しよう！,
どうした？\n「アギ」は覚えられたのか？,
エキスパートの説明を聞く,
スキル習得の説明を聞く,
よし！\n「アギ」を覚えたな！,
これでお前はさらなる\n攻撃手段を手に入れたということだ！,
それでは「エキスパート」の成長を\n経験してもらう！,
このゾーンにいる「オンモラキ」は\n「アギ」しか効かん。,
「オンモラキ」を倒せば「破壊魔法」の\n「エキスパート」が上がることになる。,
「アギ」を使用し「オンモラキ」を１体\n倒してこい！,
…ンッ！……ムムッ！,
そういえば、まだ「魔法」の使い方を\n教えてなかったな…。,
まぁ、勘のいいお前なら\n教えなくても使いこなせるだろうが…,
もしわからなくなったら\n聞きに来るといい。,
「魔法」の訓練にもなる！,
「オンモラキ」は倒せたのか？,
エキスパート成長の説明を聞く,
魔法の使い方を聞く,
それでは「アギ」を使用し\n「エキスパート」を上げ…,
よし！「オンモラキ」１体、倒したな！,
今後も、「スキル」を使用し\n「エキスパート」を成長させていけ！,
自分の目指すデビルバスター…\nと言われてもピンと来ないかもしれないな。,
いえ、もう決めてあります,
ピンときません！,
そうか…見上げた奴だ！,
これでバーチャルバトルでの\nトレーニングは終了だ！,
では、ざっと３タイプほど、目指すに値する\nデビルバスターのタイプを紹介しようか。,
ファイタータイプ,
マジシャンタイプ,
ガンナータイプ,
理解しました。もう大丈夫です。,
今あげた３タイプはあくまでも一例だ。,
エキスパートのカスタマイズは\n人によって千差万別。,
慣れてきたら自分なりの\nカスタマイズを追い求めるがよい。,
「地返しの玉」５個を手に入れました！,
「訓練４」を達成しました！,
デビルバスターのタイプについて聞く,
それではヴァーチャルバトルを\n終了するぞ！,
では、次の課題を渡す！,
報酬は「地返しの玉」５個だ。\n受け取れ！,
訓練４の２：「アギ」を使用し「オンモラキ」を１体倒そう！,
このゾーンの「クエスト」をクリアーして\nいませんが、次のゾーンへ移動しますか？,
移動する,
移動しない,
「ヴァーチャルバトル」をクリアーして\nいませんが、終了しますか？,
終了する,
終了しない,
ここを出ると「ヴァーチャルバトル」終了と\nなりますが、よろしいですか？,
ハァ…もっと偉くなって\n見返してやろうぜ、俺。,
やぁ、ルーキー。スネークマンから話は\n聞いてるよ。随分腕が立つらしいな。,
この街は「第三ホーム」。\nこれからこの街に世話になるんなら、,
地図のひとつぐらい、バシッと見れる\nようにならなきゃいけないよな。,
よし、現在地さえわかれば、\n後は大丈夫だよな。,
他にも表示がありますけど？,
大丈夫です。,
あ～、よく教えた…\nこんなもんで大丈夫だよな？,
おいおい、まだありますよ。節穴ですか？,
ところでお前、ルーキーのくせに\nずいぶんたくさん仕事を抱えてるんだな。,
進行中のクエストを少し減らしてから\nもう一度俺のところに来てくれよ。,
ん、どうしたんだ？,
もう一度説明をお願いします。,
なんでもないです。,
邪教の館で話を聞いたら、\nすぐ戻ってきてくれよ。,
……と思ったら、荷物が一杯だな。\n,
無理やり詰め込んで、大事な手紙が\nクシャクシャになっちまったら困る！,
悪いが、ちょっと荷物を減らして来てくれ。,
邪教の館に向かい、悪魔について学びましょう。,
「大事な手紙」を預かりました。,
何フラフラしてるんだ、早く手紙を\n「ホームポイントガール」に届けてくれ！,
え、届けたって？\nで、彼女はどんな反応だった？,
い、いや待て、言わなくていい！,
それより「ホームポイント」について\nしっかり教わって来いよ。,
おおっと、そうだそうだ！\nわざとじゃないぜ、忘れてただけだ。,
ハハハ…勘違いしないでくれよ！,
決して「手を抜いてラクしたい」なんて\n思ってないからな！,
ところでデビルバスターたるもの、\n何はともあれまず第一に,
肝心の「悪魔」のことを\n知っとかなきゃならないよな。,
ここから南に行ったところにある\n「邪教の館」で悪魔について教わって来い。,
一通り話を聞いたら戻ってきてくれ。\n頼みたいことがあるんだ。,
おやすい御用だ、\n何度でも説明してやるよ。,
地図について教わる,
やあルーキー、元気にしてるか？,
帰ってきたな。\n「ホームポイント」は理解できたか？,
なかなか物覚えのいい奴だな。,
ところで他にもいくつか\nお前に頼みたいことがある。,
引き受けてくれる気があるなら、\nもう一度話しかけてくれ。,
さては「ホームポイントガール」に\n見惚れていたな？,
まあ素敵な人だから仕方ない……\nあ、いやなんだ、その……,
もしよくわからなかったら、\nもう一度話を聞きに行くといいぞ！,
「ホームポイント」は理解できたか？,
クエスト「守衛の想い」を達成しました。,
守衛に報告してください。,
早速だが、頼みごとだ。\nなあに、そんな難しいことじゃない。,
ちょっと俺の代わりに、\n品物を受け取ってきてほしいんだ。,
おいおい、そんな嫌そうな顔するなよ。\n面倒だからって押し付けてるわけじゃない。,
俺はこの場所を警備するという\n重要で重大で重責な役目があって動けない。,
……お前、いま心の中で\n「立ってるだけのくせに」とか思っただろ。,
まあいい、少しお礼をやるからさ。\n頼んだぜ！　よし、決まり！,
行き先は「袴田ウェポンショップ」だ。\nいわゆる武器屋だな。,
その「注文票」を見せれば、\nあとは向こうで品を見てくれるはずだ。,
頼んだぜルーキー！,
クエスト「守衛の頼み」を受けました。\n「注文票」を預かりました。,
道に迷ったら、第三ホームの中央にいる\n「ターミナルガール」に尋ねるといいぞ。,
おかえり、助かったよ。,
実はもうひとつお使いがあるんだが、\nもちろん引き受けてくれるよな？,
あ、でもまだ注文票を書いてないんだ。\n書いてる間待たせるのも悪いな……。,
そうだ、こうしよう。\n今お前にお使いを頼んだ「銃」だが,
きっとスネークマンは扱い方を\n教えてくれなかっただろ？,
デビルバスターなら、銃の扱い方くらい\n覚えておいて損はないぜ。,
もう一度武器屋に行って\n銃について教わって来いよ。,
場所は言わなくてもわかるよな？\n俺はその間に注文票を書いておくよ。,
「袴田ウェポンショップ」に向かい、\n銃の扱いを教わりましょう。,
お疲れさん。\n銃の扱いは理解できたようだな。,
注文票はちょうど書き終わったよ。,
とりあえず今回の分の礼を渡すぞ。,
荷物を減らしてからまた話しかけてくれ。,
それじゃ、次の頼みを聞いてくれるなら\nもう一度話しかけてくれ。,
クエスト「守衛の頼み」を達成しました。,
「トラエストストーン」を３個手に入れました。,
お礼は「トラエストストーン」３つだ！,
邪教の館に行ってきたみたいだな。,
悪魔について,
…召喚ＣＯＭＰか。また一人、悪魔との\n関わりを持つ者が増えたということだな…,
この東京で生き抜くためには\n悪魔の存在なしには語れない。,
悪魔との関わりを極めれば極めるほどお主は\n限りない高みに飛翔していけるだろう。,
「交渉」「召喚」「合体」は、\n今すぐに慌てて覚える必要はない。,
いずれ、嫌でも覚えなければならない\nときが来るだろう……。,
それでは、おぬしが仲魔を得たとき\nまた会おう…,
邪教の館の主から話を聞きました。,
お疲れ様です、デビルバスター様。,
おかえりなさいませ。\nあまり無理はなさらないで下さいね。,
こちらが第三ホームのホームポイントと…\nえ？私に手紙ですか？,
あら、どなたからでしょう\n……ハァ、またあの人か…,
守衛のお給料じゃちょっと、\nアレなんですよねぇ……,
あ！失礼いたしました。,
えぇと……『この手紙を持って行った奴に\nホームポイントの説明をしてやってほしい』,
ということなので、させていただきますね。,
とりあえず外に出られる前に、この場所を\nホームポイントに設定しておいて下さいね。,
設定がお済みになりましたら、\nもう一度私に声をおかけください。,
ホームポイントの設定は\nお済みになりましたか？,
はい、済みました。,
もう一度説明お願いします。,
お疲れ様でした。これで安心して\n悪魔との戦いに赴くことができますね。,
万一傷つき倒れてしまった場合、\nその場で立ち上がるよりも,
ホームポイントに戻ったほうが、\n失うものが少なく済むそうです。,
もっとも、始めて間もない方は、\n倒れてしまっても失うものが無いそうなので,
その場で立ち上がりながら\n歩き回ってみるのも良いかもしれませんね。,
「大事な手紙」を手渡しました。ホームポイントを設定してください。,
はい、かしこまりました。,
あ、いけない！\n……大切なことを忘れていました。,
スネークマン教官から、デビルバスター様に\nお渡しする品を預かっております。,
トラエストストーンが３つですね。,
傷つき倒れた時以外にも、\nこのトラエストストーンを使用すれば,
ホームポイントに帰還することができます。\n冒険の必需品ですね。,
それではデビルバスター様。\nお気をつけて行ってらっしゃいませ。,
お元気な姿で戻ってきて下さいね。,
……あら、お荷物が一杯のようですね。\n少し軽くしてからまたいらして下さいね。,
守衛からの頼みごとを完遂しました。,
世間話をする,
袴田ウェポンショップについて,
射撃武器,
武器の相性について,
はい、そうです。,
いいえ、人違いでは。,
おや……お客様、もしかして\n新しくデビルバスターになられた方ですか？,
やっぱりそうだ、\nその左腕のＣＯＭＰを見ればわかりますよ。,
またまたご冗談を、\nその左腕のＣＯＭＰを見ればわかりますよ。,
かっこいいな～。,
ここでは、悪魔を倒すためには欠かせない\n剣や銃などの武器を扱っています。,
おや、お客様。\nよく見れば、注文票をお持ちですね。,
なるほど、あの守衛さんからですか。\n彼はお得意様なんですよ。,
えーと、この銃が１挺に……\n銃弾が３ケース……,
はい、お待たせしました。\nお使いですか、大変ですね。,
おや、どうも。注文の品は守衛さんに\n届けていただけましたか？,
え？　銃の扱いですか？\nお安い御用です。,
どうです？\n銃について理解できましたか？,
いや～、ほんっと\n武器っていいですよね～。,
武器が持つ５つのパラメータによって\nその性能は大きく異なります。\n,
「近接」は剣や斧などの近接武器で\n攻撃する際のダメージ値に影響します。\n,
「射撃」は銃などの射撃武器で\n攻撃する際のダメージ値に影響します。\n,
「魔法」は魔法で攻撃する際の\nダメージ値に影響します。\n,
「補助」は回復魔法や補助魔法、\n呪詛魔法の効果量に影響します。,
「必殺」は「クリティカル」が\n発生する確率に影響します。,
さらにこれらの５つのパラメータの他にも\n様々な性能を持った武器があるようですよ。\n,
注文の品を受け取りました。,
銃の説明を受けました。,
世間話,
「ＳＵＲＶＩＶＡＬ」について,
耐久値と修理について,
防具の性能について,
…ここは「ＳＵＲＶＩＶＡＬ」。\nその名の通り、,
この東京で生き抜くためには欠かせない\n防具やアクセサリー類を取り扱ってるわ。,
ニニニ、ニューカマー！\n歓迎するぜ！,
ここ「ＳＵＲＶＩＶＡＬ」の説明は\nお隣のバネッサ姐さんに聞いてくれッチョ！,
