デビルバスター基本訓練１,
スネークマン,
『プレイヤーキャラクター』の移動と\n『カメラの移動』を試してみましょう。\n 慣れたらスネークマンに\n 話しかけましょう。,
『ガード』スキルを『５番』の\n『ショートカット』に登録しましょう。\n 完了したらスネークマンに\n 話しかけましょう。,
『アタック』スキルを使って\n『スライム』を５体、倒しましょう。\n 完了したらスネークマンに\n 話しかけましょう。,
デビルバスター基本訓練２,
『ガード』スキルを駆使して\n『ガキ』３体を倒しましょう。\n 完了したらスネークマンに\n 話しかけましょう。,
デビルバスター基本訓練３,
『ラッシュ』スキルを駆使して\n『ウィルオウィスプ』を倒し\n『ＶＢ訓練証』を３個集めたら\n スネークマン に届けましょう。,
デビルバスター基本訓練４,
 破壊魔法『アギ』を覚えて\n『スネークマン』に話しかけましょう。,
 破壊魔法『アギ』を使用し\n『オンモラキ』を１体、倒そう。\n 完了したらスネークマンに\n 話しかけましょう。,
守衛の想い,
新人想いの守衛,
『邪教の館』に行き、『邪教の主』から\n 悪魔の話を聞いて来ましょう。,
新人想いの守衛に報告に行きましょう。,
 ホームポイントガールに\n『守衛の大事な手紙』を\n 届けてあげましょう。,
ホームポイントを設定しましょう。\n完了したら、ホームポイントガールに\n話しかけましょう。,
冒険の仲間,
先輩デビルバスター,
『パーティ』を組み、\n 先輩デビルバスターに話しかけましょう。,
『訓練の間』で\n『虚獣ケルベロス』\n『ガルム』 を倒し、\n 先輩デビルバスターに話しかけしょう。,
『虚獣ケルベロス』\n『ガルム』 を倒したことを\n 先輩デビルバスターに報告しましょう。,
トレードをしよう,
『右クリック』の確認をするために\n 他のプレイヤーに試しましょう。,
『トレードチケットＡ』を『Ａ』以外\n のトレードチケットと『トレード』\n したら、先輩デビルバスターに\n 報告しましょう。,
『トレードチケットB』を『B』以外\n のトレードチケットと『トレード』\n したら、先輩デビルバスターに\n 報告しましょう。,
『トレードチケットC』を『C』以外\n のトレードチケットと『トレード』\n したら、先輩デビルバスターに\n 報告しましょう。,
『トレードチケットD』を『D』以外\n のトレードチケットと『トレード』\n したら、先輩デビルバスターに\n 報告しましょう。,
『トレードチケットE』を『E』以外\n のトレードチケットと『トレード』\n したら、先輩デビルバスターに\n 報告しましょう。,
銃の試射,
袴田さん,
『Ｒｈフェザーライト』を確認したら\n袴田さんに話しかけましょう。,
『ケットシー』を５体倒したら、袴田さん\n に報告しましょう。,
轟け！　カウンター！,
守衛,
『カウンター』をショートカットに\n 登録し守衛に話しかけましょう。,
『勝利の虹　ジャックフロスト』を５体\n 倒し、守衛に報告しましょう。,
紳士の教え,
物好きなデビルバスター,
『ダッジ』をショートカットに登録したら\n 物好きなデビルバスターに\n 話しかけましょう。,
『キス魔ピクシー』を５体倒し、\n 物好きなデビルバスターに\n 報告しましょう。,
プラズマの理解,
ＤＢハルミ,
 プラズマとわかりあって\n『空き缶・ウーロン茶』を２０本と\n『よれたＴシャツ・吸汗』を１０着集めて\n ＤＢハルミに報告しましょう。,
アルミを取り出そう！,
『空き缶・ウーロン茶』を分解し\n アルミを１０個集めたら\n ＤＢハルミに報告しましょう。,
鍛冶師への道！,
偉業のドワーフ,
 エキスパート『武器知識』を\n ＣＬＡＳＳ１まであげて\n『偉業のドワーフ』に\n 熱意を伝えましょう。,
 スキル『鍛造』と『楊柳』を覚えて\n『偉業のドワーフ』に\n 報告しましょう。,
 原料『銅』１２個、『鉄』８個\n『スギ』８個、『砥石』８個を\n 手にいれて『偉業のドワーフ』に\n 報告しましょう。,
『マチェット』を合成して\n『偉業のドワーフ』に\n 報告しましょう。,
スミス・クラウン,
 エキスパート『銃器知識』を\n ＣＬＡＳＳ１まであげて\n『偉業のドワーフ』に\n 熱意を伝えましょう。,
スキル『ガンスミス』と『ファントム』を\n覚えて『偉業のドワーフ』に\n報告しましょう。,
 原料『銅』１２個、『鉄』１０個\n『アルミ』８個、『オイル』１２個を\n 手にいれて『偉業のドワーフ』に\n 報告しましょう。,
『ナンブ１００式』を合成して\n『偉業のドワーフ』に\n 報告しましょう。,
天下無双の高み,
『ドワーフのマチェット』に\n『スロット』があることを確認して、\n『偉業のドワーフ』に\n 報告しましょう。,
『ドワーフのメディカルパウダー』の\n アイテムの詳細の『説明』欄に\n 改造の情報が載っていることを確認し\n『偉業のドワーフ』に\n 話しかけしょう。,
『キャビネット』を使って\n『ドワーフのメディカルパウダー』で\n『ドワーフのマチェット』を改造して\n『偉業のドワーフ』に\n 話しかけましょう。,
『ドワーフのイワクラの水』で\n『ドワーフのマチェット』を改造して\n『偉業のドワーフ』に\n 話しかけましょう。,
『ドワーフの地返しの玉』で\n『ドワーフのマチェット』を改造して\n『偉業のドワーフ』に\n 話しかけましょう。,
１００００マッカを稼ごう,
ビギナーズガール　イヅミ,
『１００００マッカ』集めて依頼主に\n 報告しましょう。,
１０００マグネタイトを集めよう,
『１０００マグネタイト』集めて\n 依頼主に報告しましょう。,
ＣＯＭＰ＿Ｓｈｏｐを見よう,
『模造のダインスレフ』を、\n『ＣＯＭＰ＿Ｓｈｏｐ』で購入して\n 依頼主に報告しましょう。,
交渉：流離いのノズチ,
ビギナーズガール　リカ,
スギナミフィールドで『流離いのノズチ』と\n交渉し、仲魔にしましょう。\n仲魔にした後、召喚した状態で依頼主に\n報告しましょう。,
合体：シキガミ,
『流離いのノズチ』と\n『未熟なケットシー』をスギナミフィールド\n で仲魔にし、邪教の館で合体させ、\n『シキガミ』を作りましょう。\n 合体後、召喚した状態で依頼主に\n 報告しましょう。,
合体：流離いのアルプ,
『流離いのノズチ』と\n『未熟なガルム』をスギナミフィールドで\n 仲魔にし、邪教の館で合体させ、\n『流離いのアルプ』を作りましょう。\n 合体後、召喚した状態で依頼主に\n 報告しましょう。,
討伐：未熟なオルトロス,
 スギナミフィールドにいる悪魔\n『未熟なオルトロス』を２体討伐し、\n 依頼主に報告しましょう。,
討伐：ネコマタ,
 スギナミ魔階坑道（銅）にいる悪魔\n『ネコマタ』を１体討伐し、\n 依頼主に報告しましょう。,
はじめての収集,
ビギナーズガール　イサミ,
スギナミ魔階坑道（銅）に出現する\n悪魔が落とす『輝く鉱石』を１つ集め、\n依頼主に渡しましょう。,
Ｇ１への挑戦,
スギナミ魔階坑道（銅）の\nＧ１トライアルでＢランク以上を\n獲得し、依頼主に報告しましょう。,
仲魔との絆,
親密度を『絆で結ばれた』にした仲魔を\n召喚した状態で、依頼主に報告しましょう。,
心霊の宿るもの,
『オリハルコン製の鎧』を探し、\n 偉業のドワーフに見せましょう。,
クリティカルとリミットブレイク,
ＤＢカノウ,
『クリティカル』を発生させてみましょう。,
『リミットブレイク』を発生させてみましょう。,
ＤＢカノウに報告しましょう。,
ＤＢカノウに再度報告しましょう。,
『クリティカル』と『リミットブレイク』\nきっといつか役立つ気がする……。\n\n【リピート条件】\n実時間　２０時間経過,
交渉：未熟なガルム,
スギナミフィールドで『未熟なガルム』と\n交渉し、仲魔にしましょう。\n仲魔にした後、召喚した状態で依頼主に\n報告しましょう。,
追撃,
ＤＢカノウの指示に従い、\n敵を倒しましょう。,
ＤＢカノウに話しかけましょう。,
『魔階カグラザカ朱雀洞』にいる、\n『渇望する悪霊鬼』を１体倒しましょう。,
追撃……。\nいつか役に立つ気がする。,
悪魔装備,
邪教の主（第三ホーム）,
『体験の香』１個を手にいれて、\n 依頼主に報告しましょう。,
白き悪魔と謎の男女,
ナオトラ,
ナオトラから白い悪魔と謎の男女の\n調査依頼を受けた。\n\nシンジュクフィールドで目撃情報があったようだ。,
白い悪魔オセ・ハレルを発見したが、\n目の前でデビルバスターを殺されてしまった。\n\nナオトラに報告しよう。,
当初、白い悪魔と謎の男女の目撃情報は\nナカノにもあったらしい。\n\nナカノフィールドを調査しよう。,
アズラに詳しい話を聞こう。,
セツとアズラの事を感付かれないように、\nナオトラに説明しよう。,
ナオトラをなんとかごまかせた。\n\nセツとアズラとともに、未来の『カテドラル』で\n『ザイオタイト』を集めよう。,
膺懲の大地人,
セツ,
『カテドラル』の最奥に『熾天使　セラフ』\nを中心とした天使のみが出現する事がある。\n\n『熾天使　セラフ』を討伐して\n『ナカノの野営地』にいるセツに報告しよう。,
『熾天使　セラフ』を討伐した。\n『ナカノの野営地』にいるセツに報告しよう。,
自由人の狂詩曲,
『カテドラル』の最奥に\n『熾天使　セラフ』と『地獄の侯爵　ゴモリー』を\n中心とした悪魔たちが出現することがある。\n\n『熾天使　セラフ』と\n『地獄の侯爵　ゴモリー』を討伐して\n『ナカノの野営地』にいるセツに報告しよう。,
『熾天使　セラフ』と『地獄の侯爵　ゴモリー』を\n討伐した。\n『ナカノの野営地』にいるセツに報告しよう。,
神罰の代行者,
『カテドラル』の最奥に\n『地獄の侯爵　ゴモリー』を中心とした\n堕天使のみが出現する事がある。\n\n『地獄の侯爵　ゴモリー』を討伐して\n『ナカノの野営地』にいるセツに報告しよう。,
『地獄の侯爵　ゴモリー』を討伐した。\n『ナカノの野営地』にいるセツに報告しよう。,
メシアンズレポートの回収,
『メシアンズレポート』を全７種集め、\n『ナカノの野営地』にいるセツに報告しましょう。,
底無し沼の亡霊,
アズラ,
「底無し沼の亡霊」という意味の名を持つ\n悪魔を仲魔（亜種不可）にし、\n『ナカノの野営地』にいるアズラに見せましょう。,
強くなるために,
スキル『三分の残心』を習得した仲魔を、\n『ナカノの野営地』にいるアズラのところに\n連れて行きましょう。,
物資の補給,
『龍の珠』を５０個集め、\n『ナカノの野営地』にいるアズラに渡しましょう。,
大いなる女王,
「大いなる女王」と呼ばれる悪魔を\n仲魔（亜種不可）にし、\n『ナカノの野営地』にいるセツのところに\n連れて行きましょう。,
自分にできること,
スキル『ディアラハン』を習得した仲魔を、\n『ナカノの野営地』にいるアズラのところに\n連れて行きましょう。,
珍しい悪魔が見たい,
夜魔の悪魔『朱炎のクイーンメイブ』を仲魔にし、\n『ナカノの野営地』にいるセツのところに\n連れて行きましょう。,
剣の神,
「剣の神」と呼ばれる悪魔を\n仲魔（亜種不可）にし、\n『ナカノの野営地』にいるセツのところに\n連れて行きましょう。,
女の色気とは,
スキル『ファイナルヌード』を習得した仲魔を、\n『ナカノの野営地』にいるアズラのところに\n連れて行きましょう。,
オシャレしたいお年頃,
『魔階ウエノ砂幻陵（金）』で入手できる\nアイテム『太陽と月のイヤリング♀』を\n１つ手に入れ、\n『ナカノの野営地』にいるアズラに見せましょう。,
地獄の大公爵,
「地獄の大公爵」と呼ばれている\n悪魔を仲魔（亜種不可）にし、\n『ナカノの野営地』にいるアズラに見せましょう。,
必殺技の研究,
スキル『木っ端微塵斬り』と『神速４』を\n習得した仲魔を、\n『ナカノの野営地』にいるアズラのところに\n連れて行きましょう。,
守りたいもののために,
『ナカノ茫漠領域』で入手できる\n『希望のオーブ』を５０個集め、\n『ナカノの野営地』にいるセツに渡しましょう。,
幸運は誰の手に,
過去を捨てた男,
『シンジュクフィールド』にいる\n『女賭博師　キョウコ』に話しかけ、\n 勝負を挑みましょう。,
『過去を捨てた男』に報告しましょう。,
キミはオタク？,
カードマニア(オタク),
 幻のカード『アリスカード（歪）』を\n 持ってくるようお願いされました。\n『アリスカード（歪）』は\n 通常のアリスカードを落とす\n 悪魔が落とす可能性があるようです。\n\n 幻のカードを手に入れ、\n カードマニアに渡しましょう。,
潜む意志,
ユニオンガード　カワタ,
『エレメント【銅】』１００個と、\n『エレメント【ゴム】』２００個を集めて\n ユニオンガード　カワタに渡しましょう。\n\n【リピート条件】\n レベル４０以上\n ＮＥＵＴＲＡＬ属性,
ターミナルガールに話しかけましょう。\n\n【リピート条件】\n レベル４０以上\n ＮＥＵＴＲＡＬ属性,
イノセントプラントのデータを\n１０分以内に手に入れましょう。\n\n【リピート条件】\n レベル４０以上\n ＮＥＵＴＲＡＬ属性,
イノセントプラントのデータを\nユニオンガード　カワタに\n渡しましょう。\n\n【リピート条件】\n レベル４０以上\n ＮＥＵＴＲＡＬ属性,
浅はかな契約,
『第三ホーム野営地』付近にいる\n『ＤＢオオキ』に会いに行きましょう。,
『第三ホーム』にいる守衛に\n 報告しましょう。,
『邪教の主』に『ＤＢオオキ』について\n 聞きに行きましょう。,
『第三ホーム野営地　倉庫』にいる\n『ＤＢオオキ』の元に向かいましょう。,
教習準備～物資調達～,
 魔術屋に行き、『アギストーン』１０個を\n 受け取りましょう。\n\n【リピート条件】\n なし,
 薬局に行き、『傷薬』２０個を\n 受け取りましょう。\n\n【リピート条件】\n なし,
 防具屋に行き、『ヘッドギア♂』５個を\n 受け取りましょう。\n\n【リピート条件】\n なし,
 袴田さんに『アギストーン』\n『傷薬』『ヘッドキア♂』を届けましょう。\n\n【リピート条件】\n なし,
教習準備～仲魔収集～,
 スギナミに出現する\n『未熟なジャックフロスト』を仲魔にし、\n 袴田さんに渡しましょう。\n\n【リピート条件】\n なし,
 スギナミに出現する\n『ケットシー』を仲魔にし、\n 袴田さんに渡しましょう。\n\n【リピート条件】\n なし,
教習準備～悪魔退治～,
 スギナミに夜に出没する\n 各悪魔を倒しましょう。\n\n【リピート条件】\n なし,
教習準備～巨大悪魔討伐～,
 スギナミに出現する\n『巨獣 オルトロス』を倒し、\n 袴田さんに報告しましょう。\n\n【リピート条件】\n なし,
 スギナミに出現する\n『巨獣 ケルベロス』を倒し、\n 袴田さんに報告しましょう。\n\n【リピート条件】\n なし,
 スギナミに出現する\n『魔振の旋律　サラスヴァティ』を倒し、\n 袴田さんに報告しましょう。\n\n【リピート条件】\n なし,
 袴田さんに報告しましょう。\n\n【リピート条件】\n なし,
守衛の不安　ケットシー編,
 第三ホーム野営地付近に出現する\n『ケットシー』６体を倒しましょう。\n\n【リピート条件】\n レベル１０以上,
守衛の不安　オンモラキ編,
 第三ホーム野営地付近に夜に出現する\n『オンモラキ』６体を倒しましょう。\n\n【リピート条件】\n レベル１０以上,
守衛の不安　カーシー編,
 スギナミ魔階坑道付近に出現する\n『カーシー』８体を倒しましょう。\n\n【リピート条件】\n レベル１０以上,
トチョウ設計図の行方,
ＤＢアサダ,
『ＤＢアサダ』に\n『トチョウ設計図の断片』を渡しましょう。\n\n【リピート条件】\n なし,
借金の肩代わり,
ＤＢタナカ,
 総本山にいる『ガイア僧　仁玄』に\n 話しかけましょう。\n\n【リピート条件】\n なし,
 借金の返済完了を\n『ＤＢタナカ』に報告しましょう。\n\n【リピート条件】\n なし,
欲望の獣,
ガイア僧　仁玄,
『ガイア僧　仁玄』に\n『淫石』を渡しましょう。\n\n【リピート条件】\n なし,
七宝行者の秘術,
白髪の若者,
『白髪の若者』に『秘蜜の液』を１０個\n 渡しましょう。\n\n【リピート条件】\n なし,
異類異形の研究,
はぐれの悪魔研究士,
はぐれの悪魔研究士から依頼を受けた。\n\n『ストップウォッチ・バルサム』を使用する\nＧ１トライアルにおいて、\n魔階シナガワ神殿騎士廟（銅）の\n「慟哭のオーラ」または「静寂のオーラ」を\n纏っている場合に開くことのできる場所に出現する\n『幸運のヴァルキリー』または『異形のスペクター』\nを同時に出現する敵と共に討伐せよ。,
はぐれの悪魔研究士から依頼を受けた。\n\n『ストップウォッチ・ミルラ』を使用する\nＧ１トライアルにおいて、\n魔階ウエノ砂幻陵（銀）の３層目に\n出現することのある\n『顕在せし化生の声　ギュウキ』\nを同時に出現する敵と共に討伐せよ。,
はぐれの悪魔研究士から依頼を受けた。\n\n『ストップウォッチ・ベンゾイン』を使用する\nＧ１トライアルにおいて、\n魔階ナカノ地下遺構（銀）の４層目に\n出現することのある\n『縒命に遊ぶ　アトロポス』を討伐せよ。,
はぐれの悪魔研究士から依頼を受けた。\n\n『ストップウォッチ・ストラックス』を使用する\nＧ１トライアルにおいて、\nスギナミ魔階坑道（銀）の\n鍵のかけられた部屋に出現する\n『幸運のネコマタ』を１グループ討伐せよ。,
はぐれの悪魔研究士からの依頼を、\n指定されたストップウォッチを使用して完了させた。\n\n華梟城のはぐれ山羊屋便にタイムを報告し、\nはぐれの悪魔研究士の元へ戻ろう。,
はぐれの悪魔研究士に\n『楽園の英雄』なる敵の討伐を依頼された。\n\n以下の敵を討伐し、\nはぐれの悪魔研究士に報告しよう。,
はぐれの悪魔研究士に\n『狂乱の玄き亀』なる敵の討伐を依頼された。\n\n以下の敵を討伐し、\nはぐれの悪魔研究士に報告しよう。,
はぐれの悪魔研究士に依頼された内容を達成した。\n\n【リピート条件】\n実時間　１時間経過,
アナザー・ドア,
悪魔研究士　シホ,
『悪魔研究士　シホ』が\nデジタライズシステムを預けた、\n『ＤＢサクラギ』を探しましょう。,
『ＤＢサクラギ』に\n『スギナミ魔階坑道（銅）』の調査を依頼された。\n最奥の『巨獣ガルム』を倒しましょう。,
『悪魔研究士　シホ』に\n報告書を渡すよう頼まれた。,
特定のダンジョン進入時、\n『ＢＥＡＲＣＡＴ』を選べるようになりました。,
裏・スギナミ魔階坑道（銅）調査１,
ＤＢサクラギ,
『スギナミ魔階坑道（銅）』に\n『ＢＥＡＲＣＡＴ』を起動して進入し、\nダンジョン内に出現する\n『異世界の巨獣ガルム』を討伐して、\n『ＤＢサクラギ』に報告しましょう。,
裏・スギナミ魔階坑道（銅）調査２,
『スギナミ魔階坑道（銅）』に\n『ＢＥＡＲＣＡＴ』を起動して進入し、\nダンジョン内に出現する\n『異世界の住人フェンリル』を討伐して、\n『ＤＢサクラギ』に報告しましょう。,
裏・スギナミ魔階坑道（銅）調査３,
『異能のフェンリル』を仲魔にするには、\n『異世界の住人フェンリル』が\n関係しているようです。\n\n『異能のフェンリル』を仲魔にし\n『ＤＢサクラギ』に見せましょう。,
ツーカーの仲魔,
クロエ,
親密度が「心を通わせる」以上の仲魔を召喚して\n『ナカノの野営地』にいるクロエに報告しましょう。,
クランを求めて,
クランに所属するか、『クラン許可証』を１個持って\n『ナカノの野営地』にいるクロエに報告しましょう。,
鍛冶師ドワーフ,
新宿バベルにいる『偉業のドワーフ』から\n物霊合体ができるようになった後、\n『ナカノの野営地』にいるクロエに報告しましょう。\n※クエストクリアにはレベルが２０以上必要です。,
デビルフォースの覚醒,
デビルフォースが使用可能になってから\n『ナカノの野営地』にいるクロエに報告しましょう。\n※クエストクリアにはレベルが３０以上必要です。,
スピリット・ショット,
『魔階セルタワー（銅）』で入手または、\n『アームズメイカー』で作成できる\n『オーラショット・黒』を手に入れたら\n『ナカノの野営地』にいるクロエに報告しましょう。,
デジタライズ,
デジタライズが使用可能になってから\n『ナカノの野営地』にいるクロエに報告しましょう。,
師を目指して,
『Ｂ級ＤＢライセンス』を手に入れたら\n『ナカノの野営地』にいるクロエに報告しましょう。,
一人前のデビルバスター,
プレイヤーのレベルが７５以上になった状態で\n『ナカノの野営地』にいるクロエに報告しましょう。,
将門顕現,
キサラギ,
『魔階セルタワー』で『公の幟旗』を\n使用して現れた悪魔を討伐しましょう。,
キサラギから依頼を受け、\nトウキョウに混乱を招く悪魔を誘き寄せ、\n打ち倒した。,
Rainy days never stay,
アナト,
『ナカノの野営地』から\n『魔階ナカノ地下遺構（パラレル）』に向かい、\n モトにバアルの行方を尋ねましょう。,
『ナカノの野営地』から\n『命の洞穴（パラレル）』に向かい、\n アナトに報告しましょう。,
『ナカノの野営地』から\n『魔階シブヤクォーツ（パラレル）』に向かい、\n ハーピー達に冥府の果実を要求しましょう。,
『ナカノの野営地』から\n『魔階ナカノ地下遺構（パラレル）』に向かい、\n モトに『ザクロの実』を渡しましょう。,
『ナカノの野営地』から\n『魔階ウエノ砂幻陵（パラレル）』に向かい、\n バアルから話を聞きましょう。,
『ナカノの野営地』から\n『命の洞穴（パラレル）』に向かい、\n アナトに『ヘナの実』を渡しましょう。,
ひとまずアナトの気は反れたようです。\nアナトと契約することで、\n更なる進展があるかもしれません。,
The die is cast,
グリフォン,
『ナカノの野営地』から\n『魔階シナガワ神殿騎士廟(パラレル)』に向かい、\n グリフォンの導きに応じましょう。,
ひとまずブラックマリアに認められたようです。\nグリフォンより『真理に導かれる』ことで、\n更なる進展があるかもしれません。,
Rainy days will never change,
ブラックマリア,
『ナカノの野営地』から\n『魔階ウエノ砂幻陵（パラレル）』に向かい、\n バアルの様子を確認しましょう。,
『新宿バベル』の『邪教の主』に、\n『導きの印章』を見せにいきましょう。,
真理の歪みは阻止できたようです。\nブラックマリアの元に通い続けることで、\n再び事が起こるかもしれません。\n\n【リピート条件】\n なし,
光る石を見せて,
朧,
スギナミにある坑道の中から\n十字型で光っている石を\n探してきましょう。,
夫を探して,
「オベロンカード」を１枚\n探してきましょう。,
カハクに会いたくて,
『カハク』を仲魔にして\n『朧』に会わせてあげましょう。,
守り石は何処に,
結界のように、\n守ってくれる力があふれてる石を１０個\n探してきましょう。,
幸せの歌姫,
幸せに満ちた『カハク』を仲魔にして\n『朧』に会わせてあげましょう。,
怪我した子供の為に,
怪我した子供の為に『傷薬』を\n探してきましょう。,
お守り的宝石,
お守りになるような宝石を\n探してきましょう。,
ヒノキを探せ,
何処かにある『ヒノキ』を\n探してきましょう。,
犬の首輪,
オス用の犬の首輪らしきものを\n探してきましょう。,
求むクレープ,
第三ホーム内で売っているクレープを\n２つ買ってきましょう。,
限界突破の薬？,
限界が突破できるようになる薬を\n探してきましょう。,
瞬間移動の石,
決めておいた帰る場所へ即座に戻れる石を\n探してきましょう。,
悪魔飛ばし,
悪魔を吹き飛ばす事ができるアイテムを\n探してきましょう。,
ジャックフロストカードが欲しい,
ある子供の為に\n『ジャックフロストカード』を\n探してきましょう。,
無くした指輪,
婚約指輪をなくしてしまった人の為に、\n『トパーズ』を探してきましょう。,
お店の人へのプレゼント,
ピクシー,
『ピクシー』がお店の人の為に\nアクセサリーを作りたいらしい。\nそのための『アクアマリン』を\n１０個あげましょう。,
巨人を懲らしめて,
『ピクシー』の踊る場所を壊した\n『フォーモリア』を、\n５回懲らしめましょう。,
靴を直したい,
『ピクシー』の壊れた靴を直すために、\n『リペアキット』を渡してあげましょう。,
誑かした王様？,
『ピクシー』の長を誑かせた\n『電子の妖精　オベロン』を\n懲らしめてきましょう。,
女王様から身を守れ,
『ピクシー』が、\n女王様からお仕置きを受けないために、\n『恐妻　ティターニア』を\n倒してきてあげましょう。,
人を襲っちゃだめ,
人を襲った『ブッカブー』を\n３回懲らしめてきましょう。,
アクアマリン大好き,
『ピクシー』のために、\n『アクアマリン』を持ってきましょう。,
キス魔に注意,
『キス魔　ピクシー』を\n１０回懲らしめて反省させましょう。,
幸運を探せ,
『ピクシー』のために、\n『幸運のピクシー』を連れてきて\nあげましょう。,
メロンが食べたい,
『ピクシー』のために、\n『まんだらメロン』を\n持ってきてあげましょう。,
噛まれて痛いの,
『ピクシー』を噛んだ『カーシー』を\n５回懲らしめてきましょう。,
小さい反抗,
『ピクシー』のために、\n『荒ぶる化身　ケットシー』を\n倒してきましょう。,
文字の書かれた珠,
『ピクシー』のために、\n文字の書かれた水色の珠を\n持ってきてあげましょう。,
馬のような友達,
『ピクシー』のために、\n『ケルピー』を連れてきてあげましょう。,
遺物コレクター？,
『ピクシー』のために、\n『微力な祝いのオープス』を\n持ってきてあげましょう。,
ブッ飛んだ世界,
パンクス,
パンクスが目撃した『ブッ飛んだやつ』を\nイケブクロ東地区から探し出し、\n正体を確かめましょう。 ,
山羊屋を邪魔する\n『アッパーな若者達』を\n見つけ出しましょう。,
『美を追究するパンクス』が認めるような\n『美しい悪魔』を探し出し\n彼のもとへ連れて行きましょう。,
イケブクロ周辺の使役された悪魔を蹴散らし、\n『剛盲なるパンクス』に報告しましょう。,
『酩酊を愛するパンクス』の欲しがる\nスナック５種を探し出し、彼のもとに\n届けましょう。,
『アッパーな若者達』による\n邪魔は無くなったことを、\n『ブッ飛んだ山羊屋』へ報告しましょう。,
\n\n―― 山羊屋はもうブッ飛ばない。\n\n\n検問所のパンクスにそう伝えましょう。,
培養と外丹と煉丹術,
何かを知ってそうな女,
『エレメント【聖獣のたてがみ】』１個\n『レリックピース【冥斧】』１個\n『四葉のクローバー（Ｃ３）×１．２』１個\n『砂突・黒』１個\n『キャビネットＰｒｏ』１個\n『ユミルの土』１個を\n『何かを知ってそうな女』に渡しましょう。\n\n【リピート条件】\n エキスパート『外丹』がクラス１未満,
「幸運」は何処に,
ドミニオン,
『ドミニオン』の為に、\n「幸運」と呼ばれる同族を探し、\n連れてきてあげましょう。,
「異形」は不安を解消する！？,
『ドミニオン』の為に、\nスギナミ魔階坑道にいる\n『異形のアークエンジェル』を\n連れてきてあげましょう。\n\n但し、『饒舌な多弁家』と呼ばれる\n『異形のアークエンジェル』では\n納得しないようなので注意しましょう。,
「非凡」な癒し手,
『ドミニオン』の為に、\n『非凡なプリンシパリティ』を\n連れてきてあげましょう。,
小さき彼を求めて,
『ドミニオン』の為に、\n『未熟なドミニオン』を\n連れてきてあげましょう。,
贖罪,
『ドミニオン』の贖罪の為に、\n『ウリエル』を\n連れてきてあげましょう。,
不運な主,
『ドミニオン』の主の為に、\n『オモイカネの魔晶』を\n持ってきてあげましょう。,
特殊な頭脳を治すには？,
『ドミニオン』の主の為に、\n『ヴァルキリーの魔晶』を\n持ってきてあげましょう。,
決定力を持とう！,
『ドミニオン』の主の為に、\n『モリーアンの魔晶』を\n持ってきてあげましょう。,
三十六計逃げるに如かず,
『ドミニオン』の主の為に、\n『チンの魔晶』を\n持ってきてあげましょう。,
科学かぶれ,
『ドミニオン』の主の為に、\n『エルフの魔晶』を\n持ってきてあげましょう。,
アンチ・マジック・デーモンパワー,
『ドミニオン』の主の為に、\n『デカラビアの魔晶』を\n持ってきてあげましょう。,
箸より重い……,
『ドミニオン』の主の為に、\n『フォーモリアの魔晶』を\n持ってきてあげましょう。,
せめて、アルミ缶は,
『ドミニオン』の主の為に、\n『フェンリルの魔晶』を\n持ってきてあげましょう。,
不名誉な二つ名,
『ドミニオン』の主の為に、\n『キウンの魔晶』を\n持ってきてあげましょう。,
決断力が望まれている,
『ドミニオン』の主の為に、\n『ガンガーの魔晶』を\n持ってきてあげましょう。,
好かれるために,
クラブの前で何かを待っている男,
『朧』に恋する男の為に、\nお花を持ってきてあげましょう。,
角を持つ悪魔を知りたいの,
紫,
紫に『悪魔全書メモリ・ガンダルヴァ』を\n渡しましょう。,
あなたって強いのかしら,
イケブクロを荒らす若者を懲らしめましょう。\n『パンクスリーダー』２０体。,
あなたになら頼れる気がして,
次の悪魔を討伐しましょう。\n『水難を呼ぶものミズチ』３０体。\n『水難を呼ぶものケルピー』３０体。,
この角って何なのかしら,
紫に『フォーモリア』を会わせてあげましょう。,
真実の姿を知りたくて,
紫に『トウテツ』を会わせてあげましょう。,
ＶＩＰチケット（１日）はいかが？,
紫に『クロイツ』を２５００個もってきましょう。,
華梟城へ移動する石５つはいかが？,
紫に『クロイツ』を９個もってきましょう。,
華梟城へ移動する石１つはいかが？,
紫に『クロイツ』を２個もってきましょう。,
微力な祝いのオープスはいかが？,
紫に『クロイツ』を１個もってきましょう。,
カジノのお守りはいかが？,
紫に『クロイツ』を４５個もってきましょう。,
ラクタヴィの血石はいかが？,
紫に『クロイツ』を１１個もってきましょう。,
契の玉・回はいかが？,
紫に『クロイツ』を５５個もってきましょう。,
ＨＥＰＡはいかが？,
紫に『クロイツ』を１４０個もってきましょう。,
ジップはいかが？,
ユミルの土はいかが？,
紫に『クロイツ』を３個もってきましょう。,
服の色と同じ宝石,
葵,
葵に『紫色の宝石』を１０個渡しましょう。,
知恵を授けた神様,
葵に\n『岩戸に隠れた神様を\n外に出す知恵を授けた神様』\nを会わせてあげましょう。\n但し、通常とは何かしら異なる能力を\n所有する神様は対象外となります。,
口論を仲裁した神様,
葵に\n『ある夫婦の口論を仲裁した女性の神様』\nを会わせてあげましょう。\n但し、通常とは何かしら異なる能力を\n所有する神様は対象外となります。,
目的地へ案内した鳥,
葵に\n『ある目的地へ道案内をした\n神様からの遣いの鳥』\nを会わせてあげましょう。\n但し、通常とは何かしら異なる能力を\n所有する神様は対象外となります。,
アメノウズメに会わせて,
葵に\n『アメノウズメ』\nを会わせてあげましょう。\n但し、通常とは何かしら異なる能力を\n所有する神様は対象外となります。,
情熱という言葉を持つ花,
葵に\n『情熱という花言葉を持っている花』を\n１個渡しましょう。,
蛇の中にあった剣,
葵に\n『ある蛇の尾の中にあった剣』を\n１個渡しましょう。,
神器をモチーフにしたネックレス,
葵に\n『神器と称された物をモチーフにした\n女性用のネックレス』を\n１個渡しましょう。,
国と神を産みし矛,
葵に\n『国産み、神産みに使用した矛』を\n１個渡しましょう。,
相撲の祖,
葵に\n『相撲の祖となった神様』\nを会わせてあげましょう。\n但し、通常とは何かしら異なる能力を\n所有する神様は対象外となります。,
鞍馬山の天狗様,
葵に\n『鞍馬山に居た天狗』\nを会わせてあげましょう。\n但し、通常とは何かしら異なる能力を\n所有する神様は対象外となります。,
シナツヒコの力が宿る剣,
葵に\n『シナツヒコという神様の力が宿る剣』を\n１個渡しましょう。,
国を平定させた剣,
葵に\n『葦原中つ国を平定する際に用いた剣』を\n１個渡しましょう。,
海底の醜き神様,
葵に\n『海底に住むある海の神様で、\nある戦いのため呼ばれた際に、\n顔が醜いからと行かなかった、\nエイに似た神様』\nを会わせてあげましょう。\n但し、通常とは何かしら異なる能力を\n所有する神様は対象外となります。,
遮光器土偶に似た神様,
葵に\n『遮光器土偶に似た古くから伝わる神様』\nを会わせてあげましょう。\n但し、通常とは何かしら異なる能力を\n所有する神様は対象外となります。,
Act.0　無力という罪,
ＤＢ-ＮＥＴ,
 <qdetail:qid_299_p01_01.dds>\n第二ホーム・ロビー奥へ向かい\n『昇降機』の確認を行いましょう。,
 昇降機を確認した結果を\n『ＤＢクロエ』に伝えましょう。,
『第二ホーム』の工業区画を経由して\n 居住区画にいる民間人の安全を確保\n しましょう。,
Act.1　仲魔,
<qdetail:qid_300_p01_01.dds>\n『第三ホーム』付近に出現する\n ピクシーたちの群れのリーダーを探し出し\n 交渉により仲魔にしましょう。,
仲魔にした『リーダーピクシー』を\nスネークマンに見せましょう。,
Act.2　予兆,
<qdetail:qid_301_p01_01.dds>\n『邪教の主』の手伝いに行きましょう。,
 <qdetail:qid_301_p02_01.dds>\nスギナミ魔階坑道の中に居る\n コダマを倒すと手に入るという\n『魂のかけら』を５個集めましょう。,
<qdetail:qid_301_p03_01.dds>\n『魂のかけらの調査報告書』を\n『スネークマン』に届けましょう。,
Act.3　襲撃,
<qdetail:qid_302_p01_01.dds>\n『アーシーズ』を２身合体で作り、\n スギナミ北部の『第三ホーム野営地』で\n 待つ『守衛』のもとへ向かいましょう。,
『第三ホーム野営地』周辺で\n『ケットシー』を１０体、\n『荒ぶる化身ケットシー』を１体\n 倒しましょう。,
『第三ホーム野営地』周辺で\n『イヌガミ』を１０体、\n『混沌の使者シキガミ』を１体\n 倒しましょう。,
<qdetail:qid_302_p04_01.dds>\n『第三ホーム搬入口』の守衛に\n 運搬準備ができたことを知らせましょう。,
<qdetail:qid_302_p05_01.dds>\nスネークマンに報告しましょう。,
Act.4　アズラ,
『第三ホームの邪教の主』のもとへ\n 向かい、実験の手伝いをしましょう。,
<qdetail:qid_303_p02_01.dds>\n『レベル１２』以上の悪魔と\n『旧世界の石』を入手しましょう。,
『レベル１２』以上の悪魔と\n『旧世界の石』を\n『第三ホームの邪教の主』の所へ\n 持って行きましょう。,
『第三ホーム邪教の館』に行き、\n『邪教の主』からプレートを\n 受け取りましょう。,
<qdetail:qid_303_p05_01.dds>\n『スギナミ魔階坑道プレート（灰）』を\n『スギナミ魔階坑道』で使い、\n 最深部に向かいましょう。,
『スギナミ魔階坑道プレート（灰）』を\n『スギナミ魔階坑道』で使い、\n 最深部に向かいましょう。,
<qdetail:qid_303_p08_01.dds>\nスネークマンに報告しましょう。,
Act.5　満ちる森,
 <qdetail:qid_304_p01_01.dds>\n調査隊リーダー『ノナカ』に会い\n『ナカノ調査ＤＡＴＡ』について\n 尋ねてみましょう。,
 <qdetail:qid_304_p02_01.dds>\nノナカの言う調査員を探し、\n『ナカノ調査ＤＡＴＡ』について\n 尋ねてみましょう。,
 <qdetail:qid_304_p03_01.dds>\nドジな調査員が紛失した\n『ナカノ調査ＤＡＴＡ』を\n 探し出しましょう。,
<qdetail:qid_304_p04_01.dds>\n『ナカノ調査ＤＡＴＡ』を\n スネークマンに届けましょう。,
Act.6　均衡のオベリスク,
 <qdetail:qid_305_p01_01.dds>\nナカノのオベリスク周辺にいる\n『イノセント』に話しかけ、\n 調査について訊ねましょう。,
<qdetail:qid_305_p02_01.dds>\n『ＤＢヤマグチ』または『ＤＢカノウ』を\n 手伝いましょう。,
<qdetail:qid_305_p03_01.dds>\n ナカノのオベリスク周辺で\n『ギュウキ』１０体\n『アズミ』２０体\n を倒してＤＢヤマグチに\n 報告しましょう。,
 <qdetail:qid_305_p04_01.dds>\nナカノのオベリスク周辺で\n『ケルピー』１０体\n『コカトライス』２０体\n を倒してＤＢカノウに\n 報告しましょう。,
 <qdetail:qid_305_p05_01.dds>\nナカノのイノセントから\n『オベリスクＤＡＴＡ-０１』を\n 受け取りましょう。,
 <qdetail:qid_305_p06_01.dds>\nスネークマンに\n『オベリスクＤＡＴＡ-０１』を\n 渡しましょう。,
Act.7　ＤＢライセンス,
ＶＢルームの右端の端末で\n『ライセンステストカード』を使い\n ＤＢライセンステストを\n 受けましょう。,
 スネークマンに話しかけて\n『ＤＢライセンス』を貰いましょう。,
<qdetail:qid_306_p03_01.dds>  \n『搬入口カードＢ』を使い、\n 第三ホーム搬入口内で起きている\n 謎の敵の襲撃を防ぎましょう。,
<qdetail:qid_306_p04_01.dds>  \nスネークマンに\n襲撃事件の報告をしましょう。,
Act.8　形と力のオベリスク,
不動の山本長官,
<qdetail:qid_307_p01_01.dds>  \n『メシア教徒』に活動の認可が\n 下りたことを伝えましょう。,
<qdetail:qid_307_p02_01.dds>  \n『ガイア僧』に活動の認可が\n 下りたことを伝えましょう。,
<qdetail:qid_307_p03_01.dds>  \n中央制御室に戻って\n不動の山本長官に報告しましょう。,
 <qdetail:qid_307_p04_01.dds>  \nシブヤのイノセントから\n『オベリスクＤＡＴＡ－０２』を\n 受け取りましょう。,
<qdetail:qid_307_p05_01.dds>  \n 中央制御室に戻って\n 不動の山本長官に\n『オベリスクＤＡＴＡ－０２』を\n 渡しに行きましょう。,
中央制御室の扉から出て\nイチガヤへ向かいましょう。,
 <qdetail:qid_307_p07_01.dds>  \nイチガヤのイノセントから\n『オベリスクＤＡＴＡ－０３』を\n 受け取りましょう。,
<qdetail:qid_307_p08_01.dds>  \n 中央制御室に戻って\n 不動の山本長官に\n『オベリスクＤＡＴＡ－０３』を\n 渡しに行きましょう。,
Act.9　セツの杞憂,
<qdetail:qid_308_p01_01.dds>  \n『魔階セルタワー』の内部を\n『ビジョナリー０１』に記録しましょう。\n『魔階セルタワープレート（調査）』が\n なくなったら\n『不動の山本長官』からもらいましょう。,
 <qdetail:qid_308_p02_01.dds>  \n中央制御室に戻って\n『不動の山本長官』に報告しましょう。,
扉から中央制御室を出ましょう。,
Act.10 アズラの探し物,
<qdetail:qid_309_p01_01.dds>  \n『第三ホーム』の『スネークマン』の\n もとへ向かいましょう。,
<qdetail:qid_309_p02_01.dds>  \n『スギナミ魔階坑道プレート（王国）』を\n 使って、\n『スギナミ魔階坑道』に行った\n『アズラ』を探しましょう。,
 <qdetail:qid_309_p03_01.dds>  \n中央制御室に戻って\n『不動の山本長官』に報告しましょう。,
Act.11 アズラ特訓！！,
<qdetail:qid_310_p01_01.dds>  \n『スネークマン』の元にいる\n『アズラ』に会いに行きましょう。,
『ＶＢカードＣ』を使って\n ヴァーチャルバトルにいる\n『アズラ』に会いに行きましょう。,
<qdetail:qid_310_p03_01.dds>  \n『Ｓ－ＣＯＭＰ・改』を\n 修復してもらい、\n『スネークマン』に報告しましょう。,
修復した『Ｓ－ＣＯＭＰ・改』を\n『アズラ』に渡しましょう。,
圧倒されている『アズラ』の代わりに\n『虚獣フェンリル』を倒しましょう！,
『スネークマン』に話しかけましょう。,
 <qdetail:qid_310_p07_01.dds>  \n中央制御室に戻って\n『不動の山本長官』に報告しましょう。,
Act.12 過去のビジョナリー,
<qdetail:qid_311_p01_01.dds>  \n『シンジュクドック』の\n『ドック制御室』へ向かいましょう。,
<qdetail:qid_311_p02_01.dds>  \n『動力炉』で『ドック制御室』へ\n 電力を送りましょう。,
<qdetail:qid_311_p03_01.dds>  \n『ドック制御室』へ向かい\n イノセントの安否を確認し\n『過去のＤＡＴＡ』を回収しましょう。,
<qdetail:qid_311_p04_01.dds>  \n 中央制御室に戻って\n『不動の山本長官』に報告しましょう。,
Act.13 メシア教団への使者,
<qdetail:qid_312_p01_01.dds>  \n『聖都アルカディア』の『カテドラル』で\n『メシア教団』の大司教\n『勤勉なるユダ』と話しましょう。,
<qdetail:qid_312_p02_01.dds>  \n『シブヤ』の『イノセント』に\n『ユダのプレート』を渡して\n 試練を受けましょう。,
『勤勉なるユダ』に報告しましょう。,
<qdetail:qid_312_p04_01.dds>  \n 中央制御室に戻って\n『不動の山本長官』に報告しましょう。,
Act.13 ガイア教団への使者,
<qdetail:qid_313_p01_01.dds>  \n『総本山』の『風雲城』で\n『ガイア教団』の大僧正\n『剛毅なる道灌』と話しましょう。,
<qdetail:qid_313_p02_01.dds>  \n『イチガヤ』の『イノセント』に\n『道灌のプレート』を渡して\n 試練を受けましょう。,
『剛毅なる道灌』に報告しましょう。,
 <qdetail:qid_313_p04_01.dds>  \n中央制御室に戻って\n『不動の山本長官』に報告しましょう。,
Act.14 拝神,
<qdetail:qid_314_p01_01.dds>  \n『テンプルナイト　フタガミ』に会い、\n『第二ホーム』の調査をしましょう。,
<qdetail:qid_314_p02_01.dds>  \n『第二ホーム』前にいる悪魔を倒して\n 襲撃犯『オガミ』の手がかりを\n 手に入れ、『中央制御室』の\n『不動の山本長官』に報告しましょう。,
<qdetail:qid_314_p03_01.dds>  \n『刺青の画像』と\n『破れたドウマン呪符』を使って\n『オガミ』の居場所を突き止めましょう。\n,
『旧イチガヤ駐屯地（拝神）』にいる\n『オガミ』に話しかけましょう。,
『アズラ』に話しかけ\n『旧イチガヤ駐屯地（拝神）』から\n 脱出しましょう。,
 <qdetail:qid_314_p06_01.dds>  \n中央制御室に戻って\n『不動の山本長官』に報告しましょう。,
Act.15 囚わるる者たち,
<qdetail:qid_315_p01_01.dds>  \n『エレベーターガール』に話しかけ、\n『シンジュクドック（Ｂ１０Ｆ）』へ\n 向かいましょう。,
<qdetail:qid_315_p02_01.dds>  \nどこかから聞こえた悲鳴の主を\n探しましょう。,
<qdetail:qid_315_p03_01.dds>  \nイノセントを救出し\n首謀者を探し出しましょう。,
 <qdetail:qid_315_p04_01.dds>  \n中央制御室に戻って\n『不動の山本長官』に報告しましょう。,
Act.16 スパイラル・ワルツ,
<qdetail:qid_316_p01_01.dds>  \n『剛毅なる道灌』の話を聞き、\n オガミ討伐作戦へ参加するよう\n 説得しましょう。,
<qdetail:qid_316_p02_01.dds>  \n中央制御室に戻って\n『不動の山本長官』に報告しましょう。,
<qdetail:qid_316_p03_01.dds>  \n『勤勉なるユダ』の話を聞き、\n オガミ討伐作戦へ参加するよう\n 説得しましょう。,
 <qdetail:qid_316_p04_01.dds>  \n中央制御室に戻って\n『不動の山本長官』に報告しましょう。,
<qdetail:qid_316_p05_01.dds>  \n『旧イチガヤ駐屯地（降霊）』に向かい\n『オガミ』一派の目論見を阻止しましょう。,
<qdetail:qid_316_p06_01.dds>  \n『ＤＢミカナギ』に話しかけましょう。,
 <qdetail:qid_316_p07_01.dds>  \n中央制御室に戻って\n『不動の山本長官』に報告しましょう。,
兄妹,
『魔階深層部』の調査をしましょう。,
『破損したＳ－ＣＯＭＰ・改』を\n セツに渡しましょう。,
Act.17 No other Gods before me,
ケルベロス,
『勤勉なるユダ』『剛毅なる道灌』の\n ２人に会い、\n ケルベロスの『主』についての\n 手がかりを探しましょう。,
さらにケルベロスの『主』についての\n手がかりを探しましょう。,
中立都市プロトピアに行きましょう。,
Act.18 Do not make cast idols,
『セツ』を止めましょう。,
魔階トチョウに向かいましょう。,
 中央制御室に戻って\n『不動の山本長官』に報告しましょう。,
Act.19 Don't take my Name -1-,
マダム,
『マダム』から\n詳しい話を聞きましょう。,
『マダム』から\n作戦の詳しい内容を聞きましょう。,
『魔階シブヤクォーツ』に向かい、\n『パワーマグネタイト』を探しましょう。,
『中立都市プロトピア』の\n『マダムの執務室』に戻って\n『アルフレッド』に報告しましょう。,
勤勉なるユダ,
『勤勉なるユダ』から\n詳しい話を聞きましょう。,
『聖都アルカディア』の\n『カテドラル』に戻って\n『勤勉なるユダ』に報告しましょう。,
剛毅なる道灌,
『剛毅なる道灌』から\n詳しい話を聞きましょう。,
『総本山』の\n『風雲城』に戻って\n『剛毅なる道灌』に報告しましょう。,
Act.19 Don't take my Name -2-,
アルフレッド,
『アルフレッド』から\n詳細をききましょう。,
『魔階セルタワー』に向かいましょう。,
Act.19 Don't take my Name -3-,
『アルフレッド』から\n詳細を聞きましょう。,
『旧イチガヤ駐屯地』に向かいましょう。,
『アルフレッド』から\n『セキュリティカード』を\n受け取りましょう。,
Act.19 Don't take my Name -4-,
-,
『セキュリティカード（創造）』を持って\n『シンジュクドック』の\nエレベーターへ向かいましょう。,
再度『シンジュクドック』の\nエレベーターへ向かいましょう。,
Act.20 Remember the Sabbath -1-,
『マダム』から詳しい話を聞きましょう。,
『アルフレッド』に話しかけましょう。,
『アルフレッド』に話しかけて、\n『カーネル空間』に向かいましょう。　　　,
『アルフレッド』に報告しましょう。,
『勤勉なるユダ』から\n続きを聞きましょう。,
『勤勉なるユダ』に話しかけて、\n『ユダの精神世界』に向かいましょう。,
『剛毅なる道灌』から\n続きを聞きましょう。,
『剛毅なる道灌』に話しかけて、\n『道灌の精神世界』に向かいましょう。,
Act.20 Remember the Sabbath -2-,
『シンジュクドック』の\nエレベーターへ向かいましょう。,
Act.XX Imagine there's Heaven.,
思い出すはあの時の選択。\n残る心当たりのある人の下へ\n訪ねに行きましょう。,
Act.XX I'm not the only One.,
思い出すはあの時の選択。\nそれは、時が解決してくれる事でしょう。,
Side.a 始まりの地,
全てが始まった地で何が起きているのか\n調査しましょう。,
『ハルアキ』に第二ホーム内部の事情を\n伝えましょう。,
Side.b Paradise lost,
『勤勉なるユダ』に\n話を聞きに行きましょう。,
『不動の山本長官』に\n会いに行きましょう。,
『創造の間』に向かいましょう。,
ドウマンが張った結界を\n破る方法を探しましょう。,
ドウマンが張った結界を破り\nすべてを終わらせましょう。,
『不動の山本長官』に報告しましょう。,
『勤勉なるユダ』に\n会いに行きましょう。,
『スネークマン』に\nすべてを報告しましょう。,
ポルターガイストとの対峙,
桜満集,
幽鬼の悪魔『ポルターガイスト』を探して\n討伐しましょう。,
ハーピーとの対峙,
スギナミで『ハーピー』を探して\n討伐しましょう。,
ガーネットを届けて,
赤い宝石『ガーネット』を手に入れて\n『集』に渡しましょう。,
エンジェルとの対峙,
天使の悪魔『エンジェル』を探して\n討伐しましょう。,
練気の剣を届けて,
『スギナミ魔階坑道（銅）』で\n『練気の剣』を手に入れて\n『集』に渡しましょう。,
宝玉を届けて,
第三ホームで売っている\n白くて丸い形のアイテムを探して\n『集』に渡しましょう。,
チャクラドロップを届けて,
第三ホームで売っている\n赤と白の飴を探して\n『集』に届けましょう。,
ピクシーとの対峙,
スギナミで『ピクシー』を探して\n討伐しましょう。,
迷い込んだカハクとの対峙,
スギナミで『迷い込んだカハク』を探して\n討伐しましょう。,
リーダーピクシーとの会話,
スギナミで妖精の悪魔\n『リーダーピクシー』を仲魔にし、\n連れていきましょう。,
スイーパーを届けて,
第三ホームで売っている\n殺し屋が愛用したような銃を探して\n『集』に渡しましょう。,
琥珀の首飾りを届けて,
第三ホームで売っている\n『琥珀の首飾り』を探して\n『集』に渡しましょう。,
カーシーとの対峙,
スギナミで『カーシー』を探して\n討伐しましょう。,
未熟なスライムとの対峙,
スギナミで『未熟なスライム』を探して\n討伐しましょう。,
未熟なオルトロスとの会話,
スギナミで二つ首の魔獣の悪魔\n『未熟なオルトロス』を\n仲魔にし、連れてきましょう。,
スギナミ魔階坑道プレ（銅）を届けて,
『スギナミ魔階坑道』の銅プレートを\n探して、『集』に渡しましょう。,
悪魔全書メモリ・アクアンズを届けて,
第三ホームで売っている\n『悪魔全書メモリ・アクアンズ』を探して\n『集』に渡しましょう。,
オンモラキとの対峙,
凶鳥の悪魔『オンモラキ』を探して\n討伐しましょう。,
荒ぶる化身コダマとの対峙,
スギナミで大きな地霊の悪魔\n『荒ぶる化身コダマ』を探して\n討伐しましょう。,
ケットシーとの会話,
スギナミで猫の魔獣の悪魔\n『ケットシー』を仲魔にし、\n連れていきましょう。,
輝く鉱石を届けて,
『スギナミ魔階坑道（銅）』で\n『輝く鉱石』を探し出し、\n『集』に渡しましょう。,
悪魔全書メモリ・アーシーズを届けて,
『スギナミ魔階坑道（銅）』で売っている\n『悪魔全書メモリ・アーシーズ』を探して\n『集』に渡しましょう。,
スダマとの対峙,
地霊の悪魔『スダマ』を探して\n討伐しましょう。,
荒ぶる化身ケットシーとの対峙,
スギナミで大きな猫の魔獣の悪魔\n『荒ぶる化身ケットシー』を探して\n討伐しましょう。,
ジャックフロストとの会話,
スギナミで妖精の悪魔\n『ジャックフロスト』を仲魔にし、\n連れていきましょう。,
魂のかけらを届けて,
『スギナミ魔階坑道（銅）』で\n『魂のかけら』を探し出し、\n『集』に渡しましょう。,
悪魔全書メモリ・リリムを届けて,
『スギナミ魔階坑道』で売っている\n『悪魔全書メモリ・リリム』を探して\n『集』に渡しましょう。,
巨獣ガルムとの対峙,
『スギナミ魔階坑道（銅）』で\n『巨獣ガルム』を探して\n討伐しましょう。,
ネコマタとの対峙,
魔獣の悪魔『ネコマタ』を探して\n討伐しましょう。,
イヌガミとの会話,
スギナミで魔獣の悪魔\n『イヌガミ』を仲魔にし、\n連れていきましょう。,
無銘の刀を届けて,
『スギナミ魔階坑道（銅）』で\n『無銘の刀』を手に入れて\n『集』に渡しましょう。,
鏡のイヌガミとの対峙,
楪いのり,
魔獣の悪魔『鏡のイヌガミ』を探して\n討伐しましょう。,
力の具現者キクリヒメとの対峙,
地母神の悪魔『力の具現者キクリヒメ』を\n探して討伐しましょう。,
クロイツを届けて,
赤いコインのアイテム『クロイツ』を\n探して、『いのり』に渡しましょう。,
渇望する悪霊鬼レギオンとの対峙,
幽鬼の悪魔『渇望する悪霊鬼レギオン』を\n探して討伐しましょう。,
形の具現者オーディンとの対峙,
魔神の悪魔『形の具現者オーディン』を\n探して討伐しましょう。,
柳葉刀を届けて,
新宿バベルで売っている『柳葉刀』を\n探して、『いのり』に届けましょう。,
小さな勝利のルーンストーンを届けて,
魔術屋で売っている\n『小さな勝利のルーンストーン』を探して\n『いのり』に届けましょう。,
ギュウキとの対峙,
妖獣の悪魔『ギュウキ』を探して\n討伐しましょう。,
モスマンとの対峙,
妖獣の悪魔『モスマン』を探して\n討伐しましょう。,
ジャックランタンとの会話,
ナカノで妖精の悪魔\n『ジャックランタン』を仲魔にし、\n連れていきましょう。,
悪魔全書メモリ･ノッカーを届けて,
『悪魔全書メモリ・ノッカー』を手に入れて\n『いのり』に渡しましょう。,
オキュペテーカードを届けて,
『オキュペテーカード』を手に入れて\n『いのり』に渡しましょう。,
ドワーフとの対峙,
地霊の悪魔『ドワーフ』を探して\n討伐しましょう。,
煌くアエローとの対峙,
妖鳥の悪魔『煌くアエロー』を探して\n討伐しましょう。,
ハイピクシーとの会話,
妖精の悪魔『ハイピクシー』を仲魔にし、\n連れてきましょう。,
ネビロスカードを届けて,
『ネビロスカード』を手に入れて\n『いのり』に渡しましょう。,
死神コルトを届けて,
死神の名を持つ銃を探して、\n『いのり』に渡しましょう。,
インキュバスとの対峙,
夜魔の悪魔『インキュバス』を探して\n討伐しましょう。,
元自衛隊幹部スペクターとの対峙,
外道の悪魔\n『元自衛隊幹部スペクター』を探して\n討伐しましょう。,
キリンとの会話,
聖獣の悪魔『キリン』を仲魔にし、\n連れていきましょう。,
悪魔全書メモリ・ウベルリを届けて,
『悪魔全書メモリ・ウベルリ』を\n 手に入れて『いのり』に渡しましょう。,
人らしき骨を届けて,
イケブクロ南地区の悪魔から\n『人らしき骨』を手に入れて\n『いのり』に渡しましょう。,
非凡なフォルネウスと対峙,
堕天使の悪魔『フォルネウス』を探して\n討伐しましょう。,
水難を呼ぶものタンキとの対峙,
魔獣の悪魔『タンキ』を探して\n討伐しましょう。,
ウベルリと会話,
地霊の悪魔『ウベルリ』を仲魔にし、\n連れていきましょう。,
レリックピース【死神の銃】を届けて,
『レリックピース【死神の銃】』を\n 手に入れて『いのり』に渡しましょう。,
ストーンゲイザーを届けて,
『魔階ナカノ地下遺構（銀）』で\n『ストーンゲイザー』を手に入れて\n『いのり』に渡しましょう。,
オモイカネとの対峙,
天津神の悪魔『オモイカネ』を探して\n討伐しましょう。,
哀妻家オベロンとの対峙,
妖精の悪魔『哀妻家オベロン』を探して\n討伐しましょう。,
ヴェータラとの会話,
幽鬼の悪魔『ヴェータラ』を仲魔にし、\n連れていきましょう。,
力の具現者アラハバキとの対峙,
国津神の悪魔『力の具現者アラハバキ』を\n探して討伐しましょう。,
ジャアクフロストとの対峙,
恙神涯,
夜魔の悪魔『ジャアクフロスト』を探して\n討伐しましょう。,
悪夢のアラハバキとの対峙,
国津神の悪魔『悪夢のアラハバキ』を\n探して討伐しましょう。,
白霞の幻獣ビャッコとの対峙,
聖獣の悪魔『白霞の幻獣ビャッコ』を\n探して討伐しましょう。,
碧霞の幻獣セイリュウとの対峙,
聖獣の悪魔『碧霞の幻獣セイリュウ』を\n探して討伐しましょう。,
アラハバキの魔晶を届けて,
『アラハバキの魔晶』を手に入れて\n『涯』に渡しましょう。,
レリックピース【魔浄扇】を届けて,
『レリックピース【魔浄扇】』を\n 手に入れて『涯』に渡しましょう。,
執念に寄り添う者スカアハとの対峙,
女神の悪魔『執念に寄り添う者スカアハ』を\n探して討伐しましょう。,
狂気に侵されたピシャーチャとの対峙,
幽鬼の悪魔『狂気に侵されたピシャーチャ』を\n探して討伐しましょう。,
万華鏡のイヌガミとの対峙,
魔獣の悪魔『万華鏡のイヌガミ』を探して\n討伐しましょう。,
非凡なヤクシニーとの会話,
鬼女の悪魔『非凡なヤクシニー』を\n仲魔にし、連れていきましょう。,
レリックピース【グラム】を届けて,
『レリックピース【グラム】』を\n 手に入れて『涯』に渡しましょう。,
パラスアテナの魔晶を届けて,
『パラスアテナの魔晶』を手に入れて\n『涯』に渡しましょう。,
アサシンとの対峙,
『アサシン』を探して討伐しましょう。,
悪夢のソロネとの対峙,
天使の悪魔『悪夢のソロネ』を探して\n討伐しましょう。,
異形のハヌマーンとの会話,
幻魔の悪魔『異形のハヌマーン』を\n仲魔にし、連れていきましょう。,
ジコクテンの魔晶を届けて,
『ジコクテンの魔晶』を手に入れて\n『涯』に渡しましょう。,
純然たる風エアロスとの対峙,
精霊の悪魔『純然たる風エアロス』を\n探して討伐しましょう。,
狂気のトウテツとの対峙,
邪神の悪魔『狂気のトウテツ』を探して\n討伐しましょう。,
悪夢のタラスクとの対峙,
邪龍の悪魔『悪夢のタラスク』を探して\n討伐しましょう。,
異形のフェンリルとの会話,
妖獣の悪魔『異形のフェンリル』を\n仲魔にし、連れていきましょう。,
レリックピース【冥斧】を届けて,
『レリックピース【冥斧】』を手に入れて\n『涯』に渡しましょう。,
モリーアンの魔晶を届けて,
『モリーアンの魔晶』を手に入れて\n『涯』に渡しましょう。,
孤島の主ヤマタノオロチとの対峙,
龍王の悪魔『孤島の主ヤマタノオロチ』を\n探して討伐しましょう。,
執念の魔神トールとの対峙,
魔神の悪魔『執念の魔神トール』を\n探して討伐しましょう。,
煌くフリアイとの会話,
凶鳥の悪魔『煌くフリアイ』を仲魔にし、\n連れていきましょう。,
マサカドゥスを届けて,
『マサカドゥス』を手に入れて\n『涯』に渡しましょう。,
ゲイボルグを届けて,
『ゲイボルグ』を手に入れて\n『涯』に渡しましょう。,
転生セシ魔界の者トキサダとの対峙,
魔人の悪魔\n『転生セシ魔界の者トキサダ』を\n探して討伐しましょう。,
狂乱の四聖獣ビャッコとの対峙,
聖獣の悪魔『狂乱の四聖獣ビャッコ』を\n探して討伐しましょう。,
早成のフェニックスとの会話,
霊鳥の悪魔『早成のフェニックス』を\n仲魔にし、連れていきましょう。,
ビャッコの魔晶を届けて,
『ビャッコの魔晶』を手に入れて\n『涯』に渡しましょう。,
目覚めぬ朝,
寝坊助のガイア僧,
 聖都アルカディアの薬屋に行って\n『パッチリン』を入手しましょう。\n\n\n【リピート条件】\n なし,
 シナガワのどこかに居る\n『不眠症のテンプルナイト』を探して、\n 聖都アルカディアの薬屋に\n 呼び寄せましょう。\n\n\n【リピート条件】\n なし,
聖都アルカディアの薬屋に戻りましょう。\n\n\n【リピート条件】\n なし,
『寝坊助のガイア僧』に\n『パッチリン』を届けましょう。\n\n\n【リピート条件】\n なし,
眠れぬ夜,
不眠症のテンプルナイト,
 総本山の薬屋に行って\n『グッスリン』を入手しましょう。\n\n\n【リピート条件】\n なし,
 ウエノのどこかに居る\n『寝坊助のガイア僧』を探し出して、\n 総本山の薬屋に呼び寄せましょう。\n\n\n【リピート条件】\n なし,
総本山の薬屋に戻りましょう。\n\n\n【リピート条件】\n なし,
『不眠症のテンプルナイト』に\n『グッスリン』を届けましょう。\n\n\n【リピート条件】\n なし,
総本山地図を入手せよ,
ガイア僧　竹焦,
 昼間に姿を現している\n『ゴルゴン』\n『ターラカ』\n『ヨモツシコメ』\n 夜間に姿を現す\n『狂気に侵されたレギオン』\n をそれぞれ１体倒し、ガイア僧に\n 報告しましょう。,
整地作業調査報告,
メシア教徒,
『西採石場（Ｘ１８Ｙ２０）』を調査して\n 報告書に記入しましょう。,
『北採石場（Ｘ１８Ｙ１７）』を調査して\n 報告書に記入しましょう。,
『南採石場（Ｘ２３Ｙ２２）』を調査して\n 報告書に記入しましょう。,
山羊屋前にいる『メシア教徒』に\n報告書に『認印』を押してもらい\nましょう。,
報告書を依頼主に提出しましょう。,
エキスパート『アタック』習得！,
親切なデビルバスター,
エキスパート『アタック』を\nＣＬＡＳＳ２まで習得しましょう。,
エキスパート『ショット』習得！,
エキスパート『ショット』を\nＣＬＡＳＳ２まで習得しましょう。,
エキスパート『破壊魔法』習得！,
エキスパート『破壊魔法』を\nＣＬＡＳＳ２まで習得しましょう。,
狂信的ガイアーズ,
画策するガイアーズ,
『マハラギ』を習得した『フォーモリア』\n を連れてきましょう。,
『稲妻突き』を習得した『トゥルダク』を\n 連れてきましょう。,
『マハマカカジャ』を習得した\n『クシナダヒメ』を連れてきましょう。,
軽妙洒脱な問い　ＣＡＳＥ　１,
酔狂な男,
依頼主のヒントを元に悪魔を倒し、\n討伐したら依頼主に報告しましょう。\n\n\n【リピート条件】\n なし,
軽妙洒脱な問い　ＣＡＳＥ　２,
軽妙洒脱な問い　ＣＡＳＥ　３,
軽妙洒脱な問い　ＣＡＳＥ　４,
軽妙洒脱な問い　ＣＡＳＥ　５,
軽妙洒脱な問い　ＣＡＳＥ　６,
信じるが故に,
捨てられた女,
新宿バベルへ失踪したと思われる\n依頼主の夫を探しましょう。,
空腹を訴えている男へ\n食べ物を届けてあげましょう。,
 過去を捨てた男に\n『妻からの手紙とお金』を渡しましょう。,
第三ホームで待つ依頼主に\n夫の安否を伝えましょう。,
続・魂のかけら,
『魂のかけら』を２０個集めて\n『邪教の主』に渡しましょう。\n\n【リピート条件】\n なし,
虐げられる者,
無表情なメシア教徒,
ＤＢタナカから債権を回収しましょう。,
新宿バベルにいる男から\n債権を回収しましょう。,
依頼主に債権回収の報告をしましょう。,
博覧強記な問い　其の壱,
テンプルナイト　サカキ,
博覧強記な問い　其の弐,
博覧強記な問い　其の参,
博覧強記な問い　其の四,
総本山包囲網を撃破せよ！,
ガイア僧　左近,
『襲撃者』を冠する\n『エンジェル』を１０体\n『アークエンジェル』を５体\n 討伐が完了したら、依頼主に\n 報告しましょう。,
『襲撃者』を冠する\n『エンジェル』を５体\n『アークエンジェル』を５体\n『プリンシパリティ』を３体\n 討伐が完了したら、依頼主に\n 報告しましょう。,
『襲撃者』を冠する\n『アークエンジェル』を１０体\n『プリンシパリティ』を５体\n 討伐が完了したら、依頼主に\n 報告しましょう。,
『襲撃者』を冠する\n『アークエンジェル』を５体\n『プリンシパリティ』を５体\n『ヴァーチャー』を３体\n 討伐が完了したら、依頼主に\n 報告しましょう。,
『襲撃者』を冠する\n『エンジェル』を５体\n『アークエンジェル』を５体\n『プリンシパリティ』を５体\n『ヴァーチャー』を５体\n 討伐が完了したら、依頼主に\n 報告しましょう。,
『襲撃者』を冠する\n『エンジェル』を１０体\n『アークエンジェル』を１０体\n『プリンシパリティ』を１０体\n『ヴァーチャー』を１０体\n 討伐が完了したら、依頼主に\n 報告しましょう。,
依頼された討伐対象を倒し、\n依頼主に報告しましょう。,
アルカディア・ウォー,
テンプルナイト　ヒイラギ,
『襲撃者』を冠する\n『ブロブ』を１５体討伐し\n 完了したら、依頼主に報告しましょう。,
『襲撃者』を冠する\n『ブロブ』を１０体\n『オニ』を５体\n 討伐が完了したら、依頼主に\n 報告しましょう。,
『襲撃者』を冠する\n『ブロブ』を１０体\n『オニ』を５体\n『ターラカ』を５体\n 討伐が完了したら、依頼主に\n 報告しましょう。,
『襲撃者』を冠する\n『ブロブ』を１０体\n『オニ』を５体\n『ターラカ』を５体\n『カラステング』を５体\n 討伐が完了したら、依頼主に\n 報告しましょう。,
『襲撃者』を冠する\n『ブロブ』を１０体\n『オニ』を５体\n『ターラカ』を５体\n『カラステング』を５体\n『ゴルゴン』を５体\n 討伐が完了したら、依頼主に\n 報告しましょう。,
『襲撃者』を冠する\n『ブロブ』を１０体\n『オニ』を５体\n『ターラカ』を５体\n『カラステング』を５体\n『ゴルゴン』を５体\n『ニーズホッグ』を５体\n 討伐が完了したら、依頼主に\n 報告しましょう。,
幸せな日々,
『悪魔全書メモリ・エンジェル』を使い\n『幸運のエンジェル』を悪魔全書に登録して\n 依頼主に報告しましょう。,
悪魔情報求む！,
ＤＢサイトウ,
『悪魔全書メモリ・カハク』を使い\n『カハク』と『非凡なカハク』の二体を\n 悪魔全書に登録して依頼主に\n 報告しましょう。,
悩めるピクシー,
『悪魔全書メモリ・ジャックフロスト』を\n 使い、『未熟なジャックフロスト』を\n 悪魔全書に登録して依頼主に\n 報告しましょう。,
克服への道,
『悪魔全書メモリ・ガキ』を 使い\n『異形のガキ』を悪魔全書に登録して\n 依頼主に報告しましょう。,
カードマニア魂！,
カードマニア,
『依頼品』として、\n『ガイアーズトラエスト』若しくは\n『メシアントラエスト』を貰いに\n いきましょう。\n\n【リピート条件】\n実時間　２時間経過,
手に入れた依頼品のトラエストを\n依頼主に渡しましょう。\n\n【リピート条件】\n実時間　２時間経過,
アルカディア・ウォー　ＬＶ１,
『襲撃者』を冠する\n『ブロブ』を１０体\n『タラスク』を５体\n 討伐しましょう。\n\n【リピート条件】\nなし,
アルカディア・ウォー　ＬＶ２,
『襲撃者』を冠する\n『タラスク』を５体\n『オニ』を１０体\n『ターラカ』を５体\n『カラステング』を５体\n 討伐しましょう。\n\n【リピート条件】\nなし,
アルカディア・ウォー　ＬＶ３,
『襲撃者』を冠する\n『オニ』を５体\n『ターラカ』を５体\n『カラステング』を５体\n『ゴルゴン』を１０体\n 討伐しましょう。\n\n【リピート条件】\nなし,
アルカディア・ウォー　ＬＶ４,
『襲撃者』を冠する\n『カラステング』を５体\n『ゴルゴン』を５体\n『ピシャーチャ』を１０体\n『ニーズホッグ』を５体\n 討伐しましょう。\n\n【リピート条件】\nなし,
アルカディア・ウォー　ＬＶ５,
『襲撃者』を冠する\n『ゴルゴン』を５体\n『ピシャーチャ』を５体\n『レギオン』を１０体\n『ニーズホッグ』を５体\n 討伐しましょう。\n\n【リピート条件】\nなし,
総本山を防衛せよ！　白軍,
『襲撃者』を冠する\n『エンジェル』を２５体\n 討伐しましょう。\n\n【リピート条件】\nなし,
総本山を防衛せよ！　黄軍,
『襲撃者』を冠する\n『エンジェル』を１０体\n『アークエンジェル』を１５体\n 討伐しましょう。\n\n【リピート条件】\nなし,
総本山を防衛せよ！　緑軍,
『襲撃者』を冠する\n『アークエンジェル』を１０体\n『プリンシパリティ』を１５体\n 討伐しましょう。\n\n【リピート条件】\nなし,
総本山を防衛せよ！　紅軍,
『襲撃者』を冠する\n『プリンシパリティ』を１０体\n『パワー』を１５体\n 討伐しましょう。\n\n【リピート条件】\nなし,
総本山を防衛せよ！　黒軍,
『襲撃者』を冠する\n『パワー』を１０体\n『ヴァーチャー』を１５体\n 討伐しましょう。\n\n【リピート条件】\nなし,
ランタンといっしょ１ｓｔ,
ジャックランタン,
各街にいるジャックランタンから\n貴重品『妖精の鉢植え』に水を\n注してもらい、 悪魔かぼちゃを\n育てましょう。,
飽くなき挑戦１ｓｔ,
ホーエンハイムのエンブリオ,
サンジェルマン,
『魂のかけら』を３０個集め、\n 依頼主に届けましょう。,
ネッテスハイムのビブリオ,
『マカンダストーン』を５個集め、\n 依頼主に届けましょう。,
巨獣ガルム戦闘データ収集,
新宿バベルからの使者,
『スギナミ魔階坑道（銅）』に\n 出没する『巨獣ガルム』を１体\n 倒しましょう。\n \n獲得ポイント：１０ポイント\n\n【リピート条件】\n実時間　２０時間経過,
狂信者ギリメカラ戦闘データ収集,
『狂信者ギリメカラ』を１体\n 倒しましょう。\n\n 獲得ポイント：２５ポイント\n\n【リピート条件】\n実時間　２０時間経過,
法の執行者ドミニオン戦闘データ収集,
『法の執行者ドミニオン』を１体\n 倒しましょう。\n\n 獲得ポイント：１００ポイント\n\n【リピート条件】\n実時間　２０時間経過,
妖獣ガルム悪魔データ収集,
『ディア』を習得した『ガルム』を\n『新宿バベルからの使者』に渡しましょう。\n\n 獲得ポイント：１５ポイント\n\n【リピート条件】\n実時間　２０時間経過,
霊鳥フェニックス悪魔データ収集,
『テトラカーン』を習得した『フェニックス』を\n『新宿バベルからの使者』に渡しましょう。\n\n獲得ポイント：２２ポイント\n\n【リピート条件】\n実時間　２０時間経過,
魔王キングフロスト悪魔データ収集,
『キングフロスト』を\n『新宿バベルからの使者』に渡しましょう。\n\n獲得ポイント：４０ポイント\n\n【リピート条件】\n実時間　２０時間経過,
ピクシーの魔晶データ収集,
『新宿バベルからの使者』に\n『ピクシーの魔晶』を１個\n 渡しましょう。\n\n 獲得ポイント：２０ポイント\n\n【リピート条件】\n実時間　２０時間経過,
フロスト＋ランタンの魔晶データ収集,
『新宿バベルからの使者』に\n『ジャックフロストの魔晶』を１個\n『ジャックランタンの魔晶』を１個\n 渡しましょう。\n\n 獲得ポイント：３０ポイント\n\n【リピート条件】\n実時間　２０時間経過,
レージング（女性用）データ収集,
『新宿バベルからの使者』に\n『レージング（女性用）』を１個集め\n 渡しましょう。\n\n 獲得ポイント：４５ポイント\n\n【リピート条件】\n実時間　２０時間経過,
羅漢罵恋多蔭祭『ピクシー』,
邪教の主,
『ピクシー』と『ブロックチョコ１０個』を\n『第三ホーム』の『邪教の主』に\n 渡しましょう。\n\n【リピート条件】\nなし,
『悪魔チョコ』の素材を渡してから\n ２０時間待って『第三ホーム』の\n『邪教の主』に話しかけましょう。\n\n【リピート条件】\nなし,
羅漢罵恋多蔭祭『コダマ』,
『コダマ』と『ブロックチョコ１０個』を\n『第三ホーム』の『邪教の主』に\n 渡しましょう。\n\n【リピート条件】\nなし,
羅漢罵恋多蔭祭『アズミ』,
『アズミ』と『ブロックチョコ１０個』を\n『第三ホーム』の『邪教の主』に\n 渡しましょう。\n\n【リピート条件】\nなし,
アルベルトゥスのオラトリオ,
『褪せたピアス・ガーネット』を１個\n 手に入れ、依頼主に届けましょう。,
正しい銃器の使い方,
『三八式歩兵銃』を１丁手に入れ、\n 依頼主に届けましょう。,
ランタンといっしょ,
新宿バベルにいるジャックランタンから\n貴重品『妖精の鉢植え』に水を\n注してもらい、 悪魔かぼちゃを育てましょう。,
飽くなき挑戦,
カボチャの馬車で連れてって,
アリス,
新宿バベルにいるジャックランタンに\nアリスのお願いを伝えましょう。,
悪魔『悪戯なジャックランタン』を仲魔にし、\n新宿バベルにいるジャックランタンのところに\n連れて行きましょう。,
新宿バベルにいるアリスに、\n経過を報告しましょう。,
第三ホーム防具屋にいるバネッサに\n事情を話しましょう。,
新宿バベルにいるジャックランタンに\n話しかけましょう。,
悪魔『優雅なジャックランタン』に乗って、\nアリスを迎えに行きましょう。,
魂に灯をつけて,
 寒さに凍えるジャックランタンに、\n『魂の残り火』を１０個渡して\n 暖めてあげましょう。,
サンタと魔王が笑う夜,
ジャックフロスト,
魔階セルタワーのロビーにいる\nクリスマスのパーティー会場受付係に\n会場の様子を聞きましょう。,
クリスマスのパーティー会場に\n棲み着いている謎の悪魔を追い出して\n取り込まれたジャックフロストの仲間たちを\n助けてあげましょう。,
亡骸を集めよう,
元ＤＢの守衛,
『空き缶・ウーロン茶』を２０個集めて、\n 元ＤＢの守衛に渡しましょう。\n\n【リピート条件】\nなし,
ＤＢハルミに会いに行こう,
『第三ホーム野営地』に居る、\n『ＤＢハルミ』に会って話しかけましょう。,
荷物の受け渡し,
『ピクシー』を連れた\n デビルバスターを探し出して、\n 荷物を受けとりましょう。,
 親切なデビルバスターから受け取った、\n『空き缶・ウーロン茶』２０個を\n 元ＤＢの守衛に持っていきましょう。,
銃での戦い方,
ＤＢカノウ(第三ホーム),
武器屋に居る『袴田さん』に\n銃の使い方を教えてもらい、\nＤＢカノウに報告しましょう。,
『第三ホーム野営地』に居る、\n『ＤＢユウキ』に会いに行きましょう。,
第三ホーム野営地に行ってくれ,
ＤＢヤマグチ,
『第三ホーム野営地』に居る、\n ヤマグチの後輩に会いに行きましょう。,
テストをします,
『ピクシー』を１０体\n『迷い込んだカハク』を１０体\n『コダマ』を５体\n それぞれ倒しましょう。\n 倒したらDBヤマグチに報告しましょう。,
指導をしてやる！（仮１,
威厳あるデビルバスター,
『ケットシー』を１０体たおしたら、\n 威厳あるデビルバスターに\n 話しかけましょう。,
カノウの課題,
ＤＢユウキ,
『荒ぶる化身ケットシー』を\n １０体たおしたら、\n『ＤＢユウキ』に報告しましょう。,
ナカノのカノウ,
ナカノに居る『ＤＢカノウ』に会い、&#10;\n今度こそ鍛えてもらいましょう。&#10;\n&#10;\n クリア条件&#10;\n 下記クエスト全ての完了。&#10;\n『カノウの課題：ナカノ西部討伐１』&#10;\n『カノウの課題：ナカノ西部討伐２』&#10;\n『カノウの課題：ナカノ西部討伐３』&#10;\n『ガルムの大退治』&#10;\n『カノウの課題：ナカノ中央討伐１』&#10;\n『カノウの課題：ナカノ東部討伐１』&#10;\n『カノウの課題：ナカノ東部討伐２』&#10;\n『カノウの課題：ナカノ東部討伐３』&#10;\n『ヤマグチの課題：魔法の得意な仲魔』&#10;\n『ヤマグチの課題：近接の得意な仲魔』&#10;\n『ヤマグチの課題：回復の得意な仲魔』,
ガルムの大退治,
ＤＢカノウ(ナカノ),
『ガルム』を３０体討伐し、\n ＤＢカノウに報告しましょう。,
過去の教訓,
 第三ホーム出入り口前に居る\n『元ＤＢの守衛』に会いに行きましょう。,
無愛想な銃士,
 防具屋の近くにいる\n『ＤＢカノウ』に会いに行きましょう。,
華の露,
妖精王オベロン,
ナカノの水辺に咲くという\n紫色の花を探しましょう。,
『第三ホーム』の『クリニック・アヤ』へ\n 向かい、『アヤ女医』に\n 紫色の花の調合を頼みましょう。,
 第三ホームの『野営地』にいる\n デビルバスターから\n『マグネシウム』を受け取りましょう。,
『マグネシウム』を『アヤ女医』に\n 渡しましょう。,
『すみれ色の惚れ薬』を\n『妖精王オベロン』に渡しましょう。,
愛の行方,
ハイピクシー,
『すみれ色の惚れ薬』を調合した\n『アヤ女医』の元へ向かいましょう。,
『パッチリン』１個、\n『エレメント【火薬】』１０個、\n『エレメント【オイル】』３０個、\n『妖精の鱗粉』を手に入れ、\n『アヤ女医』に渡しましょう。,
『第三ホーム』の『魔術屋』へ行き\n『ローブのおっちゃん』に\n 特別な薬瓶を貰いましょう。,
『エレメント【ガラス】』５０個、\n『エレメント【オイル】』３０個\n『ひび割れたエメラルド』５個を\n 手に入れ、『第三ホーム』の\n『ローブのおっちゃん』に\n 渡しましょう。,
『アヤ女医』に報告しましょう。,
『ハイピクシー』に\n『小瓶に入った解毒剤』を渡しましょう。,
未熟な獅子舞への伝言を届けよ,
総司令　獅子舞フロスト,
『未熟な獅子舞フロスト』を探し出して\n 伝言を伝えましょう。,
『総司令　獅子舞フロスト』へ報告しましょう,
魔階の巨大な災厄を清めよ,
巨大な災厄が取り憑いた魔階に住みつく悪魔を\nいずれか１体を撃退し、お祓いしましょう。,
補給物資を集めよう,
 どれか１種を指定の数だけ集めて\n『総司令　獅子舞フロスト』に届けましょう。\n エレメント【スチール】　６０個\n エレメント【ダマスカス鋼】　５０個\n エレメント【黒塊】　４０個\n 石化マグネタイト　５０個\n ジャックフロストカード　２００枚\n 幻夢闇経　１個,
野の巨大な災厄を清めよ,
巨大な災厄が取り付いた野に住みつく悪魔\nいずれか１体を撃退し、お祓いしましょう。,
緊急依頼　宇宙からの災厄,
未熟な獅子舞フロスト,
宇宙から来た災厄の種とされる悪魔を\n獅子舞フロストと協力し、\nお祓いしましょう。,
Ｓｗｅｅｔ☆Ｐａｎｉｃ　～バベル編～,
エレベーターガール,
『悪魔チョコのかけら』を２つ集め、\n 新宿バベルにいる『ターミナルガール』に\n 届けましょう。,
『悪魔チョコのかけら』を２つ集め、\n 新宿バベルにいる『ターミナルガール』に\n 届けましょう。\n \n 現在の悪魔チョコ作成状況\n『Ｌ』,
『悪魔チョコのかけら』を２つ集め、\n 新宿バベルにいる『ターミナルガール』に\n 届けましょう。\n \n 現在の悪魔チョコ作成状況\n『Ｌ』『Ｏ』,
『悪魔チョコのかけら』を２つ集め、\n 新宿バベルにいる『ターミナルガール』に\n 届けましょう。\n \n 現在の悪魔チョコ作成状況\n『Ｌ』『Ｏ』『Ｖ』,
『悪魔チョコのかけら』を２つ集め、\n 新宿バベルにいる『ターミナルガール』に\n 届けましょう。\n \n 現在の悪魔チョコ作成状況\n『Ｌ』『Ｏ』『Ｖ』『Ｅ』,
 最後の仕上げに手間取っているようです。\n もう少し時間を空けてから\n 新宿バベルにいる『ターミナルガール』に\n 話し掛けましょう。\n \n 現在の悪魔チョコ作成状況\n『Ｌ』『Ｏ』『Ｖ』『Ｅ』『ハート型』,
Ｓｗｅｅｔ☆Ｐａｎｉｃ　～聖都編～,
アリシア,
『悪魔チョコのかけら』を２つ集め、\n 聖都アルカディアにいる『アリシア』に\n 届けましょう。,
『悪魔チョコのかけら』を２つ集め、\n 聖都アルカディアにいる『アリシア』に\n 届けましょう。\n \n 現在の悪魔チョコ作成状況\n『Ｌ』,
『悪魔チョコのかけら』を２つ集め、\n 聖都アルカディアにいる『アリシア』に\n 届けましょう。\n \n 現在の悪魔チョコ作成状況\n『Ｌ』『Ｏ』,
『悪魔チョコのかけら』を２つ集め、\n 聖都アルカディアにいる『アリシア』に\n 届けましょう。\n \n 現在の悪魔チョコ作成状況\n『Ｌ』『Ｏ』『Ｖ』,
『悪魔チョコのかけら』を２つ集め、\n 聖都アルカディアにいる『アリシア』に\n 届けましょう。\n \n 現在の悪魔チョコ作成状況\n『Ｌ』『Ｏ』『Ｖ』『Ｅ』,
 最後の仕上げに手間取っているようです。\n もう少し時間を空けてから\n 聖都アルカディアにいる『アリシア』に\n 話し掛けましょう。\n \n 現在の悪魔チョコ作成状況\n『Ｌ』『Ｏ』『Ｖ』『Ｅ』『ハート型』,
Ｓｗｅｅｔ☆Ｐａｎｉｃ　～総本山編～,
卍太郎,
『悪魔チョコのかけら』を２つ集め、\n 総本山にいる『卍太郎』に\n 届けましょう。,
『悪魔チョコのかけら』を２つ集め、\n 総本山にいる『卍太郎』に\n 届けましょう。\n \n 現在の悪魔チョコ作成状況\n『Ｌ』,
『悪魔チョコのかけら』を２つ集め、\n 総本山にいる『卍太郎』に\n 届けましょう。\n \n 現在の悪魔チョコ作成状況\n『Ｌ』『Ｏ』,
『悪魔チョコのかけら』を２つ集め、\n 総本山にいる『卍太郎』に\n 届けましょう。\n \n 現在の悪魔チョコ作成状況\n『Ｌ』『Ｏ』『Ｖ』,
『悪魔チョコのかけら』を２つ集め、\n 総本山にいる『卍太郎』に\n 届けましょう。\n \n 現在の悪魔チョコ作成状況\n『Ｌ』『Ｏ』『Ｖ』『Ｅ』,
 最後の仕上げに手間取っているようです。\n 少し時間を空けてから\n 総本山にいる『卍太郎』に\n 話し掛けましょう。\n\n 現在の悪魔チョコ作成状況\n『Ｌ』『Ｏ』『Ｖ』『Ｅ』『ハート型』,
ヤギヌマの手紙,
ヤギヌマ,
 ナカノの南東にいる\n『ヤギヌマ』に手紙を渡しましょう。,
竜虎相搏つ処－ＶＥＲＳＵＳ,
 ナカノの『ヤギヌマ』から\n『ＶＥＲＳＵＳ』について\n 教わりましょう。,
『ＶＥＲＳＵＳ』の『フェイト』を\n 実際に体験してみましょう。\n 対戦が終了したら、\n エリアの出入り口にいる\n『ヤギヌマ』に話しかけましょう。,
新人山羊屋の頼み事,
仕事に燃える山羊屋,
『第三ホーム』か『新宿バベル』の\n 武器屋に鑑定してもらいましょう。\n\n\n【リピート条件】\n なし,
 鑑定した品物を\n『仕事に燃える山羊屋』に\n 届けましょう。\n\n\n【リピート条件】\n なし,
旧・帝都地下鉄調査,
スギナミの第三ホーム野営地近所にある地下の入り口を捜しましょう,
新宿バベルの中央制御室の前にいる守衛に報告をしましょう,
ピクシー討伐！！,
『ピクシー』を２０体倒して\n『元ＤＢの守衛』に報告しましょう。\n\n【リピート条件】\n なし,
荒地のコダマ,
『コダマ』を２０体倒して\n『元ＤＢの守衛』に報告しましょう。\n\n【リピート条件】\n なし,
整備士見習い　～タイヤ編～,
ＤＢワタナベ,
『新宿バベル』の『ターミナルガール』から\n『レンタルバイク』に乗車しましょう。,
『劣化したタイヤ･スリック』を１０個手に\n 入れ、『ＤＢワタナベ』に渡しましょう。,
行き着く先は,
怖がりな調査員,
オギクボ駅に停車している謎の車両が\nどこへ続いているのかを調査し、\n怖がりな調査員に報告しましょう。,
謎の車両がどこに続いているかの\n調査が完了しました。\nオギクボ駅に戻り、\n怖がりな調査員に報告しましょう。,
調合の誘い,
アヤ,
『流泪・青』と『流泪・緑』を調合し、\n アイテムを生成したら\n アヤ女医に報告しましょう。,
アルカディア・ウォー　ＬＶ６,
『襲撃者』を冠する\n『ゴルゴン』を１０体\n『レギオン』を５体\n『ニーズホッグ』を５体\n『ダーキニー』を１０体\n 討伐しましょう。\n\n【リピート条件】\nなし,
アルカディア・ウォー　ＬＶ７,
『襲撃者』を冠する\n『ピシャーチャ』を１０体\n『レギオン』を５体\n『ニーズホッグ』を５体\n『ダーキニー』を１０体\n 討伐しましょう。\n\n【リピート条件】\nなし,
アルカディア・ウォー　ＬＶ８,
『襲撃者』を冠する\n『レギオン』を１５体\n『ニーズホッグ』を１０体\n『ダーキニー』を１０体\n 討伐しましょう。\n\n【リピート条件】\nなし,
総本山を防衛せよ！　陰極,
『襲撃者』を冠する\n『パワー』を５体\n『ヴァーチャー』を１０体\n『ソロネ』を１０体\n 討伐しましょう。\n\n【リピート条件】\nなし,
総本山を防衛せよ！　陽極,
『襲撃者』を冠する\n『ヴァーチャー』を５体\n『ソロネ』を２０体\n 討伐しましょう。\n\n【リピート条件】\nなし,
総本山を防衛せよ！　太極,
『襲撃者』を冠する\n『パワー』を５体\n『ヴァーチャー』を１０体\n『ソロネ』を１５体\n 討伐しましょう。\n\n【リピート条件】\nなし,
癒しの風,
テンプルナイト　アマミ,
 シブヤで暴れている、\n『狂える現身ラファエル』に\n 止めを刺し、ウリエルを連れて\n アマミに報告しましょう。,
鎮魂火,
ガイア僧　慈国,
 ナカノで暴れている、\n『均衡を脅かす者ファントム』に\n 止めを刺し、スルトを連れて\n 慈国に報告しましょう。,
武器屋の袴田さん,
第三ホーム武器屋の『袴田さん』に会い、\n仕事の話をしましょう。,
悪魔の落し物,
第三ホーム薬局の『アヤ女医』に会い、\n仕事の話をしましょう。,
スギナミ野営地の報告書,
『第三ホーム野営地レポート』を、\n『元ＤＢの守衛』に渡しましょう。,
スギナミ魔階坑道の報告書,
『スギナミ魔階坑道レポート』を、\n『元ＤＢの守衛』に渡しましょう。,
ナカノフィールドの報告書,
『ナカノフィールドレポート』を、\n『元ＤＢの守衛』に渡しましょう。,
スギナミ魔階坑道への補給物資,
『補給物資（スギナミ魔階）』を、\n スギナミ魔階坑道入り口前の『守衛』に\n 渡しましょう。,
第三ホーム野営地への補給物資,
『補給物資（野営地）』を、\n 第三ホーム野営地の『守衛』に\n 渡しましょう。,
討伐：巨獣ガルム,
 スギナミ魔階坑道（銅）の最奥にいる、\n『巨獣ガルム』を討伐したら、\n 依頼主に報告しましょう。\n\n【リピート条件】\n レベル１０以上,
討伐：巨獣ガルム（５回）,
 スギナミ魔階坑道（銅）の最奥にいる、\n『巨獣ガルム』を５体討伐したら、\n 依頼主に報告しましょう。,
討伐：魔獣ネコマタ,
スギナミ魔階坑道（銅）の、\n魔獣『ネコマタ』を３体討伐したら、\n依頼主に報告しましょう。\n\n【リピート条件】\n レベル１０以上,
討伐：地霊スダマ,
スギナミ魔階坑道（銅）の、\n地霊『スダマ』を１０体討伐したら、\n依頼主に報告しましょう。\n\n【リピート条件】\n レベル１０以上,
討伐：天使エンジェル,
スギナミ魔階坑道（銅）の、\n天使『エンジェル』を３体討伐したら、\n依頼主に報告しましょう。\n\n【リピート条件】\n レベル１０以上,
討伐：凶鳥オンモラキ,
スギナミ魔階坑道（銅）の、\n凶鳥『オンモラキ』を４体討伐したら、\n依頼主に報告しましょう。\n\n【リピート条件】\n レベル１０以上,
魔術研究への助力～刀匠Ｃ０聖都編～,
ローブのおっちゃん（聖都アルカディア）,
『マグネタイト』を５００個集め\n 依頼主に報告しましょう。,
『九光青丹』を５個集め\n 依頼主に報告しましょう。,
『マグネタイト』を２５０個集め\n 依頼主に報告しましょう。,
『メシアントラエスト』を１個集め\n 依頼主に報告しましょう。,
『破れたドウマン呪符』を１個集め\n 依頼主に報告しましょう。,
『石化マグネタイト』を１０個集め\n 依頼主に報告しましょう。,
『真紅の石』を１個集め\n 依頼主に報告しましょう。,
 魔術屋からの依頼を達成しました。\n\n【リピート条件】\n なし,
魔術研究への助力～刀匠Ｃ１聖都編～,
『九光青丹』を１０個集め\n 依頼主に報告しましょう。,
『メシアントラエスト』を２個集め\n 依頼主に報告しましょう。,
『破れたドウマン呪符』を２個集め\n 依頼主に報告しましょう。,
『石化マグネタイト』を２０個集め\n 依頼主に報告しましょう。,
『マグネタイト』を１０００個集め\n 依頼主に報告しましょう。,
『真紅の石』を２個集め\n 依頼主に報告しましょう。,
『王鳥の卵殻』を１個集め\n 依頼主に報告しましょう。,
魔術研究への助力～刀匠Ｃ２聖都編～,
『メシアントラエスト』を３個集め\n 依頼主に報告しましょう。,
『破れたドウマン呪符』を３個集め\n 依頼主に報告しましょう。,
『石化マグネタイト』を３０個集め\n 依頼主に報告しましょう。,
『マグネタイト』を１５００個集め\n 依頼主に報告しましょう。,
『九光青丹』を１５個集め\n 依頼主に報告しましょう。,
『真紅の石』を３個集め\n 依頼主に報告しましょう。,
魔術研究への助力～刀匠Ｃ３聖都編～,
『九光青丹』を２０個集め\n 依頼主に報告しましょう。,
『石化マグネタイト』を４０個集め\n 依頼主に報告しましょう。,
『マグネタイト』を２０００個集め\n 依頼主に報告しましょう。,
『メシアントラエスト』を４個集め\n 依頼主に報告しましょう。,
『真紅の石』を４個集め\n 依頼主に報告しましょう。,
『破れたドウマン呪符』を４個集め\n 依頼主に報告しましょう。,
魔術研究への助力～刀匠Ｃ４聖都編～,
『石化マグネタイト』を５０個集め\n 依頼主に報告しましょう。,
『マグネタイト』を２５００個集め\n 依頼主に報告しましょう。,
『メシアントラエスト』を５個集め\n 依頼主に報告しましょう。,
『破れたドウマン呪符』を５個集め\n 依頼主に報告しましょう。,
『九光青丹』を２５個集め\n 依頼主に報告しましょう。,
『真紅の石』を５個集め\n 依頼主に報告しましょう。,
魔術研究への助力～刀匠Ｃ５聖都編～,
『メシアントラエスト』を６個集め\n 依頼主に報告しましょう。,
『九光青丹』を３０個集め\n 依頼主に報告しましょう。,
『マグネタイト』を３０００個集め\n 依頼主に報告しましょう。,
『石化マグネタイト』を６０個集め\n 依頼主に報告しましょう。,
『真紅の石』を６個集め\n 依頼主に報告しましょう。,
『破れたドウマン呪符』を６個集め\n 依頼主に報告しましょう。,
魔術研究への助力～刀匠Ｃ６聖都編～,
『破れたドウマン呪符』を７個集め\n 依頼主に報告しましょう。,
『メシアントラエスト』を７個集め\n 依頼主に報告しましょう。,
『九光青丹』を３５個集め\n 依頼主に報告しましょう。,
『マグネタイト』を３５００個集め\n 依頼主に報告しましょう。,
『石化マグネタイト』を７０個集め\n 依頼主に報告しましょう。,
『真紅の石』を７個集め\n 依頼主に報告しましょう。,
魔術研究への助力～刀匠Ｃ７聖都編～,
『メシアントラエスト』を８個集め\n 依頼主に報告しましょう。,
『九光青丹』を４０個集め\n 依頼主に報告しましょう。,
『破れたドウマン呪符』を８個集め\n 依頼主に報告しましょう。,
『石化マグネタイト』を８０個集め\n 依頼主に報告しましょう。,
『マグネタイト』を４０００個集め\n 依頼主に報告しましょう。,
『真紅の石』を８個集め\n 依頼主に報告しましょう。,
魔術研究への助力～刀匠Ｃ０総本山編～,
ローブのおっちゃん（総本山）,
『ガイアーズトラエスト』を１個集め\n 依頼主に報告しましょう。,
『悪魔全書メモリ・ヤカー』を１個集め\n 依頼主に報告しましょう。,
『レギオンの魔晶』を１個集め\n 依頼主に報告しましょう。,
『セキュリティカード（Ｂ６）』を\n １個集め、依頼主に報告しましょう。,
魔術研究への助力～刀匠Ｃ１総本山編～,
『ガイアーズトラエスト』を２個集め\n 依頼主に報告しましょう。,
『悪魔全書メモリ・ヤカー』を２個集め\n 依頼主に報告しましょう。,
『レギオンの魔晶』を２個集め\n 依頼主に報告しましょう。,
『セキュリティカード（Ｂ７）』を\n １個集め、依頼主に報告しましょう。,
『ラトスの像』を１個集め\n 依頼主に報告しましょう。,
魔術研究への助力～刀匠Ｃ２総本山編～,
『悪魔全書メモリ・ヤカー』を３個集め\n 依頼主に報告しましょう。,
『レギオンの魔晶』を３個集め\n 依頼主に報告しましょう。,
『ガイアーズトラエスト』を３個集め\n 依頼主に報告しましょう。,
『セキュリティカード（Ｂ８）』を\n １個集め、依頼主に報告しましょう。,
魔術研究への助力～刀匠Ｃ３総本山編～,
『悪魔全書メモリ・ヤカー』を４個集め\n 依頼主に報告しましょう。,
『レギオンの魔晶』を４個集め\n 依頼主に報告しましょう。,
『ガイアーズトラエスト』を４個集め\n 依頼主に報告しましょう。,
『セキュリティカード（Ｂ９）』を\n １個集め、依頼主に報告しましょう。,
魔術研究への助力～刀匠Ｃ４総本山編～,
『レギオンの魔晶』を５個集め\n 依頼主に報告しましょう。,
『ガイアーズトラエスト』を５個集め\n 依頼主に報告しましょう。,
『悪魔全書メモリ・ヤカー』を５個集め\n 依頼主に報告しましょう。,
『セキュリティカード（Ｂ１０）』を\n １個集め、依頼主に報告しましょう。,
魔術研究への助力～刀匠Ｃ５総本山編～,
『ガイアーズトラエスト』を６個集め\n 依頼主に報告しましょう。,
『悪魔全書メモリ・ヤカー』を６個集め\n 依頼主に報告しましょう。,
『セキュリティカード（Ｂ１１）』を\n １個集め、依頼主に報告しましょう。,
『レギオンの魔晶』を６個集め\n 依頼主に報告しましょう。,
魔術研究への助力～刀匠Ｃ６総本山編～,
『悪魔全書メモリ・ヤカー』を７個集め\n 依頼主に報告しましょう。,
『ガイアーズトラエスト』を７個集め\n 依頼主に報告しましょう。,
『レギオンの魔晶』を７個集め\n 依頼主に報告しましょう。,
『セキュリティカード（Ｂ１７）』を\n １個集め、依頼主に報告しましょう。,
魔術研究への助力～刀匠Ｃ７総本山編～,
『ガイアーズトラエスト』を８個集め\n 依頼主に報告しましょう。,
『悪魔全書メモリ・ヤカー』を８個集め\n 依頼主に報告しましょう。,
『レギオンの魔晶』を８個集め\n 依頼主に報告しましょう。,
『セキュリティカード（Ｂ２２）』を\n １個集め、依頼主に報告しましょう。,
魔術研究への助力～銃造Ｃ０聖都編～,
魔術研究への助力～銃造Ｃ１聖都編～,
魔術研究への助力～銃造Ｃ２聖都編～,
魔術研究への助力～銃造Ｃ３聖都編～,
魔術研究への助力～銃造Ｃ４聖都編～,
魔術研究への助力～銃造Ｃ５聖都編～,
魔術研究への助力～銃造Ｃ６聖都編～,
魔術研究への助力～銃造Ｃ７聖都編～,
魔術研究への助力～銃造Ｃ０総本山編～,
魔術研究への助力～銃造Ｃ１総本山編～,
魔術研究への助力～銃造Ｃ２総本山編～,
魔術研究への助力～銃造Ｃ３総本山編～,
魔術研究への助力～銃造Ｃ４総本山編～,
魔術研究への助力～銃造Ｃ５総本山編～,
魔術研究への助力～銃造Ｃ６総本山編～,
魔術研究への助力～銃造Ｃ７総本山編～,
器と精神と絆の始まり,
邪教の主（新宿バベル）,
『ピクシー』を討伐しよう。,
 プラズマを理解した証として\n『廃材・床用』を１０個、\n『ペットボトル・お酢』を１０個、\n『廃材・屋根用』を５個全て集めよう。,
『魂のかけら』を３０個集めよう。,
 器と精神と絆が一つの形になった。\n\n【リピート条件】\n 実時間　２０時間経過,
器と精神と絆の成長,
サンジェルマンの無茶な依頼を達成しよう。,
 プラズマを理解した証として、\n『色褪せたマンガ本・仏版』を１個、\n『壊れた携帯電話・Ｇ２０７ｘ』を５個、\n『褪せたピアス・ガーネット』を２個、\n『壊れた携帯電話・Ｚ９０３ｘ』を５個、\n『劣化したタイヤ・テンパタイヤ』を５個、\n『廃材・梁用』を１０個集めよう。,
 再度、プラズマを理解した証として、\n『色褪せたマンガ本・仏版』を３個、\n『壊れた携帯電話・Ｇ２０７ｘ』を１５個、\n『褪せたピアス・ガーネット』を６個、\n『壊れた携帯電話・Ｚ９０３ｘ』を１５個、\n『劣化したタイヤ・テンパタイヤ』を１５個、\n『廃材・梁用』を３０個集めよう。,
 器と精神と絆が成長したようだ。\n\n【リピート条件】\n 実時間　２０時間経過,
歪む想い,
ガイア僧　,
『マイ』を探しましょう。,
ガイア僧『ナギ』に報告しましょう。,
『第三ホーム野営地　倉庫』に\n 向かいましょう。,
ガイア僧『ナギ』から\n話を聞きましょう。,
ガイア僧『ナギ』と\nメシア教徒『マイ』の様子を見に\n地下室に行きましょう。,
パンクス・ファイト　ラウンド１,
コジャ,
 指定された『パンクス』達を倒して\n『コジャ』に報告しましょう。\n\n【リピート条件】\n 実時間　６時間経過,
パンクス・ファイト　ラウンド２,
パンクス・ファイト　ラウンド３,
復讐の始まり,
『過去を捨てた男』の求める\n憎しみを力に変えられるような近接武器を\n探してきましょう。,
『過去を捨てた男』の復讐……。\n 何か嫌な予感がする……。,
支えのある意味,
『捨てられた女』が求める\n『果物？』\n『すごい帽子？』\n『動物？』を探してきましょう。,
『あの子』が喜んでくれれば……。\n また今度何かをあげてみるかな……。\n\n【リピート条件】\n 実時間　２０時間経過,
新しき世界,
 検問所を通してもらう為に\n『ルビー』１０個、\n もしくは『真紅の石』５個を\n パンクスに持って行きましょう。,
労わりある世界,
 カスガ通りにいるパンクスに\n『アッパービール』を\n ５つ差し入れしましょう。,
理不尽な世界,
金を借りたまま失踪している\nパンクスを捜しだしましょう。,
パンクスに報告しましょう。,
血生臭い世界,
ウェン,
 イケブクロにいる\n パンクスリーダーを倒し、\n その証である\n『リーダーの証』を\n ５つ集めましょう。\n\n【リピート条件】\n なし,
神那原,
ヒガ,
『人らしき骨』を５つ集め、\n ヒガに報告しましょう。,
金に従革と曰う,
賭博師　キノ,
 カードマニア達の同志の証を入手し、\n『賭博師　キノ』に報告しましょう。,
 弱者を食いものにしている賭博師の\n 情報を集め、博打に勝利して\n『賭博師　キノ』に報告しましょう。,
『エレメント【金】』２０００個を集め、\n『賭博師　キノ』に報告しましょう。,
『賭博師　キノ』の客となるための\n 条件を達成しました。,
宿魂の共鳴,
大業のドワーフ,
 イケブクロに出没する各悪魔を倒し、\n『大業のドワーフ』に報告しましょう。,
『大業のドワーフ』に依頼された\n 悪魔の討伐を完了しました。\n\n【リピート条件】\n なし,
辺境の研究成果,
悪魔研究士（イケブクロ）,
『理の砂・護』でデビルフォースを、\n １０回行い、イケブクロの悪魔研究士に\n 報告しましょう。,
在るべき姿に,
 イケブクロのどこかにあるという\n『ユミルの土』を手に入れ、\n『大業のドワーフ』に報告しましょう。,
満腹のお礼,
はっちゃん,
プロトピアの『はっちゃん』の為に、\n食べ物を探してきましょう。,
また白いぬいぐるみが手に入ったら、\n『はっちゃん』に見せてみようかな……。\n\n【リピート条件】\n なし,
まんだらのレシピ,
種族別の『まんだらメロン』を作るために\n『劉伯・銀』１０個と、\n『アエローの魔晶』１個を\n集めてきましょう。,
理の砂による理,
フォースパラメータを上昇させるために、\n必要な種族別の『まんだらメロン』を\n集めましょう。,
装置の具合が良ければ、\n悪魔研究士は更なる研究のため、\nまた『理の砂』の作成を行って\nくれるようです。\n\n【リピート条件】\n実時間　１６時間経過,
渇望セシ者,
酔いどれＤＢ　筏粕さん,
 強さについて学ぶためには、\n『ビール』と名の付くアルコールが\n 必要なようです。,
貰った認証カードをとある場所で\n使用すると、特別なハッキングが\n可能になるようです。,
 電子回廊にて体験した出来事を\n『酔いどれＤＢ　筏粕さん』に\n 報告しましょう。,
『邪神マダ』がなにやら\n 話しがあるようです。,
『邪神マダ』に頭を撫でて貰いました。\n 再び『酔いどれＤＢ　筏粕さん』に\n 報告しましょう。,
『邪神マダ』に頭を撫でて貰ったことで、\n イケブクロの『華梟城』にあるという\n『カジノ闘技場』への参加条件を\n 満たしたようです。\n 訪れた際には参加してみるのも\n 一興でしょう。,
カノウの課題：ナカノ西部討伐１,
ＤＢカノウ（ナカノ）,
 ナカノフィールドに出現する、\n『ウィルオウィスプ』を２０体討伐し、\n ＤＢカノウに報告しましょう。,
カノウの課題：ナカノ西部討伐２,
 ナカノフィールドに出現する、\n『アズミ』を１０体と\n『ケルピー』を１０体討伐し、\n ＤＢカノウに報告しましょう。,
カノウの課題：ナカノ西部討伐３,
 ナカノフィールドに出現する、\n『バイコーン』を１０体討伐し、\n ＤＢカノウに報告しましょう。,
カノウの課題：ナカノ中央討伐１,
 ナカノフィールドに夜間にだけ出現する、\n『ジャックランタン』を５体討伐し、\n ＤＢカノウに報告しましょう。,
カノウの課題：ナカノ東部討伐１,
 ナカノフィールドに出現する、\n『モウリョウ』を２０体討伐し、\n ＤＢカノウに報告しましょう。,
カノウの課題：ナカノ東部討伐２,
 ナカノフィールドに出現する、\n『コカトライス』を２０体討伐し、\n ＤＢカノウに報告しましょう。,
カノウの課題：ナカノ東部討伐３,
 ナカノフィールドに出現する、\n『ギュウキ』を２０体討伐し、\n ＤＢカノウに報告しましょう。,
ヤマグチの課題：魔法の得意な仲魔,
ＤＢヤマグチ（ナカノ）,
スギナミフィールドの凶鳥『オンモラキ』と\n交渉し、仲魔にしましょう。\n仲魔にした後、召喚した状態で依頼主に\n報告しましょう。,
夜魔『アルプ』と\n魔獣『ケットシー』を仲魔にし、\n邪教の館で合体させ、\n聖獣『シーサー』を作りましょう。\n合体後、召喚した状態で依頼主に\n報告しましょう。,
凶鳥『オンモラキ』と\n聖獣『シーサー』を\n邪教の館で合体させ、\n霊鳥『ホウオウ』を作りましょう。\n合体後、召喚した状態で依頼主に\n報告しましょう。,
ヤマグチの課題：近接の得意な仲魔,
ナカノフィールドの妖獣『バイコーン』と\n交渉し、仲魔にしましょう。\n仲魔にした後、召喚した状態で依頼主に\n報告しましょう。,
妖獣『ガルム』と\n魔獣『カーシー』を仲魔にし、\n邪教の館で合体させ、\n地霊『スダマ』を作りましょう。\n合体後、召喚した状態で依頼主に\n報告しましょう。,
妖獣『バイコーン』と\n地霊『スダマ』を\n邪教の館で合体させ、\n妖鬼『モムノフ』を作りましょう。\n合体後、召喚した状態で依頼主に\n報告しましょう。,
ヤマグチの課題：回復の得意な仲魔,
妖精『ピクシー』と\n魔獣『未熟なケットシー』を仲魔にし、\n邪教の館で合体させ、\n天使『エンジェル』を作りましょう。\n合体後、召喚した状態で依頼主に\n報告しましょう。,
スギナミフィールドの\n魔獣『未熟なオルトロス』と交渉し、\n仲魔にしましょう。\n仲魔にした後、召喚した状態で依頼主に\n報告しましょう。,
天使『エンジェル』と\n魔獣『未熟なオルトロス』を\n邪教の館で合体させ、\n聖獣『ユニコーン』を作りましょう。\n合体後、召喚した状態で依頼主に\n報告しましょう。,
右脳人間,
元気のない少女,
『右脳パン』２００個を\n 渡しましょう。,
ダイアモンド１０,
絶望に包まれた男,
『ダイアモンド』１０個を\n 渡しましょう。,
父の薬,
何かを探している女,
 ５クロイツを\n 渡しましょう。,
SANPACHI　DE　DONPACHI,
武器屋から出てきた男,
『三八式歩兵銃』を\n 渡しましょう。,
同志の証,
歌姫について尋ねまわる男,
『チャクラクレープ』１０個を\n 渡しましょう。,
同志の涙,
『アッパービール』２０本を\n 渡しましょう。,
ココドコボクダレ,
挙動不審な男,
『悪魔スナック･エビマヨバナナ味』\n １個を渡しましょう。\n\n【リピート条件】\n なし,
『悪魔スナック･照り焼きイチゴ味』\n １個を渡しましょう。\n\n【リピート条件】\n なし,
『悪魔スナック･バニラ納豆味』\n １個を渡しましょう。\n\n【リピート条件】\n なし,
『悪魔スナック･タコ焼きミント味』\n １個を渡しましょう。\n\n【リピート条件】\n なし,
指定された『悪魔スナック』を\n渡しましょう。\n\n【リピート条件】\n なし,
イマドキキャッチボール,
通りをうろうろする若者,
『サファイア』１０個を\n 渡しましょう。,
失踪の為の疾走,
パンクスから逃げてきた男,
なにか飲むものを渡しましょう。,
他力本願な頼み懇願,
『リーダーの証』を\n ５つ集めましょう。\n\n【リピート条件】\n なし,
コンプリートは突然に,
詩が好きな女,
あの日　あの時　あの場所で\nあなたに会えなかったら\n私たちは　いつまでも\n見知らぬ蟻のまま,
魔階トチョウの影,
影を追う者,
謎の人物『影を追う者』から、\n魔階トチョウの調査依頼を受けました。\n\n先行している『ＤＢアサダ』に会い、\n現在の状況を確認後、\n調査に協力しましょう。,
先行している『ＤＢアサダ』から\n情報を得たところ、トチョウ内に\n進入することは出来たものの、\nヘリポートへのロックが行く手を\n阻んでいるようです。\n\nトチョウ内を調査し、ヘリポートへの\n進入経路を探しましょう。,
行く手を阻んでいたヘリポートへの\nロックが解除されました。\n\n最初に話しかけた『ハエ』に\nもう一度話しかけ、ヘリポートへ\n移動させてもらいましょう。,
強大な力を持った魔王『ベルゼブブ』の\n実体をとらえられず、相手にも\nしてもらえませんでした。\n\nしかし、今回の異変の原因は\nこの魔王『ベルゼブブ』であることは\n間違いないようです。\n\n一刻も早く『影を追う者』に\n報告しましょう。,
蠅の王,
 パス・マテリアルを\n 謎の人物『影を追う者』から\n 手に入れました。\n\n ナカノ・シブヤ・イチガヤの\n 各オベリスク内部に入り、\n『ベルゼブブ』の手下たちから\n 解放しましょう。\n,
 魔王『ベルゼブブ』の手下たちから\n オベリスクを解放しました。\n\n これで今度こそ魔王と対峙することが\n できるはずです。\n\n もう１度魔階トチョウに向かい、\n『ベルゼブブ』と対峙しましょう。,
 すべては魔王『ベルゼブブ』の\n 思惑通りに進んだようです。\n\n 同時に、トチョウの上空で\n 大きな異変が起こりました。\n\n『影を追う者』に報告しましょう。,
ざわめくトウキョウ,
『噂』の謎を解きに\n 各地で調査しているデビルバスターに\n 話を聞きに行きましょう。,
金色の昼下がり,
黒い青年,
 女の子の情報を探して\n『黒い青年』に報告しましょう。,
『赤い青年』に話しかけましょう。,
『黒い青年』に報告しましょう。,
Ｍｅｒｒｙ　Ｘｍａｓ　Ｍｒ．…？,
『マグネタイト』\n ５０００００００個について\n 情報を探しましょう。,
『星霜の氷片』を集めましょう。　　　,
キングになる為の方法を探しましょう。,
『ジャックフロスト』に\n 話しかけましょう。,
Ｌｏｓｅ Ｙｏｕｒ Ｆａｉｔｈ…,
ニコラス,
『ニコラス』の指示した\n 力をもつ者を連れてきましょう。,
『ニコラス』に報告しましょう。,
街に雪を、君に奇跡を,
『キングフロスト』を探しましょう。,
『ニコラス』に話しかけましょう。,
 エネルギーの器の素材となる\n『ジャックフロストの魔晶』を\n ニコラスに届けましょう。,
 魔階トチョウに向かい\n『キングフロスト』を止めましょう。,
突然変異（フレームシフト）,
御坂美琴,
各地のデビルバスターに\n話かけましょう。\n\n【リピート条件】\n 実時間　５時間経過,
御坂美琴に報告しましょう。\n\n【リピート条件】\n 実時間　５時間経過,
試行錯誤（アルゴリズム）,
見習いデビルバスターの\nＣＯＭＰにいるウイルスを駆除しましょう。,
御坂美琴に報告しましょう。,
意思決定（ヒューリスティック） ,
各地のデビルバスターの\nＣＯＭＰにいるウイルスを駆除しましょう。\n\n【リピート条件】\n クエスト『時空転移』完了\n 実時間　２０時間経過,
御坂美琴に報告しましょう。\n\n【リピート条件】\n クエスト『時空転移』完了\n 実時間　２０時間経過,
時空転移（タイムリープ）,
強力な欠片を探しましょう。,
ウイルスを駆除しましょう。,
ＷＨＩＴＥ　ＢＬＵＥＳ,
コダマ,
スギナミ魔階坑道にて\n魂のかけらを１０個ずつ集め、\n全部で５０個の魂のかけらを\n第三ホームにいる\nコダマにわたしましょう。\n０／５０,
スギナミ魔階坑道にて\n魂のかけらを１０個ずつ集め、\n全部で５０個の魂のかけらを\n第三ホームにいる\nコダマにわたしましょう。\n１０／５０,
スギナミ魔階坑道にて\n魂のかけらを１０個ずつ集め、\n全部で５０個の魂のかけらを\n第三ホームにいる\nコダマにわたしましょう。\n２０／５０,
スギナミ魔階坑道にて\n魂のかけらを１０個ずつ集め、\n全部で５０個の魂のかけらを\n第三ホームにいる\nコダマにわたしましょう。\n３０／５０,
スギナミ魔階坑道にて\n魂のかけらを１０個ずつ集め、\n全部で５０個の魂のかけらを\n第三ホームにいる\nコダマにわたしましょう。\n４０／５０,
コダマが想いを伝える時がきました。\n悪魔スナック営業マンの\n所へいきましょう。,
DEVIL KNOWS YOU ～REBIRTH～,
サイエン,
『こんな不完全な力では、\n　この先生き延びることはできないだろう。\n　トウキョウで生き抜くだけの力が、\n　彼女には必要だった。\n　もう回り道をしている時間はない。\n　魂のかけらではもう駄目なのだ。\n　危険を冒しても、力を手に入れなければ\n　ならないのだ。\n「もう悪魔を取り込むしかないなあ」　』\n\nサイエンの願いを叶えてあげましょう。\n\n【リピート条件】\n実時間１時間経過,
DEVIL KNOWS YOU ～DEATH～,
『彼女は知っていた。\n　何人にも倒せない悪魔の降臨を。\n　だが、万が一、\n　挑もうとするニンゲンがいるとしたら。\n　神でも悪魔でもない、ただのニンゲンが？\n　ニンゲンだからこそ可能なのではないか？\n　そのことは歴史が示しているではないか。\n　ならば入り口だけでも用意しておこう。』　　　\n\nトチョウの石版からヤントラを以て進入し、\nあの悪魔を討伐しましょう。,
カッパのお願い,
ＤＢカトリ,
『このままじゃ、リーダーや仲間の命が\n　危ないっパ！！\n　大好物の『悪魔きゅうり』を食べさせれば、\n　すぐに元気になるとは思うけど、\n　『悪魔きゅうり』はアイツらに盗まれて\n　しまって、手元にないっパ……\n　お願いっパ！　力を貸してくれっパ！！』　　　\n\n各オベリスク周辺に出現している悪魔を\n倒し、『悪魔きゅうり』を手に入れ\nＤＢカトリに渡しましょう。,
カッパの受難,
『アイツらを追い払うことはできたけど、\n　何故かわたしのＣＯＭＰの調子が\n　凄く悪くなってしまったっパ！\n　分解して調べたら、幾つかの部品が\n　壊れてしまっていたっパ！\n　お願いっパ！　伝えたアイテムを\n　持ってきてくれっパ！』\n\n指定されたアイテムを渡し、\nＤＢカトリを助けてあげましょう。,
Desperately Seeking Alice...,
天才麻雀少女、アリスが行方不明に。\n手がかりを求めて、聞き込み調査を\n開始しましょう。,
カードマニアが言うには、\nアリスは大切なカードを\n失くしてしまったという。\n彼女のカードを捜し出すために、\nＤＢユウキのもとへ向かいましょう。,
アリスの大切なカードは、\nスギナミにいる悪魔たちの手に。　\nジャックフロスト、カハク、ケットシー、ガンダルヴァ、カーシーを倒して\nカードを奪い返そう！,
お針子リリィのお願い,
お針子リリィ,
第三ホームにいる『お針子リリィ』が\n欲しがっている『人気のチョコレート』を\n作ってあげましょう。\n\n分量は\n『人気のカカオマス』１に対して\n『ココアバター』１で調合すると\n完成するそうです。,
第三ホームにいる『お針子リリィ』が\n欲しがっている『高級なチョコレート』を\n作ってあげましょう。\n\n分量は\n『高級なカカオマス』１に対して\n『ココアバター』３で調合すると\n完成するそうです。,
第三ホームにいる『お針子リリィ』が\n欲しがっている「伝説のチョコレート」を\n作ってあげましょう。\n\n分量は\n『伝説のカカオマス』１に対して\n『ココアバター』８で調合すると\n完成するそうです。,
第三ホームにいる『お針子リリィ』が\n捜している人物を見つけ出して\n彼女の想いを伝えてあげましょう。\n\n捜し人の特徴は\n貴重品『リリィの殴り書きメモ』に\n記載されている様です。,
第三ホームにいる『お針子リリィ』が\n捜していた人物の想いを\n彼女に伝えてあげましょう。,
『お針子リリィ』の\nお願いを聞いてあげました。\n\n結果はかわいそうですが、\nじゃじゃ馬娘にまだまだ\n振り回されそうな予感がします…。,
続・お針子リリィのお願い,
『お針子リリィ』の\nお願いを再度聞いてあげました。\n\n結果はやっぱりかわいそうですが、\nじゃじゃ馬娘はこれで\n大人しくなるという事は無さそうです…。,
真・お針子リリィのお願い,
『お針子リリィ』の\nお願いを最後まで聞いてあげました。\n\n始まる前から見えていた\n結果はかわいそうですが、\nじゃじゃ馬娘もきっと\n大人しくなる事でしょう…。,
愚かな男のお願い,
愚かな男,
『愚かな男』が捜している女性を\n捜してあげましょう。\n\nその女性はパワースポット巡りに\n出かけたそうです。,
『愚かな男』が捜している女性を\n捜してあげましょう。\n\nイチガヤにもウエノにも居た気配こそあれど\n既に別の場所に行ってしまっている様です。,
『愚かな男』の\nお願いを聞いてあげました。\n\n結果はめでたし、めでたし\nという事で…。,
Ｗｅｔ　Ｈｏｔ　Ｂｅａｃｈ,
オニ,
オニから『鬼面トマト』集めを頼まれました。\n『スギナミ魔階坑道』や『ナカノ地下遺構』の\n銅ダンジョンに出現する悪魔が\n持っているようなので、\n倒して集めてきましょう。,
オニは満足しなかったようです。\nまた『鬼面トマト』を集めて、\nビーチを盛り上げましょう。,
オニはまだ満足しないようです。\n更に『鬼面トマト』を集めて、\nビーチを盛り上げましょう。,
オニの理想に近づいたようです。\nもっと『鬼面トマト』を集めて、\nビーチを盛り上げましょう。,
オニのハーレム完成間近です！\n『鬼面トマト』を集めて、\nビーチに驚くような客を呼びましょう。,
オニのハーレムは完成できませんでした。\nしかし、オニのビーチにはまだ秘密が\nあるようです。\n仲間と一緒に行くと……。,
Ｃｈｒｉｓｔｍａｓ　Ｄｅｖｉｌ,
未熟なサンタフロスト,
未熟なサンタフロストに\n『ツリーオーナメント』集めを頼まれました。\n『キングフロストの森』から\n『モミの木の森』へ行き、\n『ツリーオーナメント』を持っている悪魔たちを\n未熟なサンタフロストのスキル『雪玉』を\n駆使して驚かし、\n『ツリーオーナメント』を横取りしましょう。,
ツリーが１本増えました。\nツリーをもっと増やすため、\n『ツリーオーナメント』を沢山集めましょう。,
ツリーが２本になりました。\nツリーが増えると悪魔たちも遊びに来るようです。\n更にツリーを増やして、\n悪魔とも話してみましょう。,
ツリーが３本になりました。\nキングフロストのやる気が落ちてますが、\n諦めずに『ツリーオーナメント』を集めましょう。,
ツリーが４本になりました。\nキングフロストのやる気も復活しました！\nラストスパート、頑張りましょう！,
『ツリーオーナメント』を\n横取りしていたことがバレてしまい、\n未熟なサンタフロストは認めてもらえませんでした。\nツリー完成まで手伝うことは達成しましたので、\nキングフロストからご褒美を貰いましょう。,
クリスマスツリーを完成させることができました。\n未熟なサンタフロストがおとがめを受けているので、\n手伝ってあげましょう。,
未熟なサンタフロストのおとがめ,
未熟なサンタフロストに\n『ツリーオーナメント』集めを頼まれました。\n『キングフロストの森』から\n『モミの木の森』へ行き、\n『ツリーオーナメント』を渡さない悪魔たちを\n未熟なサンタフロストのスキル『雪玉』と\n『雪玉バースト』を駆使して驚かし、\n『ツリーオーナメント』を取り返しましょう。,
ツリーが３本になりました。\nこの調子で未熟なサンタフロストを\n手伝ってあげましょう。,
ツリーが４本になりました。\n残り１本でこの森のツリーも完成です！\nラストスパート、頑張りましょう！,
大きなツリーが完成しました！\nここの森のツリーは全て完成です。\nキングフロストからご褒美を貰い、\nまた未熟なサンタフロストを\n手伝ってあげましょう。\n\n【リピート条件】\nなし,
かなしをもたらすもの,
愛の使者　サキュバス,
『愛の使者　サキュバス』から謎の呪いを\nかけられてしまいました。\n呪いを解く為には愛を知る必要があり、\n『スギナミ魔階坑道』に居る\n愛についてを教えてくれるという先生に\n会いに行きましょう。\n\n『スギナミ魔階坑道』は、   \n『第三ホーム』から南東に行った場所に   \nあるそうです。 ,
インキュバスから\n悪魔のナンパを\n頼まれてしまいました。\n\n何が起きても良い様に\n戦闘の準備が整ったら\nインキュバスに話しかけましょう。,
インキュバスからさらなる愛の試練が\n『魔階ナカノ地下遺構』で\n待ち受けている事を聞きました。\n\n『魔階ナカノ地下遺構』は、\nスギナミフィールドからナカノフィールドに\n入って南下した場所にあるそうです。,
リリムから\n理想の体型の秘訣を\n探ってきてほしいと\n頼まれてしまいました。\n\n何が起きても良い様に\n戦闘の準備が整ったら\nリリムに話しかけましょう。,
リリムから最後の愛の試練が\n『魔階セルタワー』で\n待ち受けている事を聞きました。\n\n『魔階セルタワー』は、\nナカノフィールドを越えた先にある\n『新宿バベル』から南下し、\nさらにシブヤフィールドの最南端の\n場所にあるらしい。,
ジャンヌから\n欲望の化身との対峙を\n頼まれました。\n\n何が起きても良い様に\n戦闘の準備が整ったら\nジャンヌに話しかけましょう。,
課せられた愛の試練は\n全て乗り越えた事を\n『第三ホーム』に滞在している\n『愛の使者　サキュバス』に\n報告に行きましょう。,
愛の試練を乗り越えた事で\n愛の使者として認められました。\n\nＳｏｍｅｂｏｄｙ　Ｔｏ　Ｌｏｖｅ,
ＨＵＳＨ-Ａ-ＢＹＥ，ＤＥＶＩＬ,
ジャアクフロスト,
「異界新宿バベル」内にある\n 光る扉を開き、強大なる存在を討伐しましょう。\n\n 攻略対象：【 ＤＯＯＲ－０１ 】\n\n　扉を開き、先へ進むには\n　「鍵」が２個必要となる。,
「異界新宿バベル」内にある\n 光る扉を開き、強大なる存在を討伐しましょう。\n\n 攻略対象：【 ＤＯＯＲ－０２ 】\n\n　扉を開き、先へ進むには\n　「鍵」が２個必要となる。,
「異界新宿バベル」内にある\n 光る扉を開き、強大なる存在を討伐しましょう。\n\n 攻略対象：【 ＤＯＯＲ－０３ 】\n\n　扉を開き、先へ進むには\n　「鍵」が３個必要となる。,
「異界新宿バベル」内にある\n 光る扉を開き、強大なる存在を討伐しましょう。\n\n 攻略対象：【 ＤＯＯＲ－０４ 】\n\n　扉を開き、先へ進むには\n　「鍵」が３個必要となる。,
「異界新宿バベル」内にある\n 光る扉を開き、強大なる存在を討伐しましょう。\n\n 攻略対象：【 ＤＯＯＲ－０５ 】\n\n　扉を開き、先へ進むには\n　「鍵」が４個必要となる。,
「異界新宿バベル」内にある\n 光る扉を開き、強大なる存在を討伐しましょう。\n\n 攻略対象：【 ＤＯＯＲ－０６ 】\n\n　扉を開き、先へ進むには\n　「鍵」が４個必要となる。,
「異界新宿バベル」内にある\n 光る扉を開き、強大なる存在を討伐しましょう。\n\n 攻略対象：【 ＤＯＯＲ－６６６ 】\n\n　扉を開き、先へ進むには\n　「鍵」以外の何かが必要のようだ。,
「異界新宿バベル」内にある\n 全ての強大なる存在を討伐しました。\n\n しかし脅威は完全に去っていないようです。\n 強大なる存在の討伐を続けましょう。,
Ｔｒｉｃｋ　Ｒａｎｋ１,
お菓子だいすきジャックランタン,
ある場所でデヴィルズエッグを\n使用して悪魔を討伐しましょう。\n\n【リピート条件】\n なし,
Ｔｒｉｃｋ　Ｒａｎｋ２,
Ｔｒｉｃｋ　Ｒａｎｋ３,
Ｔｒｉｃｋ　Ｒａｎｋ４,
Ｔｒｉｃｋ　Ｒａｎｋ５,
Ｔｒｉｃｋ　Ｒａｎｋ６,
Ｔｒｉｃｋ　Ｒａｎｋ７,
Ｔｒｉｃｋ　Ｒａｎｋ８,
Ｔｒｉｃｋ　Ｒａｎｋ９,
Ｔｒｅａｔ　Ｒａｎｋ１,
依頼されたアイテム\n『悪魔全書メモリ・ブッカブー』を集めましょう。\n\n【リピート条件】\n なし,
Ｔｒｅａｔ　Ｒａｎｋ２,
依頼されたアイテム\n『悪魔全書メモリ・アクアンズ』を集めましょう。\n\n【リピート条件】\n なし,
Ｔｒｅａｔ　Ｒａｎｋ３,
依頼されたアイテム\n『悪魔全書メモリ・オンコット』を集めましょう。\n\n【リピート条件】\n なし,
Ｔｒｅａｔ　Ｒａｎｋ４,
依頼されたアイテム\n『悪魔全書メモリ・ケルピー』を集めましょう。\n\n【リピート条件】\n なし,
Ｔｒｅａｔ　Ｒａｎｋ５,
依頼されたアイテム\n『悪魔全書メモリ・センリ』を集めましょう。\n\n【リピート条件】\n なし,
Ｔｒｅａｔ　Ｒａｎｋ６,
依頼されたアイテム\n『悪魔全書メモリ・エルフ』を集めましょう。\n\n【リピート条件】\n なし,
Ｔｒｅａｔ　Ｒａｎｋ７,
依頼されたアイテム\n『悪魔全書メモリ・アーシーズ』を集めましょう。\n\n【リピート条件】\n なし,
Ｔｒｅａｔ　Ｒａｎｋ８,
依頼されたアイテム\n『悪魔全書メモリ・ヌエ』を集めましょう。\n\n【リピート条件】\n なし,
Ｔｒｅａｔ　Ｒａｎｋ９,
依頼されたアイテム\n『悪魔全書メモリ・ハトホル』を集めましょう。\n\n【リピート条件】\n なし,
絵馬悪魔合体,
ハヤグリーヴァ,
ハヤグリーヴァから絵馬の素材となる\nアイテムの収集を依頼された。\n\nシンジュクドックで入手できる\nアイテム『ジャンク製のボード』を１つ手に入れ、\nハヤグリーヴァに渡しましょう。,
ハヤグリーヴァから絵馬の素材となる\nアイテムの収集を依頼された。\n\nスギナミ魔階坑道で入手できる\nアイテム『ヨダレ塗れの板』を１つ手に入れ、\nハヤグリーヴァに渡しましょう。,
ハヤグリーヴァから絵馬の素材となる\nアイテムの収集を依頼された。\n\n魔階ナカノ地下遺構で入手できる\nアイテム『石造の板』を１つ手に入れ、\nハヤグリーヴァに渡しましょう。,
ハヤグリーヴァから絵馬の素材となる\nアイテムの収集を依頼された。\n\n旧イチガヤ駐屯地で入手できる\nアイテム『血濡れの板』を手に入れ、\nハヤグリーヴァに渡しましょう。,
ハヤグリーヴァから悪魔絵馬の素材となる\n悪魔の召喚を依頼された。\n\nスキル『パトラ』を所持する悪魔『ユニコーン』を\nハヤグリーヴァの元に連れてきましょう。,
ハヤグリーヴァから悪魔絵馬の素材となる\n悪魔の召喚を依頼された。\n\nスキル『パトラ』を所持する悪魔『バイコーン』を\nハヤグリーヴァの元に連れてきましょう。,
ハヤグリーヴァの依頼を全て達成し、\n『悪魔絵馬』を完成させました。\n\nナカノフィールドにある『大絵馬』から\n『裏富士見ミッドガルド』への\n入場ができるようです。,
Ｍｅｍｏｒｉｅｓ　Ｇｏ　Ｒｏｕｎｄ,
ハヤグリーヴァから若駒の育成を依頼された。\n\n『若駒ユニコーン』を連れて\nケルピーの元で修業を積みましょう。,
ハヤグリーヴァから若駒の育成を依頼された。\n\n『若駒ユニコーン』を連れて\nクヴァンダの元で修業を積みましょう。,
ハヤグリーヴァから若駒の育成を依頼された。\n\n『若駒バイコーン』を連れて\nケルピーの元で修業を積みましょう。,
ハヤグリーヴァから若駒の育成を依頼された。\n\n『若駒バイコーン』を連れて\nクヴァンダの元で修業を積みましょう。,
『若駒ユニコーン』の修業を終えました。\n\n次は、『バイコーン』が描かれた絵馬を持って\nハヤグリーヴァの元を訪れましょう。,
『若駒バイコーン』の修業を終えました。\n\n次は、『ユニコーン』が描かれた絵馬を持って\nハヤグリーヴァの元を訪れましょう。,
『若駒ユニコーン』『若駒バイコーン』の\n修業を終えました。\n\nこれからは、好きな仲魔を好きなだけ\n走らせることができる。,
駑馬の往く道・白,
若駒ユニコーン,
『若駒ユニコーン』に指定された\n悪魔絵馬を『大絵馬』に奉納しましょう。,
『若駒ユニコーン』に指定された\n悪魔絵馬を『大絵馬』に奉納しました。\n\n【リピート条件】\n毎日６時以降に再受諾可能,
駑馬の往く道・黒,
若駒バイコーン,
『若駒バイコーン』に指定された\n悪魔絵馬を『大絵馬』に奉納しましょう。,
『若駒バイコーン』に指定された\n悪魔絵馬を『大絵馬』に奉納しました。\n\n【リピート条件】\n毎日６時以降に再受諾可能,
ネメシスからの使者討伐　LV1,
サエ,
上級ロジックスペースで  \n冠名『ネメシスからの使者』の  \n悪魔を討伐しましょう。  \n討伐数：２６６,
ネメシスからの使者討伐　LV2,
上級ロジックスペースで  \n冠名『ネメシスからの使者』の  \n悪魔を討伐しましょう。  \n討伐数：６６６,
ネメシスからの使者討伐　LV3,
上級ロジックスペースで  \n冠名『ネメシスからの使者』の  \n悪魔を討伐しましょう。  \n討伐数：２６６６,
ＡＭＰハイパワーブラスター強化　LV1,
『ＡＭＰハイパワーブラスター＋１』１個を\n手に入れて依頼主に報告しましょう。,
ＡＭＰハイパワーブラスター強化　LV2,
『ＡＭＰハイパワーブラスター＋２』１個を\n手に入れて依頼主に報告しましょう。,
ＡＭＰハイパワーブラスター強化　LV3,
『ＡＭＰハイパワーブラスター＋３』１個を\n手に入れて依頼主に報告しましょう。,
フロアクリア　LV1,
『上級ロジックスペース』の\n３フロアをクリアしましょう。,
フロアクリア　LV2,
『上級ロジックスペース』の\n１０フロアをクリアしましょう。,
フロアクリア　LV3,
『上級ロジックスペース』の\n２４フロアをクリアしましょう。,
Devil Passions Chocolate,
モー・ショボー,
恋を知らないモー・ショボーに\nチョコ作りを依頼された。\n\n『トリアナＴＯＫＹＯ』にいるティターニア、\nジャンヌからそれぞれ行くことのできる場所で\n『手作りのチョコ』を５０個作成し\nモー・ショボーに渡しましょう。   ,
モー・ショボーがクー・フーリンに\n『手作りのチョコ』を渡した。\n\n更に恋について理解するために、\n『トリアナＴＯＫＹＯ』にいるティターニア、\nジャンヌからそれぞれ行くことのできる場所で\n『手作りのチョコ』を１２５個作成し\nモー・ショボーに渡しましょう。   ,
モー・ショボーがヨシツネに\n『手作りのチョコ』を渡した。\n\n更に恋について理解するために、\n『トリアナＴＯＫＹＯ』にいるティターニア、\nジャンヌからそれぞれ行くことのできる場所で\n『手作りのチョコ』を３００個作成し\nモー・ショボーに渡しましょう。   ,
モー・ショボーがクルースニクに\n『手作りのチョコ』を渡した。\n\n更に恋について理解するために、\n『トリアナＴＯＫＹＯ』にいるティターニア、\nジャンヌからそれぞれ行くことのできる場所で\n『手作りのチョコ』を５２５個作成し\nモー・ショボーに渡しましょう。   ,
ありがとう！　あなたのおかげで、\n恋について完璧に理解できたよ！\n\nまた『手作りのチョコ』を沢山持ってきてくれたら、\n今度は私があなたたちに協力してあげる！\nじゃあ、ヨロシクね！,
ナイトメア・ライド・ショー,
オニから『狂喜の悪夢』に出現する\n『インキュバス』の討伐を依頼された。\n\n傲慢なニュクスから『狂喜の悪夢』に進入し、\n好き勝手暴れるインキュバスと戦い、\nその証拠となるアイテム『不気味な円盤』を\nオニに渡しましょう。,
よくやった！\n流石俺の見込んだニンゲンだ！\nだがまだ油断ならねぇ……。\n奴は懲りずに隙を窺ってるはずだ！\nこうなったら徹底的にぶっ潰す！\n報酬はたんまり用意してあるからよ、\nてめぇも最後まで付き合いな！\n\n頼んだぜ！,
史上最大の頂上決戦　蘇生,
『魂の牢獄　蘇生』に\n『通常進入』で入場し、\n 番人と呼ばれる存在を討伐しましょう。\n\n『魂の牢獄　蘇生』に入場するには\n『牢獄の鍵』が１個必要となる。,
『魂の牢獄　蘇生』を進み、\n 番人と呼ばれる存在を討伐しました。\n\n『フロストエース』の正体は誰なのか\nそれは誰もわからない。,
史上最大の頂上決戦　長成,
『魂の牢獄　長成』に\n『通常進入』で入場し、\n 番人と呼ばれる存在を討伐しましょう。\n\n『魂の牢獄　長成』に入場するには\n『牢獄の鍵』が２個必要となる。,
『魂の牢獄　長成』を進み、\n 番人と呼ばれる存在を討伐しました。\n\n誰の心にも光が宿っている。\n\nそれを闇に変えるのは、他ならぬ\n自分たちの罪。,
史上最大の頂上決戦　完成,
『魂の牢獄　完成』に\n『通常進入』で入場し、\n 番人と呼ばれる存在を討伐しましょう。\n\n『魂の牢獄　完成』に入場するには\n『牢獄の鍵』が３個必要となる。,
『魂の牢獄　完成』を進み、\n 番人と呼ばれる存在を討伐しました。\n\nヒーローに必要なものは\n熱い想い……　熱い魂。\n\n君は誰よりも、ヒーローだ。,
史上最大の頂上決戦　蘇生【HELLCAT】,
『魂の牢獄　蘇生』に\n『ＨＥＬＬＣＡＴ』で入場し、\n 番人と呼ばれる存在を討伐しましょう。\n\n『魂の牢獄　蘇生』に入場するには\n『牢獄の鍵』が１個必要となる。,
『魂の牢獄　蘇生』に\n『ＨＥＬＬＣＡＴ』で進み、\n 番人と呼ばれる存在を討伐しました。,
史上最大の頂上決戦　長成【HELLCAT】,
『魂の牢獄　長成』に\n『ＨＥＬＬＣＡＴ』で入場し、\n 番人と呼ばれる存在を討伐しましょう。\n\n『魂の牢獄　長成』に入場するには\n『牢獄の鍵』が２個必要となる。,
『魂の牢獄　長成』に\n『ＨＥＬＬＣＡＴ』で進み、\n 番人と呼ばれる存在を討伐しました。,
史上最大の頂上決戦　完成【HELLCAT】,
『魂の牢獄　完成』に\n『ＨＥＬＬＣＡＴ』で入場し、\n 番人と呼ばれる存在を討伐しましょう。\n\n『魂の牢獄　完成』に入場するには\n『牢獄の鍵』が３個必要となる。,
『魂の牢獄　完成』に\n『ＨＥＬＬＣＡＴ』で進み、\n 番人と呼ばれる存在を討伐しました。,
史上最大の頂上決戦　蘇生【TIGERCAT】,
『魂の牢獄　蘇生』に\n『ＴＩＧＥＲＣＡＴ』で入場し、\n 番人と呼ばれる存在を討伐しましょう。\n\n『魂の牢獄　蘇生』に入場するには\n『牢獄の鍵』が１個必要となる。,
『魂の牢獄　蘇生』に\n『ＴＩＧＥＲＣＡＴ』で進み、\n 番人と呼ばれる存在を討伐しました。,
史上最大の頂上決戦　長成【TIGERCAT】,
『魂の牢獄　長成』に\n『ＴＩＧＥＲＣＡＴ』で入場し、\n 番人と呼ばれる存在を討伐しましょう。\n\n『魂の牢獄　長成』に入場するには\n『牢獄の鍵』が２個必要となる。,
『魂の牢獄　長成』に\n『ＴＩＧＥＲＣＡＴ』で進み、\n 番人と呼ばれる存在を討伐しました。,
史上最大の頂上決戦　完成【TIGERCAT】,
『魂の牢獄　完成』に\n『ＴＩＧＥＲＣＡＴ』で入場し、\n 番人と呼ばれる存在を討伐しましょう。\n\n『魂の牢獄　完成』に入場するには\n『牢獄の鍵』が３個必要となる。,
『魂の牢獄　完成』に\n『ＴＩＧＥＲＣＡＴ』で進み、\n 番人と呼ばれる存在を討伐しました。,
孔雀からの依頼,
孔雀,
『囚われし孔雀の羽』を１０枚\n集めて依頼主に渡しましょう。,
鬼切丸の少年からの依頼,
鬼切丸の少年,
『悪魔の骨』を１０個\n集めて依頼主に渡しましょう。,
エキスパート上限開放の特訓１,
『ラトスの像』を１０個\n『王鳥の卵殻』を１０個\n『輝くトラペゾヘドロン』を１０個\n『キュモポレイアの髪飾』を１０個\n集めて依頼主に報告しましょう。,
エキスパート上限開放の特訓２,
『コーラル』を５００個\n『ダイアモンド』を５００個\n『パール』を５００個\n『ペリドット』を５００個\n集めて依頼主に報告しましょう。,
エキスパート上限開放の特訓３,
『黒い封筒』を５個\n『護国の書』を４個\n『冷厳之結晶』を３個\n『偽誓の渋酒』を２個\n『ヴィングトール』を１個\n集めて依頼主に報告しましょう。,
孔雀の望み,
『群雄の魂・戦』『群雄の魂・国』\n『群雄の魂・武』『群雄の魂・将』\n『群雄の魂・列』『群雄の魂・伝』を\nそれぞれ１個ずつ集めて\n依頼主に渡しましょう。,
鬼切丸の少年の望み,
『気魂・天』『気魂・地』\n『気魂・人』を\nそれぞれ１個ずつ集めて\n依頼主に渡しましょう。,
サイエンからの（！）な依頼,
サイエンから\n女神『非凡なアメノウズメ』\nを連れてくるよう依頼された。\n仲魔にしてサイエンの元に連れてきましょう。\n\nサイエンに渡せば\nアイテム『クエスチョンキー』\nと交換してもらえる。,
サイエンから\n女神『ノルン』\nを連れてくるよう依頼された。\n仲魔にしてサイエンの元に連れてきましょう。\n\nサイエンに渡せば\nアイテム『クエスチョンキー』\nと交換してもらえる。\n\n必要となる悪魔には亜種も含まれる。,
サイエンから\n聖獣『異形のスレイプニル』\nを連れてくるよう依頼された。\n仲魔にしてサイエンの元に連れてきましょう。\n\nサイエンに渡せば\nアイテム『クエスチョンキー』\nと交換してもらえる。,
サイエンから\n魔王『ロキ』\nを連れてくるよう依頼された。\n仲魔にしてサイエンの元に連れてきましょう。\n\nサイエンに渡せば\nアイテム『クエスチョンキー』\nと交換してもらえる。\n\n必要となる悪魔には亜種も含まれる。,
サイエンから\n魔獣『鏡のイヌガミ』\nを連れてくるよう依頼された。\n仲魔にしてサイエンの元に連れてきましょう。\n\nサイエンに渡せば\nアイテム『クエスチョンキー』\nと交換してもらえる。,
サイエンから\n霊鳥『ガルーダ』\nを連れてくるよう依頼された。\n仲魔にしてサイエンの元に連れてきましょう。\n\nサイエンに渡せば\nアイテム『クエスチョンキー』\nと交換してもらえる。\n\n必要となる悪魔には亜種も含まれる。,
サイエンから\n幽鬼『速成のヤカー』\nを連れてくるよう依頼された。\n仲魔にしてサイエンの元に連れてきましょう。\n\nサイエンに渡せば\nアイテム『クエスチョンキー』\nと交換してもらえる。,
サイエンに、依頼された悪魔を渡して\n報酬としてアイテム『クエスチョンキー』を\nもらった。\n\n【リピート条件】\n なし,
君、逝きたもうことなかれ,
ジャンヌ,
ジャンヌからモー・ショボーを探すよう依頼された。\nシブヤにいるティターニアに話を聞いてみよう。,
ティターニアから話を聞いた。\nシンジュクにいるニュクスに話を聞いてみよう。,
ニュクスから話を聞いた。\nＹキキビーチにいるイシュタルに話を聞きに行こう。,
イシュタルから話を聞いた。\nシナガワに降臨したガブリエルに話を聞きに行こう。,
ガブリエルから話を聞いた。\nシブヤに潜伏しているオニとインキュバスを\n見つけ出そう。,
モー・ショボーを救い出し、\n魔王マーラを打倒した。\nジャンヌへ報告しよう。,
再び魔界への扉を開くには、\n特別なアイテムが必要なようだ。,
誰がためにヴァイオリンは鳴る,
交友関係の薄いジャックランタンから\nバンドメンバーを探すよう依頼された。\nスギナミにギター？を使う\n悪魔がいるようなので探しに行こう。,
プロトピアに金管楽器を使う悪魔が\nいるようなので探しに行こう。\nブラスバンドでも\n組むつもりなのだろうか……？,
ウエノにハンドベルを使う\n悪魔がいるようなので探しに行こう。\n讃美歌でも歌うのだろうか……？,
ナカノに吹奏楽器を使う\n悪魔がいるようなので探しに行こう。\n本当にバンドを組むのだろうか……？,
ジャックランタンが求める音楽に足りない\n「何か」を探して倒しましょう。\nそういえばカッパの姿のデビルバスターが\n出現しているらしいが……。,
音合わせをしているようだ。\n多分、次に話しかければライブが開始されるので\nさっさと話しかけよう。,
ライブは無事（？）終了した。\nこれはひどい。,
大迷惑の夜に,
モー・ショボー\n「オニとインキュバスがまた\n　何か企んでるみたい……。\n　悪いんだけど、\n　なにかやらかさないか調べてくれない？」,
モー・ショボー\n「クリスマスパーティで\n　みんなを楽しませる……本当かなー？」,
モー・ショボー\n「悔しいけど、\n　あいつらが作ったツリーは綺麗だね。\n　そこだけは褒めてあげようかな。」,
モー・ショボー\n「だんだん盛り上がってきたみたいだね！\n　もしかして、あいつら本当に\n　みんなを楽しませようと……。\n　いやいや、そんなはずないよね！」,
モー・ショボー\n「お客さんも沢山集まって来たみたいだね！\n　あたしも行きたいけど……。\n　うーん、どうしよう。」,
モー・ショボー\n「やっぱりオニとインキュバスは\n　下らないことを考えてたね！\n　本当に信じなくてよかったよー。\n　協力してくれてありがとうね！」,
デビルバスターは悪魔羊と夢を見るか？,
トウテツ,
カイチかトウテツを仲魔にし、\n親密度を『絆で結ばれた』にして\n『トウテツ』に見せましょう。\n\n※亜種可能,
トウテツ\n「オマエ、ヒツジト、ナカイイ\n　ワカッタ、オマエ、ミトメル。」,
羊たちの養育,
カイチかトウテツを仲魔にし、\n御魂合体して『トウテツ』に見せましょう。\n\n※亜種可能,
トウテツ\n「オマエ、ヒツジ、ダイスキ\n　オレサマモ、オマエ、ダイスキ。」,
魂の証明書を作ろう,
魔神トート,
スギナミやナカノのプラズマと話し合い、\n理解を深めた証拠のアイテムを集めよう。\n\n『空き缶・ウーロン茶』１２個\n『割れたジョッキ・中』１２個\n『壊れた携帯電話・Ｇ２０７ｘ』８個\n『劣化したタイヤ・スリック』１２個,
魔神トートから依頼を受け、\n高めた精神力を利用して、\n『ドゥアトのステラ』を制作してもらった。,
魂の証明書を借りよう,
『魔階セルタワー（銅）』に向かい、\n『形の具現者ハトホル』を１体討伐しよう。,
魔神トートから依頼を受け、\n手に入れたステラを改良し、\n『ドゥアトのステラ』を制作してもらった。,
魔神トートの依頼,
スギナミやナカノのプラズマと話し合い、\n理解を深めた証拠のアイテムを集めよう。\n\n『空き缶・ウーロン茶』２個\n『割れたジョッキ・中』２個\n『壊れた携帯電話・Ｇ２０７ｘ』１個\n『劣化したタイヤ・スリック』２個,
『スギナミ魔階坑道（銅）』に向かい、\n『巨獣ガルム』を１体討伐しよう。,
ニンゲンの武器に興味を示した彼に、\n『マチェット』、もしくは\n『セルゲイ・エミール』を\n合成して持っていこう。\n\n合成の方法は、新宿バベルにいる、\n『偉業のドワーフ』から\n説明を受ける事ができる。,
悪魔を強くするための精霊を\n求めている。\n以下の悪魔のうち、\nいずれか１体を２身合体で\n作成し、提供しよう。\n\n『アーシーズ』\n『エアロス』\n『アクアンズ』\n『フレイミーズ』\n\n※亜種可能,
悪魔の素材を調合して作成できる、\n強力なアイテム求めている。\n以下のアイテムを作成し、提供しよう。\n\n『聖湯』１個,
魔神トートから依頼された\n仕事を達成し、報酬をもらった。\n\n【リピート条件】\n１日３回,
イノチ短し恋せよ悪魔 Ｓｉｄｅ Ｈ,
『黄金の光』から『おかしなカカオ』を入手し、\n『ニンゲン用チョコレート』100個を調合して\n『アヤ』に渡しましょう。,
 チョコをたっぷり作って、\n『アヤ』に渡しましょう。\n\n【リピート条件】\n 実時間　２０時間経過,
イノチ短し恋せよ悪魔 Ｓｉｄｅ Ｄ,
『黄金の光』から『おかしなカカオ』を入手し、\n『悪魔用チョコレート』100個を調合して\n『愛の使者　サキュバス』に渡しましょう。,
 チョコをたっぷり作って、\n『愛の使者　サキュバス』に渡しましょう。\n\n【リピート条件】\n 実時間　２０時間経過,
迷子のジャックフロスト,
迷子のジャックフロストを探し出し、\nジャックフロスト行方不明事件の犯人を\n懲らしめてきましょう。,
迷子のジャックフロストを連れて、\n依頼主に報告しましょう。,
 ジャックフロストからの依頼を\n 完了しました。\n\n【リピート条件】\n なし,
隠れた妙技？,
タニーさん,
「スギナミ魔階坑道（銅）」にいる\n「巨獣　ガルム」を３０体\n 討伐しましょう。,
「魔階シブヤクォーツ(銀) 」にいる\n「哀妻家　オベロン」と\n「強妻　ティターニア」を１０体ずつ\n 討伐しましょう。,
「旧イチガヤ駐屯地(金)」にいる\n「転生セシ魔界の者　トキサダ」を\n ３体討伐しましょう。,
「魔階カグラザカ朱雀洞」にいる\n「赤霞の幻獣　スザク」を１体\n 討伐しましょう。,
 タニーさんがこんな妙技を持っている事は\n 心の中にそっとしまっておいてあげよう。\n\n【リピート条件】\n なし,
復讐の対象,
「過去を捨てた男」が\nある女を捜しているようです。\nその女がいた場所へ向かいましょう。,
ある女はどこかへ行ってしまったようです。\n「過去を捨てた男」の為に捜しましょう。,
「女賭博師」が怪しい会話をしていました。\n「女賭博師」に話しかけてみましょう。,
「女賭博師からの手紙」を受け取りました。\n「新宿バベル」にいる男に渡しましょう。,
「女賭博師からの手紙」を\n「過去を捨てた男」に渡しました。\n「女賭博師」に報告しましょう。,
「女賭博師」に\n「過去を捨てた男」へ手紙を渡したことを\n報告しました。,
イケブクロの鬼退治,
バーテンダー,
ツナギの居場所について\n情報を集めましょう。,
バーテンダーの\n調査結果を待ちましょう。,
『池袋』『虎』を調べて\n手がかりを探しましょう。,
バーテンダーに報告しましょう。,
看板キャラクターに会いたい！,
セルティ,
この世界に存在する\n看板とも呼べる存在\n「リーダーピクシー」を\n連れてきてあげましょう。,
未熟な可愛い妖精に会いたい！,
この世界に存在する\n看板とも呼べる存在\n「ジャックフロスト」の中から\n未熟といわれて居る存在を\n連れてきてあげましょう。,
傷を負った人への届け物,
平和島静雄,
傷を負ってしまった人に\n傷薬をプレゼントしてあげましょう。,
イケブクロ最強の甘党？,
甘いものが好きな人へ\n手軽に買える甘いスイーツを\nプレゼントしてあげましょう。,
個性ある食べ物を持ってきて,
折原臨也,
作り手の個性が見える食べ物？\n「悪魔スナック・照り焼きイチゴ味」を\n臨也に持ってきてあげましょう。,
こちらの世界のナイフを持ってきて,
武器屋で売っている\n「コンバットナイフ」\nを持ってきてあげましょう。,
頭がよくなる食べ物が欲しい！,
紀田正臣,
頭がよくなると言われている食べ物、\n「右脳パン」を\n持ってきてあげましょう。,
襲われたときの対処法,
園原杏里,
複数の敵に襲われた時、\n相手を傷つけることなく遠ざける\nナパームを持ってきてあげましょう。,
眠気の覚める飲み物が欲しい！,
竜ヶ峰帝人,
眠気が取れる水、\n「イワクラの水」を\n持ってきてあげましょう。,
ナカノ山羊屋支援１,
山羊屋,
 ナカノの山羊屋に頼まれた\n 悪魔を討伐しましょう。\n\n【リピート条件】\n なし,
ナカノ山羊屋支援２,
ナカノ山羊屋支援３,
ナカノ山羊屋支援４,
ナカノ山羊屋支援５,
シブヤ山羊屋支援１,
 シブヤの山羊屋に頼まれた\n 悪魔を討伐しましょう。\n\n【リピート条件】\n なし,
シブヤ山羊屋支援２,
シブヤ山羊屋支援３,
シブヤ山羊屋支援４,
シブヤ山羊屋支援５,
エキスパート上限開放のために①,
『鬼神の石版』を５０個\n『魔人の銀版』を５０個\n『魔人の銅版』を５０個\n サンジェルマンに渡しましょう。,
エキスパート上限開放のために②,
『悪徳の書』を４０個\n『精霊球』を５０個\n『割れた執念の鏡』を５０個\n サンジェルマンに渡しましょう。,
仲魔成長支援,
『魔階シブヤクォーツ（金）』にいる\n『楽園の守護者　モリーアン』を\n １０体討伐しましょう。\n\n【リピート条件】\n なし,
雷挿すプラグイン,
『悪魔全書メモリ・ヌエ』を使い\n『ヌエ』を悪魔全書に登録して\n 依頼主に報告しましょう。,
疫挿すプラグイン,
『魔階ナカノ地下遺構（銀）』にいる\n『闖入者　エキンム』を\n １６体討伐しましょう。\n『秘密のルーンストーン』３個を\n 新宿バベルの邪教の主に渡しましょう。,
煙挿すプラグイン,
『魔階ナカノ地下遺構（銀）』にいる\n『闖入者　イフリート』を\n １６体討伐しましょう。\n『秘密のルーンストーン』３個を\n 新宿バベルの邪教の主に渡しましょう。,
三元の巧上位スキルについて①,
『蹂躙の輪』を１個\n『獣の足音』を１０個\n サンジェルマンに渡しましょう。,
三元の巧上位スキルについて②,
『神毒結晶石』を１個\n『謎の電子部品』を２０個\n サンジェルマンに渡しましょう。,
瓶挿すプラグイン,
『辺獄の使徒　クヴァンダ』を５体\n『破戒守護  ゾウチョウテン』を１体\n 討伐しましょう。,
秘中の細工,
ローブのおっちゃん(中立都市プロトピア),
シナガワフィールドの夜に出現する\n『ナーガラジャ』５０体と\nウエノフィールドの夜に出現する\n『ニーズホッグ』５０体を\n討伐しましょう。,
『山羊シール・スギナミ魔階坑道店』\n『山羊シール・魔階シブヤクォーツ店』\n『山羊シール・魔階セルタワー店』\n『山羊シール・旧イチガヤ駐屯地店』\nをそれぞれ３０枚ずつ集めて来ましょう。,
悪魔合体で誕生した『ミズチ』を\n連れて来ましょう。,
悪魔合体で誕生した『ケツアルカトル』を\n連れて来ましょう。,
悪魔合体で誕生した『ニーズホッグ』を\n連れて来ましょう。,
『ローブのおっちゃん』の\n特殊な細工によって、 \nサーヴァントドラゴンは\n新たな力を得たようです。 \n \n【リピート条件】 \n なし,
森の中の異国・序章,
アリスから危険なおにーちゃんに\nちゅーいしろとお願いされました。\nナカノに居るらしい危険なおにーちゃんを\n捜しましょう。,
スカアハから修行が受けられるように\nなりました。\nスカアハと共に修行の場所まで\n向かいましょう。,
スカアハの修行は暴れる者達を\n成敗する事だった。\n注意しつつ、暴れる者達を成敗しましょう。,
スカアハの修行を終えました。\nスカアハに報告しましょう。,
今後も修行させてもらえるように\nなりました。\nこれからも修行に励みましょう。,
森の中の異国・中章,
アリスから危険なおにーちゃんを懲らしめてと\nお願いされました。\nイケブクロに居るらしい危険なおにーちゃんを\n捜しましょう。\n,
クー・フーリンから、ナカノにいるスカアハへの\n伝言を頼まれました。\nスカアハの元へ向かいましょう。,
スカアハから魔階シブヤクォーツへの\n探索をお願いされました。\n魔階シブヤクォーツへ向かいましょう。,
スカアハからシンジュクの探索を\nお願いされました。\nシンジュクへ向かいましょう。,
スカアハから魔階カグラザカ朱雀洞への\n探索をお願いされました。\n魔階カグラザカ朱雀洞へ向かいましょう。,
クー・フーリンから、華梟城に来て欲しいと\nお願いされました。\n華梟城にいるクー・フーリンの元へ\n向かいましょう。,
クー・フーリンが襲い掛かってきた事を\nスカアハに報告しましょう。\nスカアハのいるナカノへ向かいましょう。,
クー・フーリンは何者かに誑かされたとスカアハは\n思っているようです。\n様々な箇所を調査しつつ、\nスカアハからの報告を待ちましょう。,
森の中の異国・終章,
アリスからナカノに居る怖いおねーちゃんに\n会ってきてとお願いされました。\nナカノにいる怖いおねーちゃんを捜しましょう。,
聖都アルカディアにいる怪しい者を捜しましょう。,
新宿バベルにいる怪しい者を捜しましょう。,
総本山にいる怪しい者を捜しましょう。,
怪しい者に襲われた事を\nナカノにいるスカアハに報告しましょう。,
クー・フーリンに何があったかを調査しに\nイケブクロにあるゾウシガヤ霊園へ\n向かいましょう。,
ゾウシガヤ霊園でクー・フーリンに襲われた事を\nナカノにいるスカアハに報告しましょう。,
一連の事件の犯人はスカアハだったようです。\nスカアハを討伐し、無事事件を解決しました。\n但し、まだ暴れている者がいるので、\nその暴れている者を懲らしめて\n暴れるのをやめさせましょう。,
森の中の異国・？章,
アリスからナカノに\nまた怖いおねーちゃんが\n現れたとの情報を聞きました。\nナカノに居るアリスの下へ向かい、\n調査しましょう。,
アリスが全てを仕組んだ犯人だったようです。\n但しこのアリス……何かが……。\n今後も何か起こるかも知れません。\n注意しましょう。,
赤宵に立つ影,
キモを試すパンクス,
ゾウシガヤ霊園内で\n『赤宵に立つ影』を捜しましょう。\n\nＦＩＬＥ．１\nキモを試すパンクスに\n不気味な話を聞いた。\n\nまずは『赤宵に立つ影』の\n情報を集めてみよう……。,
ゾウシガヤ霊園内で\n『赤宵に立つ影』を捜しましょう。\n\nＦＩＬＥ．２\n明るいパンクスに\n話を聞いたが、何の情報も得られなかった。\n\n次なる情報を集めてみよう……。,
ゾウシガヤ霊園内で\n『赤宵に立つ影』を捜しましょう。\n\nＦＩＬＥ．３\n自信家のパンクスに\n話を聞いたが、何の情報も得られなかった。\n\n次なる情報を集めてみよう……。,
ゾウシガヤ霊園内で\n『赤宵に立つ影』を捜しましょう。\n\nＦＩＬＥ．４\n荒ぶるパンクスに\n話を聞いたが、何の情報も得られなかった。\n\n疲れてきたが、\n次なる情報を集めてみよう……。,
ゾウシガヤ霊園内で\n『赤宵に立つ影』を捜しましょう。\n\nＦＩＬＥ．５\n臆病なパンクスに\n話を聞いたが、何の情報も得られなかった。\n\n臆病なのにパンクスとは……。\nともかく、次なる情報を集めてみよう……。,
ゾウシガヤ霊園内で\n『赤宵に立つ影』を捜しましょう。\n\nＦＩＬＥ．６\nニヒルなパンクスに\n話を聞いたが、何の情報も得られなかった。\n\n情報を集めるのは次で最後にしよう……。,
ゾウシガヤ霊園内で\n『赤宵に立つ影』を捜しましょう。\n\nＦＩＬＥ．７\nぶっきらぼうなパンクスに\n話を聞いたが、何の情報も得られなかった。\n\nこれ以上、情報を集めても仕方ない……。,
ゾウシガヤ霊園内で\n『赤宵に立つ影』を捜しましょう。\n\nＦＩＬＥ．８\n『赤宵に立つ影』は、依頼主その人だった。\nそして、その真実を以って\nこの一件は落着した……。\n\n【リピート条件】\n実時間　２０時間経過,
扉開く赫い玉,
カハク,
『カハク』から貴重品『フヒトの枝』を\n預かりました。\n\n魔階ナカノ地下遺構（金）内にある\nスイッチを作動させていくと\n枝に変化が現れるようです。\n\n『フヒトの枝』に十分な変化が現れたら\n『カハク』に渡しましょう。,
『カハク』から預かった\n貴重品『フヒトの枝』は\nほんのりとした光を宿している。\n\nまだ変化は起こりそうだ。\n\nさらにスイッチを作動させ、\n『フヒトの枝』に十分な変化が現れたら\n『カハク』に渡しましょう。,
『カハク』から預かった\n貴重品『フヒトの枝』は\n弱い光を宿している。\n\nまだ変化は起こりそうだ。\n\nさらにスイッチを作動させ、\n『フヒトの枝』に十分な変化が現れたら\n『カハク』に渡しましょう。,
『カハク』から預かった\n貴重品『フヒトの枝』は\n光を発している。\n\nまだ光は強くなりそうだ。\n\nさらにスイッチを作動させ、\n『フヒトの枝』に十分な変化が現れたら\n『カハク』に渡しましょう。,
『カハク』から預かった\n貴重品『フヒトの枝』は\n明るい光を周囲に発している。\n\nまだ光は強くなりそうだ。\n\nさらにスイッチを作動させ、\n『フヒトの枝』に十分な変化が現れたら\n『カハク』に渡しましょう。,
『カハク』から預かった\n貴重品『フヒトの枝』は\nより強い光を周囲に発している。\n\nあと少し光は強くなりそうだ。\n\nさらにスイッチを作動させ、\n『フヒトの枝』に十分な変化が現れたら\n『カハク』に渡しましょう。,
『カハク』から預かった\n貴重品『フヒトの枝』は\nまばゆい輝きを放っている。\n\nあと一度くらいで完全な光となりそうだ。\n\nさらにスイッチを作動させ、\n『フヒトの枝』に十分な変化が現れたら\n『カハク』に渡しましょう。,
『カハク』から預かった\n貴重品『フヒトの枝』は\nこれ以上ないくらい\nまばゆく光り輝いている。\n\nこれ以上輝きは強くなりそうにない。\n\n『フヒトの枝』を『カハク』に\n渡しましょう。\n\n【リピート条件】\n貴重品『月長石』未所持,
良薬狐に苦し？,
ひさしくん,
ナカノフィールドに出現する\n『ギュウキ』２０体と\n旧・帝都地下鉄に出現する\n『ライジュウ』４０体と\nゾウシガヤ霊園に現れる\n『血海の住人　ヌエ』６０体を\n討伐しましょう。,
『角都・青』『砂突・青』『劉伯・青』\n『百奇・青』『菊石・青』を\nそれぞれ３００個ずつ集めてきましょう。,
悪魔合体で誕生した、『シキガミ』に\nスキル『マハスクンダ』を習得させて\n連れて来ましょう。,
悪魔合体で誕生した、『オニ』に\nスキル『暗夜剣』を習得させて\n連れて来ましょう。,
悪魔合体で誕生した、『コウモクテン』を\n連れて来ましょう。,
『ひさしくん』の\n特殊な薬品によって、 \nサーヴァントフォックスは\n新たな力を得たようです。 \n \n【リピート条件】 \n なし,
辛党のスネークハンター,
筏粕さん,
『闇の住人　ラミア』を20体倒して  \n 依頼主に報告しましょう。  ,
『筏粕さん』の\n特殊な細工によって、 \nサーヴァントスネークは\n新たな力を得たようです。 \n \n【リピート条件】 \n なし,
バロン討伐,
ランダに心酔する女,
ある場所で『森の王のクンダン』を\n使用して『バロン』を討伐しましょう。\n\n\n【リピート条件】\n 『ランダ討伐』を受諾していない\n 『森の王のクンダン』１個以上、\n または、『パール』５個以上所持,
ランダ討伐,
バロンを信奉する男,
ある場所で『赤子の鳴き声のレヨン』を\n使用して『ランダ』を討伐しましょう。\n\n\n【リピート条件】\n 『バロン討伐』を受諾していない\n 『赤子の鳴き声のレヨン』１個以上、\n または、『オパール』５個以上所持,
真鍮の涙,
ガイア僧　蘆束,
ガイア僧　蘆束から不思議な気配をまとう\n石を受け取った。\n\nこの石とともに、魔階ウエノ砂幻陵の中を\n調査しよう。,
ガイア僧　蘆束から受け取った石に\n変化の兆しが感じられる。\n\n引き続き魔階ウエノ砂幻陵を調査しよう。,
ガイア僧　蘆束から受け取った石は\n禍々しい気配に包まれ形状がハッキリ\nしなくなっている…。\nこれ以上の変化は望めないようだ。\n\n魔階ウエノ砂幻陵ロビーにいる\nガイア僧　蘆束に見せよう。,
ガイア僧　蘆束から渡された石は\nすっかりただの石粒となってしまった\nように見える…。\n\n【リピート条件】\n１日５回,
永遠なる安らぎを,
『ＤＢマツダ』、『ＤＢアヤメ』、\n『テンプルナイト　サカキ』に\n行方不明者について\n話を聞きに行きましょう。,
スネークマンに行方不明者捜索の\n結果を報告しましょう。,
『不動の山本長官』に行方不明者捜索の\n結果を報告しましょう。,
『不動の山本長官』に報告した事を\nスネークマンに伝えましょう。,
第二ホームに潜入する手口を\n探しましょう。,
第二ホーム内部を調査しましょう。,
第二ホームで見た事、聞いた事、起きた事を\nスネークマンに報告しましょう。,
第４物質は踊る～刀匠編１～,
匣に眠りし思念,
『天空剣』を１個集め\n『匣に眠りし思念』に渡しましょう。,
『無銘の刀』を１個集め\n『匣に眠りし思念』に渡しましょう。,
『風波の槍』を１個集め\n『匣に眠りし思念』に渡しましょう。,
『首刈りスプーン』を１個集め\n『匣に眠りし思念』に渡しましょう。,
 依頼を達成しました。\n『匣に眠りし思念』からは\n まだ同じ依頼を受けられそうです。\n\n【リピート条件】\n なし,
第４物質は踊る～刀匠編２～,
『鉄扇』を１個集め\n『匣に眠りし思念』に渡しましょう。,
『斬鋼』を１個集め\n『匣に眠りし思念』に渡しましょう。,
『オルナ』を１個集め\n『匣に眠りし思念』に渡しましょう。,
『タバール』を１個集め\n『匣に眠りし思念』に渡しましょう。,
第４物質は満月に踊る～刀匠編２～,
『ミラージュ』を１個集め\n『匣に眠りし思念』に渡しましょう。,
第４物質は新月に踊る～刀匠編２～,
『バルハラソード』を１個集め\n『匣に眠りし思念』に渡しましょう。,
第４物質は踊る～刀匠編３～,
『一丈青』を１個集め\n『匣に眠りし思念』に渡しましょう。,
『アンスウェラー』を１個集め\n『匣に眠りし思念』に渡しましょう。,
『飛天大聖』を１個集め\n『匣に眠りし思念』に渡しましょう。,
『冥斧』を１個集め\n『匣に眠りし思念』に渡しましょう。,
第４物質は満月に踊る～刀匠編３～,
『大葉刈』を１個集め\n『匣に眠りし思念』に渡しましょう。,
第４物質は新月に踊る～刀匠編３～,
『マンガスの大槍』を１個集め\n『匣に眠りし思念』に渡しましょう。,
第４物質は踊る～刀匠編４～,
『神度剣』を１個集め\n『匣に眠りし思念』に渡しましょう。,
『オートクレール』を１個集め\n『匣に眠りし思念』に渡しましょう。,
『ジュワユーズ』を１個集め\n『匣に眠りし思念』に渡しましょう。,
『木偶の伐り』を１個集め\n『匣に眠りし思念』に渡しましょう。,
第４物質は満月に踊る～刀匠編４～,
『宝剣バルムンク』を１個集め\n『匣に眠りし思念』に渡しましょう。,
第４物質は新月に踊る～刀匠編４～,
『魂狩りスプーン』を１個集め\n『匣に眠りし思念』に渡しましょう。,
第４物質は踊る～銃造編１～,
『スラッグ弾』を５０個集め\n『匣に眠りし思念』に渡しましょう。,
『フラグメンテーション弾』を５０個集め\n『匣に眠りし思念』に渡しましょう。,
『スチールコア弾』を５０個集め\n『匣に眠りし思念』に渡しましょう。,
第４物質は踊る～銃造編２～,
『スイーパー・黒』を１個集め\n『匣に眠りし思念』に渡しましょう。,
『Ｍ９１ガンスリンガー』を１個集め\n『匣に眠りし思念』に渡しましょう。,
『九九式小銃』を１個集め\n『匣に眠りし思念』に渡しましょう。,
第４物質は満月に踊る～銃造編２～,
『フォースベリル』を１個集め\n『匣に眠りし思念』に渡しましょう。,
第４物質は新月に踊る～銃造編２～,
『ストーンゲイザー』を１個集め\n『匣に眠りし思念』に渡しましょう。,
第４物質は踊る～銃造編３～,
『オーラショット・青』を１個集め\n『匣に眠りし思念』に渡しましょう。,
『オーラショット・緑』を１個集め\n『匣に眠りし思念』に渡しましょう。,
『オーラショット・黒』を１個集め\n『匣に眠りし思念』に渡しましょう。,
第４物質は満月に踊る～銃造編３～,
『紅電騎槍』を１個集め\n『匣に眠りし思念』に渡しましょう。,
第４物質は新月に踊る～銃造編３～,
『パラド・Ｄ』を１個集め\n『匣に眠りし思念』に渡しましょう。,
第４物質は踊る～銃造編４～,
『Ｃａｌ’Ｍａｒｉａ』を１個集め\n『匣に眠りし思念』に渡しましょう。,
『ＷＭ１８８７』を１個集め\n『匣に眠りし思念』に渡しましょう。,
『Ｌ９６ＳＲ』を１個集め\n『匣に眠りし思念』に渡しましょう。,
第４物質は満月に踊る～銃造編４～,
『デッドウエスト』を１個集め\n『匣に眠りし思念』に渡しましょう。,
第４物質は新月に踊る～銃造編４～,
『黄金銃』を１個集め\n『匣に眠りし思念』に渡しましょう。,
第４物質は踊る～融合編１～,
『ヒューズロザリィ【火炎】』を１個集め\n『匣に眠りし思念』に渡しましょう。,
『ヒューズロザリィ【氷結】』を１個集め\n『匣に眠りし思念』に渡しましょう。,
『ヒューズロザリィ【電撃】』を１個集め\n『匣に眠りし思念』に渡しましょう。,
『ヒューズロザリィ【衝撃】』を１個集め\n『匣に眠りし思念』に渡しましょう。,
第４物質は踊る～融合編２～,
『ヒューズロザリィ【破魔】』を１個集め\n『匣に眠りし思念』に渡しましょう。,
『ヒューズロザリィ【呪殺】』を１個集め\n『匣に眠りし思念』に渡しましょう。,
『ヒューズロザリィ【魔力】』を１個集め\n『匣に眠りし思念』に渡しましょう。,
第４物質は満月に踊る～融合編２～,
『魔装符・太陽』を１個集め\n『匣に眠りし思念』に渡しましょう。,
第４物質は新月に踊る～融合編２～,
『魔装符・月』を１個集め\n『匣に眠りし思念』に渡しましょう。,
第４物質は踊る～融合編３～,
『魔装符・女帝』を１個集め\n『匣に眠りし思念』に渡しましょう。,
『魔装符・星』を１個集め\n『匣に眠りし思念』に渡しましょう。,
『魔装符・恋人』を１個集め\n『匣に眠りし思念』に渡しましょう。,
『魔装符・塔』を１個集め\n『匣に眠りし思念』に渡しましょう。,
第４物質は満月に踊る～融合編３～,
『魔装符・剣Ⅴ』を１個集め\n『匣に眠りし思念』に報告ましょう。,
第４物質は新月に踊る～融合編３～,
『魔装符・杖Ⅴ』を１個集め\n『匣に眠りし思念』に報告ましょう。,
第４物質は踊る～融合編４～,
『魂合石・白羊』、『魂合石・金牛』、\n『魂合石・双児』をそれぞれ１個ずつ集め\n『匣に眠りし思念』に渡しましょう。,
『魂合石・巨蟹』、『魂合石・獅子』、\n『魂合石・処女』をそれぞれ１個ずつ集め\n『匣に眠りし思念』に渡しましょう。,
『魂合石・天秤』、『魂合石・天蝎』、\n『魂合石・人馬』をそれぞれ１個ずつ集め\n『匣に眠りし思念』に渡しましょう。,
『魂合石・磨羯』、『魂合石・宝瓶』、\n『魂合石・双魚』をそれぞれ１個ずつ集め\n『匣に眠りし思念』に渡しましょう。,
第４物質は満月に踊る～融合編４～,
『アストラル結晶』を１個集め\n『匣に眠りし思念』に渡しましょう。,
第４物質は新月に踊る～融合編４～,
第４物質は踊る～煉丹術編１～,
『夢幻鎧赤♂』を１個集め\n『匣に眠りし思念』に渡しましょう。,
『夢幻布赤♂』を１個集め\n『匣に眠りし思念』に渡しましょう。,
『ザイロンジャケット青♀』を１個集め\n『匣に眠りし思念』に渡しましょう。,
『ザイロンパンツ青♀』を１個集め\n『匣に眠りし思念』に渡しましょう。,
第４物質は踊る～煉丹術編２～,
『大地のタリスマン』を１個集め\n『匣に眠りし思念』に渡しましょう。,
『夜陰のタリスマン』を１個集め\n『匣に眠りし思念』に渡しましょう。,
『豊穣のタリスマン』を１個集め\n『匣に眠りし思念』に渡しましょう。,
『奔放のタリスマン』を１個集め\n『匣に眠りし思念』に渡しましょう。,
第４物質は満月に踊る～煉丹術編２～,
『石化マグネタイト』を１０００個集め\n『匣に眠りし思念』に渡しましょう。,
第４物質は新月に踊る～煉丹術編２～,
『俊足の玉』を１０個集め\n『匣に眠りし思念』に渡しましょう。,
第４物質は踊る～煉丹術編３～,
『フリーレン・エンプレスロッド』を１個集め\n『匣に眠りし思念』に渡しましょう。,
『フリーレン・パラディンランス』を１個集め\n『匣に眠りし思念』に渡しましょう。,
『フリーレン・センチネル』を１個集め\n『匣に眠りし思念』に渡しましょう。,
第４物質は満月に踊る～煉丹術編３～,
『王鳥の卵殻』を３個集め\n『匣に眠りし思念』に渡しましょう。,
第４物質は新月に踊る～煉丹術編３～,
『ラトスの像』を３個集め\n『匣に眠りし思念』に渡しましょう。,
第４物質は踊る～煉丹術編４～,
『大地のタリスマン＋１』を１個集め\n『匣に眠りし思念』に渡しましょう。,
『夜陰のタリスマン＋１』を１個集め\n『匣に眠りし思念』に渡しましょう。,
『豊穣のタリスマン＋１』を１個集め\n『匣に眠りし思念』に渡しましょう。,
『奔放のタリスマン＋１』を１個集め\n『匣に眠りし思念』に渡しましょう。,
第４物質は満月に踊る～煉丹術編４～,
『アマルテアの革』を１個集め\n『匣に眠りし思念』に渡しましょう。,
第４物質は新月に踊る～煉丹術編４～,
第４物質の研究～ＬＡＷ編１～,
『知識のルーンストーン』を１個\n『修正ファイル（モウリョウ）』を１個\n『ターコイズ』を５個集めて\n『匣に眠りし思念』に渡しましょう。,
第４物質の研究～ＬＡＷ編２～,
『魔階ウエノ砂幻陵』にいる、\n『晩成のアルテミス』、『晩成のアンズー』、\n『晩成のモロク』を\nそれぞれ１体討伐した状態で\n『知識のルーンストーン』を１個\n『匣に眠りし思念』に渡しましょう。,
第４物質の研究～ＮＥＵＴＲＡＬ編１～,
『忍耐のルーンストーン』を１個\n『キャッツアイ』を１個\n『トパーズ』を５個集めて\n『匣に眠りし思念』に渡しましょう。,
第４物質の研究～ＮＥＵＴＲＡＬ編２～,
『魔階ナカノ地下遺構（金）』にいる、\n『墨守のオルトロス』、『墨守のタンキ』、\n『墨守のタラスク』を\nそれぞれ１体討伐した状態で\n『忍耐のルーンストーン』を１個\n『匣に眠りし思念』に渡しましょう。,
第４物質の研究～ＣＨＡＯＳ編１～,
『破壊のルーンストーン』を１個\n『真紅の石』を１個\n『アメジスト』を５個集めて\n『匣に眠りし思念』に渡しましょう。,
第４物質の研究～ＣＨＡＯＳ編２～,
『魔階シナガワ神殿騎士廟（金）』にいる、\n『早成のリリム』、『早成のカイチ』、\n『早成のパピルサグ』を\nそれぞれ１体討伐した状態で\n『破壊のルーンストーン』を１個\n『匣に眠りし思念』に渡しましょう。,
三元の巧上位スキルについて③,
スライム,
『嵐のヒエログリフ』を２０個手に入れ、\n 依頼主に届けましょう。,
シホの依頼・Ｌ,
『エンジェル』か『アークエンジェル』を御魂合体させ、シホに報告しましょう。,
『ハーピー』か『マッハ』を御魂合体させ、シホに報告しましょう。,
『コダマ』か『カハク』か『スダマ』を\n御魂合体させ、シホに報告しましょう。,
ふむ、流石はわしの見込んだデビルバスターじゃ。\n\nお主に託した『デジタライズシステム』。\n上手く活用するのじゃぞ。,
シホの依頼・Ｃ,
『シキガミ』か『コッパテング』か『オニ』を御魂合体させ、シホに報告しましょう。,
『コカトライス』か『タラスク』を御魂合体させ、シホに報告しましょう。,
『ポルターガイスト』か『ガキ』か『ヤカー』を御魂合体させ、シホに報告しましょう。,
シホの依頼・Ｎ,
『ピクシー』か『ジャックフロスト』か『ジャックランタン』を御魂合体させ、シホに報告しましょう。,
『ケットシー』か『ネコマタ』か『イヌガミ』を御魂合体させ、シホに報告しましょう。,
『フレイミーズ』か『アクアンズ』か『アーシーズ』か『エアロス』を御魂合体させ、シホに報告しましょう。,
湖の乙女の姦詐,
ヴィヴィアン,
『魔力の結晶』を５０個集めて、\n『ヴィヴィアン』に渡しましょう。,
私の願いを叶えていただき、ありがとうございます。\nしかし、私の目的を達成するには\nまだ足りません……。\nまた『魔力の結晶』を集めていただければ、\nあなたの力になりましょう。,
愛しき貴女へ,
『ピクシーα』について\n 情報を探しましょう。,
植物を成長させるために\n必要なモノを探しましょう。,
『キス魔ピクシー』を待ちましょう。,
『姉さん』を『キス魔ピクシー』に\n 連れて行きましょう。,
『物好きなデビルバスター』に\n 報告しましょう。,
狂おしき想いの主,
キス魔ピクシー,
『ピクシーα』について、\n 情報を集めましょう。,
『ピクシーα』の行方を捜しましょう。,
『ピクシーα』を\n 癒すものを探しましょう。,
『ピクシーα』が元に戻る方法を\n 探しましょう。,
『インキュバス』の\n 居場所を捜しましょう。,
『インキュバス』を止めるために、\n 居場所を見つけましょう。,
『インキュバス』を止めましょう。,
『ピクシーα』に話しかけましょう。,
Act.1　プチデモ,
ＤＢ候補生　リン,
 新宿バベルで流行しているという、\n『奇妙な格好』について調査しましょう,
ヴァーチャルバトルに戻り、\nスネークマンに報告しましょう。,
Act.2　失意のデビルバスター,
 行方不明になった、\n『ＤＢクレハ』について調査しましょう。,
 総本山に向かい、\n『ＤＢクレハ』に伝言を伝えましょう。,
Act.3　天津祟り,
 トチョウのヘリポートを占拠している、\n『ＤＢキスギ』を取り押さえましょう。,
Act.4　スクナヒコナ,
オモイカネ,
突然、オモイカネが目の前に現れ\nななつさやのつるぎがどうとかと言い放ち、\n祟りを残して消えていった。\n\nそういえばＤＢキスギの傍らにも\nオモイカネがいた。\nなにか関係があるのだろうか。\n\nとにもかくにも、\n祟りについての情報を集めよう。,
祟りと七支刀について、\n新宿バベル商業区のお婆から話を聞いた。\nどうやらスクナヒコナに問えば\n何か判るかもしれない。\n\nまずは、スクナヒコナについての\n情報を集めよう。,
悩みを抱えていたＤＢクレハのもとに現れ\n銃を修理して去ろうとするスクナヒコナに\n祟りについて尋ねた。\n\nどうやらオモイカネはこれから起こる\n恐るべきことを防ごうと、\n藁にもすがる思いで頼ってきたようだ。\n\nスクナヒコナに七支刀を探すように\n命じられる。\nＤＢクレハも独自に動き出した。\n\nひとまずスクナヒコナの報告を待とう。,
Act.5　七支刀の探索,
スクナヒコナ,
スクナヒコナが言うには、\nはっきりしないが\n七支刀の所在が判ったらしい。\n\n言に従いシブヤへ向かい、\nスクナヒコナの指示を仰ごう。\n,
どうやら七支刀はシブチカと呼ばれる\n場所にあるらしい。\nただ、入り口に結界がはられ、\nスクナヒコナは進入できなかったようだ。\n\nまずはシブチカへの入り口を探そう。,
シブチカの調査をしたいと\n入り口を見張る守衛に話したところ、\n進入したいならば、山本長官の許可が\n必要だと言われた。\n\nシブチカへの進入許可をもらうため、\n山本長官のところに向かおう。,
なんとかシブチカへの進入許可をもらった。\nシブチカの奥には祟り神があり、\nその瘴気に満たされた地下はあまりにも\n危険なため、封鎖しているのだという。\n\nとにかく、七支刀を手に入れるため\nシブチカへ向かおう。,
どうやらスクナヒコナもシブチカに\n進入できたようだ。\n\n聞いていた通り、\nシブチカには瘴気が満ちている。\n体力が尽きてしまう前に\n瘴気の源、祟り神を討伐しよう。,
祟り神となったタケミカヅチを倒し\n七支刀を発見したが、\n何者かによって破壊されていた。\n\n途方にくれていると、\nスクナヒコナとオモイカネが現れ、\n各地へ飛散した支刀を探せと命じられる。\n\nだが、天津神と国津神が手を携えるほどの\n大事とはなんなのだろうか……。,
Act.6　謎の少女,
－,
シブチカにて七支刀を手に入れたが、\n既に何者かの手により破壊されていた。\n支刀は空間を越え、散らばったらしい。\n\n七支刀の輝きを頼りに\n各地に散らばった支刀を探し出そう。,
七支刀の輝きを頼りに支刀を探し出し\n魔階セルタワーの支刀を手に入れた時、\n背後から謎の少女に声をかけられた。\n\nデビルバスターだろうか？\nこちらの名前を知っていたようだが……。\n\nともかく、最後の支刀を探し出そう。,
最後の支刀を手に入れたと思った時、\n謎の少女に奪われてしまう。\nどうやら、こちらに七支刀を\n渡したくはないと\n考えるものがいるようだが……。,
Act.7　ＤＢ暗殺事件,
暗殺および失踪したデビルバスターの\n調査を行いましょう。 ,
 「スクナヒコナ」と共に \n暗殺および失踪したデビルバスターを\n調査しましょう。 ,
失踪したＤＢの遺留品を捜しましょう。,
手に入れたＤＢミルワの遺留品を\nスクナヒコナに見せましょう。,
ＤＢミルワを捜しに「シンジュクドック」へ向かいましょう。,
ＤＢキナを捜しに行きましょう。,
ＤＢキナとＤＢミルワの生存を\nスネークマンに報告しました。,
Act.8　スティング作戦,
邪悪なモノとは何なのか調査しましょう。,
住民から情報を収集しました。\nＤＢミルワの様子を確認しに\n行きましょう。,
スティング作戦への参加を\n引き受けました。\n夜にイチガヤへ向かいましょう。,
ＤＢミルワが裏切って襲ってきました。\n倒した後には奇妙な砂が。\nスネークマンに報告しましょう。,
Act.9　謎の砂,
ＤＢキナ,
ＤＢミルワが裏切った事を\nスネークマンへ報告しましょう。,
ＤＢキナ、ＤＢ候補生リンと共に、\nスネークマンの所へ向かいましょう。,
スネークマンからの情報によると\n新宿バベルに居る血鶴が怪しいようです。\n彼女の動向を注意しましょう。,
Act.10 血の詩,
ＤＢキナと共に新宿バベルにいる詩人\n血鶴の元へ行きましょう。,
やはり血鶴が今回の事件の犯人だった。\n血鶴が召喚した悪魔達を倒し、\n血鶴の後を追いましょう。,
血鶴の件に関して、\nスネークマンに報告しましょう。,
ＤＢミルワとの戦いで残った砂を\nスネークマンが解析しているらしい。\nその解析結果を待とう。,
Act.11 復活,
ＤＢ候補生リンから\nスネークマンの元へ行くよう\n指令があったと伝えられました。\nスネークマンの元へ向かいましょう。,
スネークマンから第三ホーム搬入口へ\n来るように言われました。\n準備が出来次第向かいましょう。,
大洪水以前にいたヴァンパイアがまた\nトウキョウに現れたようだ。\n今後も警戒を続けなければ……。,
Chapter.1 DBライセンス,
0,
Chapter.2 アダムの子供たち,
Chapter.0　Chain of Curse,
Chapter.3 the Ten Commandments,
Extra Chapter,
