石化,
行動不能になり、\n物防がアップするが、\n火炎･打撃相性にやや弱くなる。,
睡眠,
行動不能になるが、ＨＰとＭＰの\n自然回復がアップする。,
魅惑,
行動不能になり、\nＭＰが徐々に減少する。\nＭＰの自然回復が０になる。,
混乱,
全てのスキルの\nクールダウン時間が２倍になる。,
炎上,
火炎による追加ダメージと\n硬直時間が発生する。,
凍結,
氷結による追加ダメージと\n硬直時間が発生する。,
感電,
電撃による追加ダメージと\n硬直時間が発生する。,
スタン,
衝撃による追加ダメージと\n硬直時間が発生する。,
忘却,
一時的にスキルを忘却してしまい、\n使用することが出来なくなってしまう。\n※一部の悪魔スキル、一時習得スキルは使用可能。,
封魔,
魔法が使用できなくなる。,
封印,
特技が使用できなくなる。,
狂戦士,
魔法が使用できず、物防ダウン、近接がアップする。,
放心,
ＭＰが徐々に減少する。\nＭＰの自然回復が０になる。,
盲目,
視界が奪われ、攻撃力と防御力がダウンする。,
麻痺,
移動不能になり、継続ダメージ、近接がダウンする。,
緊縛,
移動不能になり、近接がダウンする。,
猛毒,
継続ダメージを受けるとともに、\n近接がダウンする。\nＨＰ自然回復が０になる。,
半壊,
装備中のいずれかのアイテムが壊れかけている。,
ショック,
一時的に行動不能となる。,
呪い,
ＨＰ、ＭＰが徐々に減少するとともに自然回復が０になる。近接がダウンする。必殺抑止がダウンする。,
ＦＬＹ,
蝿化の呪いにより能力値がダウンする。,
無効装備,
装備中のいずれかのアイテムが装備できない。,
即死,
即死する。,
酩酊,
想像を絶する酒気により意識が\n混濁した状態。\n与近接ダメージが上がる代わりに、\n与射撃、与魔法ダメージが下がり、\n魔法も使用不可能となる。,
よろめき,
アスタロトの羽,
アスタロトの凶悪な毒気。\n継続ダメージを受け続けるとともに、\nHP自然回復が０になる。,
地震,
５分間、継続ダメージを受けるとともに、\n近接がダウンする。\nＨＰ自然回復が０になる。,
５分間、魔法が使用できなくなる。,
１分間、行動不能になり、\nＭＰが徐々に減少する。\nＭＰの自然回復が０になる。,
悪寒,
行動不能になり防御が低下し、\n火炎・打撃相性にかなり弱くなる。,
消沈,
ＭＰが徐々に減少するとともに、\n物理防御がダウンする。\nＭＰの自然回復が０になる。,
興奮,
近接攻撃力、射撃攻撃力、魔法効果量、必殺発生が\n上昇するが、\n物理防御力、魔法防御力、必殺抑止が減少する。\nまた、交渉することが出来ない。,
詠唱時間延長,
スキルの詠唱時間が増加している状態。,
クールタイム延長,
スキルのクールタイムが増加している状態。,
絶頂,
最終クリティカル率が微増するが、\n最大ＨＰが大幅に減少し、\n継続ダメージを受け、ＨＰ自然回復が０になる。,
ブラッドボルト,
斬撃、突撃、打撃、射撃、貫通、散弾に対する耐性が\n大幅に減少する。,
被近・射・魔アップ,
被近接・射撃・攻撃魔法の\nダメージ量が増加する。,
タルンダ,
近接、射撃がダウンする。\n４回まで重ねがけ可能。,
マカンダ,
魔法、補助がダウンする。\n４回まで重ねがけ可能。,
スクンダ,
必殺発生、必殺抑止がダウンする。\n４回まで重ねがけ可能。,
ラクンダ,
物防がダウンする。\n４回まで重ねがけ可能。,
サマンダ,
魔防がダウンする。\n４回まで重ねがけ可能。,
タルカジャ,
近接、射撃がアップする。\n４回まで重ねがけ可能。,
スクカジャ,
必殺発生、必殺抑止がアップする。\n４回まで重ねがけ可能。,
マカカジャ,
魔法、補助がアップする。\n４回まで重ねがけ可能。,
ラクカジャ,
物防がアップする。\n４回まで重ねがけ可能。,
サマカジャ,
魔防がアップする。\n４回まで重ねがけ可能。,
タルンダオン,
近接、射撃がかなりダウンする。\n４回まで重ねがけ可能。,
マカンダオン,
魔法、補助がかなりダウンする。\n４回まで重ねがけ可能。,
スクンダオン,
必殺をかなり受けやすくなる。\n４回まで重ねがけ可能。,
ラクンダオン,
物防がかなりダウンする。\n４回まで重ねがけ可能。,
サマンダオン,
魔防がかなりダウンする。\n４回まで重ねがけ可能。,
タルカジャオン,
近接、射撃がかなりアップする。\n４回まで重ねがけ可能。,
スクカジャオン,
必殺をかなり受けにくくなる。\n４回まで重ねがけ可能。,
マカカジャオン,
魔法、補助がかなりアップする。\n４回まで重ねがけ可能。,
ラクカジャオン,
物防がかなりアップする。\n４回まで重ねがけ可能。,
サマカジャオン,
魔防がかなりアップする。\n４回まで重ねがけ可能。,
怒張,
被攻撃によるノックバックを一時的に防止するが、\nスキルの詠唱時間、クールタイムが微増する。,
磔刑,
一時的に行動不能となり、\n付与された者は以下の効果をうける。\n\n・魔力相性スキルの被ダメージ量が大幅に増加する。\n・行動・移動・魔法使用・特技使用・交渉これらが\n　不可能となる。,
アタラクシア,
大抵の攻撃を無効化する。,
テトラカーン,
物理攻撃を反射する。,
マカラカーン,
魔法攻撃を反射する。,
テトラジャ,
破魔･呪殺相性の攻撃を無効化する。,
休憩,
ＨＰとＭＰの\n自然回復がアップする。,
瞑想,
ＭＰの自然回復が\nアップする。,
鬼人降臨,
肉体に鬼を降ろし、\n限界以上に力を引き出し、\n30秒間以下の効果を得る。\n\n・与近接、射撃、魔法ダメージ+75%\n・被近接、射撃、魔法ダメージ+100%\n・最大ＨＰ、最大ＭＰが減少\n・ＨＰ、ＭＰの自然回復量が減少\n・被ダメージ時の硬直と詠唱中断、\n　ノックバックを無効化,
ＨＰ再生,
ＨＰの自然回復が\nアップする。,
ＭＰ再生,
状態変化抵抗▲,
バッドステータスにかかりにくくなる。,
移動速度▲,
移動速度がアップする。\nこの効果は戦闘中、\n一時的に解除される。,
経験値▲,
経験値の獲得量が増える。,
エキスパート▲,
エキスパートの獲得量が増える。,
最大ＨＰ▲,
最大ＨＰがアップする。,
最大ＭＰ▲,
最大ＭＰがアップする。,
力▲,
力がアップする。,
魔力▲,
魔力がアップする。,
体力▲,
体力がアップする。,
知力▲,
知力がアップする。,
速さ▲,
速さがアップする。,
運▲,
運がアップする。,
力+5▲,
魔力+5▲,
体力+5▲,
知力+5▲,
速さ+5▲,
運+5▲,
体力+10▲,
知力+10▲,
運+10▲,
祟り,
オモイカネの神風により\n祟られている。\n運が下がり、知力が上がっている。,
瘴気,
シブチカの瘴気にあたっている。\nＨＰＭＰに継続ダメージを受けるとともに、\nＨＰＭＰ自然回復が０になる。,
クリティカル発生▲,
クリティカルが発生しやすくなる。,
リミットブレイク発生▲,
リミットブレイクが発生しやすくなる。,
リミットブレイク発生▲（５分間）,
５分間、リミットブレイクが\n発生しやすくなる。,
イラッ,
一時的に冷静さを失い、\n防御全般の能力がダウンする。,
カッパの会心,
３０分間、リミットブレイクが\n発生しやすくなり、威力もアップする。,
カッパの英雄,
３０分間、「カッパに仇名す」の名をもつ\n敵に与える近接・射撃・魔法のダメージが\nアップする。,
カッパの忍耐,
３０分間、敵から攻撃を受けた時の\nノックバックが無効となる。\n\n※被ダメージ時の詠唱中断、硬直も\n  無効となる。,
カッパのエコ,
３０分間、スキル使用時の\nＨＰ・ＭＰのコストが軽減する。,
エキスパート▲ＥＸ,
召喚速度▲,
召喚速度がアップし、\nクールダウン時間が０になる。,
スキル継承▲,
スキル継承の獲得量が増える。,
移動速度▲ＥＸ,
経験値▲ＥＸ,
スキル継承▲ＥＸ,
近接ダメージ増加,
近接攻撃によるダメージが増える。,
魔法ダメージ増加,
魔法攻撃によるダメージが増える。,
射撃ダメージ増加,
射撃攻撃によるダメージが増える。,
近接ダメージ軽減,
近接攻撃によるダメージを軽減する。,
魔法ダメージ軽減,
魔法攻撃によるダメージを軽減する。,
射撃ダメージ軽減,
射撃攻撃によるダメージを軽減する。,
マッカ▲,
マッカの獲得量が増える。,
マグネタイト▲,
マグネタイトの獲得量が増える。,
最大ＨＰ▲ＥＸ,
最大ＭＰ▲ＥＸ,
近接ダメージ増加ＥＸ,
魔法ダメージ増加ＥＸ,
射撃ダメージ増加ＥＸ,
近接ダメージ軽減ＥＸ,
魔法ダメージ軽減ＥＸ,
射撃ダメージ軽減ＥＸ,
祝福,
蘇生時に減少する経験値の量が半減する。,
召喚シンクロ,
全ての攻撃ダメージが２０％上昇する。,
霊験,
バッドステータス無効,
以下のバッドステータスにかからなくなる。\n『石化』『睡眠』『魅惑』\n『混乱』『炎上』『凍結』\n『感電』『スタン』『忘却』\n『封魔』『麻痺』『緊縛』『猛毒』,
スキルコスト軽減（ＨＰ）,
スキルコストで消費されるＨＰの減少を軽減する。,
スキルコスト軽減（ＭＰ）,
スキルコストで消費されるＭＰの減少を軽減する。,
斬撃耐性▼,
斬撃に対する耐性が減少する。,
突撃耐性▼,
突撃に対する耐性が減少する。,
打撃耐性▼,
打撃に対する耐性が減少する。,
射撃耐性▼,
射撃に対する耐性が減少する。,
貫通耐性▼,
貫通に対する耐性が減少する。,
散弾耐性▼,
散弾に対する耐性が減少する。,
火炎耐性▼,
火炎に対する耐性が減少する。,
氷結耐性▼,
氷結に対する耐性が減少する。,
電撃耐性▼,
電撃に対する耐性が減少する。,
衝撃耐性▼,
衝撃に対する耐性が減少する。,
破魔耐性▼,
破魔に対する耐性が減少する。,
呪殺耐性▼,
呪殺に対する耐性が減少する。,
回復効果▼,
回復に対する耐性が減少する。,
ディスアーマー（斬撃）,
一瞬の間、斬撃に対する耐性が減少する。,
ディスアーマー（突撃）,
一瞬の間、突撃に対する耐性が減少する。,
ディスアーマー（打撃）,
一瞬の間、打撃に対する耐性が減少する。,
ディスアーマー（射撃）,
一瞬の間、射撃に対する耐性が減少する。,
ディスアーマー（貫通）,
一瞬の間、貫通に対する耐性が減少する。,
ディスアーマー（散弾）,
一瞬の間、散弾に対する耐性が減少する。,
ベテル▲▲,
ベテルの獲得量が\n１００％上昇する。,
ベテル▲,
斬撃耐性▼（永続グステ）,
突撃耐性▼（永続グステ）,
打撃耐性▼（永続グステ）,
射撃耐性▼（永続グステ）,
貫通耐性▼（永続グステ）,
散弾耐性▼（永続グステ）,
火炎耐性▼（永続グステ）,
氷結耐性▼（永続グステ）,
電撃耐性▼（永続グステ）,
衝撃耐性▼（永続グステ）,
万能耐性▼（永続グステ）,
万能に対する耐性が減少する。,
破魔耐性▼（永続グステ）,
呪殺耐性▼（永続グステ）,
魔力耐性▼（永続グステ）,
魔力に対する耐性が減少する。,
神経耐性▼（永続グステ）,
神経に対する耐性が減少する。,
精神耐性▼（永続グステ）,
精神に対する耐性が減少する。,
自爆耐性▼（永続グステ）,
自爆に対する耐性が減少する。,
火炎吸収（永続グステ）,
火炎による攻撃を吸収する。,
氷結吸収（永続グステ）,
氷結による攻撃を吸収する。,
電撃吸収（永続グステ）,
電撃による攻撃を吸収する。,
衝撃吸収（永続グステ）,
衝撃による攻撃を吸収する。,
樹蔭の冥感,
特定の攻撃を反射する。,
始生の加護,
さまざまな能力が上昇する。,
斬撃耐性▲,
斬撃に対する耐性が上昇する。,
突撃耐性▲,
突撃に対する耐性が上昇する。,
打撃耐性▲,
打撃に対する耐性が上昇する。,
射撃耐性▲,
射撃に対する耐性が上昇する。,
貫通耐性▲,
貫通に対する耐性が上昇する。,
散弾耐性▲,
散弾に対する耐性が上昇する。,
火炎耐性▲,
火炎に対する耐性が上昇する。,
氷結耐性▲,
氷結に対する耐性が上昇する。,
電撃耐性▲,
電撃に対する耐性が上昇する。,
衝撃耐性▲,
衝撃に対する耐性が上昇する。,
破魔耐性▲,
破魔に対する耐性が上昇する。,
呪殺耐性▲,
呪殺に対する耐性が上昇する。,
回復効果▲,
回復に対する耐性が上昇する。,
ケルベロスの後押し,
自身と仲魔の、\n火炎相性スキルの\n効果が２００％増加し、\n上限が１００％解放される。,
ジャックフロストの後押し,
自身と仲魔の、\n氷結相性スキルの\n効果が２００％増加し、\n上限が１００％解放される。,
小悪魔リリムの後押し,
自身と仲魔の、\n電撃相性スキルの\n効果が２００％増加し、\n上限が１００％解放される。,
タム・リンの後押し,
自身と仲魔の、\n衝撃相性スキルの\n効果が２００％増加し、\n上限が１００％解放される。,
質実剛健,
坤ノ社の御利益により、以下の効果を授かる。\n\n・最終クリティカル率+100%\n・リミットブレイク発生+100%\n・テクニカルアタック発生+100%\n・テクニカルアタック威力+100%\n・追撃発生+100%\n・追撃威力+100%\n　※追撃威力の上限値は100%となります,
延年転寿,
坤ノ社の御利益により、以下の効果を授かる。\n\n・HP自然回復量+100\n・HP2以上の時、致死ダメージを受けた際、\n　100%の確率で死を免れる\n・『即死』の状態変化を無効にする,
心願成就,
坤ノ社の御利益により、以下の効果を授かる。\n\n・経験値獲得量+400%\n・ソウルポイント獲得量+100%\n・デジタライズポイント獲得量+100%,
与近射ダメージ補正,
敵専用。,
与魔補ダメージ補正,
火炎ブースト,
氷結ブースト,
電撃ブースト,
ハーフクリティカル,
リミットブレイクブースト,
追撃ブースト,
魔術書ボーナスフラグ,
テトラカーン（ルキフグス）,
マカラカーン（ルキフグス）,
衝撃ブースト,
ＴＡブースト（Ｒ）,
斬撃無効,
斬撃による攻撃を無効化する。,
突撃無効,
突撃による攻撃を無効化する。,
打撃無効,
打撃による攻撃を無効化する。,
射撃無効,
射撃による攻撃を無効化する。,
貫通無効,
貫通による攻撃を無効化する。,
散弾無効,
散弾による攻撃を無効化する。,
火炎無効,
火炎による攻撃を無効化する。,
氷結無効,
氷結による攻撃を無効化する。,
電撃無効,
電撃による攻撃を無効化する。,
衝撃無効,
衝撃による攻撃を無効化する。,
破魔無効,
破魔による攻撃を無効化する。,
呪殺無効,
呪殺による攻撃を無効化する。,
回復無効,
回復を無効化する。,
幻想殺し,
火炎･氷結･電撃･衝撃･破魔･呪殺相性の攻撃を無効化するが、なぜか不幸になる。,
全能力値▲,
力・魔力・速さ・体力・知力・運の、\n全ての能力値がアップする。,
全能力値▲(仲魔）,
仲魔の\n全ての能力値が１０分間\n以下のように上昇する。\n・力・魔力・速さ＋５０\n・体力・知力・運＋２０,
全能力値▲（仲魔）,
仲魔の\n全ての能力値が３０分間\n以下のように上昇する。\n・力・魔力・速さ＋５０\n・体力・知力・運＋２０,
斬撃反射,
斬撃による攻撃を反射する。,
突撃反射,
突撃による攻撃を反射する。,
打撃反射,
打撃による攻撃を反射する。,
射撃反射,
射撃による攻撃を反射する。,
貫通反射,
貫通による攻撃を反射する。,
散弾反射,
散弾による攻撃を反射する。,
火炎反射,
火炎による攻撃を反射する。,
氷結反射,
氷結による攻撃を反射する。,
電撃反射,
電撃による攻撃を反射する。,
衝撃反射,
衝撃による攻撃を反射する。,
破魔反射,
破魔による攻撃を反射する。,
呪殺反射,
呪殺による攻撃を反射する。,
回復反射,
回復を反射する。,
召喚した仲魔との親密度が\n「仲の良い」以上である場合、\n全ての攻撃ダメージが２０％上昇する。,
召喚した仲魔との親密度が\n「絆で結ばれた」である場合、\n全ての攻撃ダメージが３０％上昇する。,
夜のオーロラ,
３０秒間、火炎・氷結・電撃・衝撃相性の\nいずれか１つと万能相性以外の\nすべての相性を反射する。,
斬撃吸収,
斬撃による攻撃を吸収する。,
突撃吸収,
突撃による攻撃を吸収する。,
打撃吸収,
打撃による攻撃を吸収する。,
射撃吸収,
射撃による攻撃を吸収する。,
貫通吸収,
貫通による攻撃を吸収する。,
散弾吸収,
散弾による攻撃を吸収する。,
火炎吸収,
氷結吸収,
電撃吸収,
衝撃吸収,
破魔吸収,
破魔による攻撃を吸収する。,
呪殺吸収,
呪殺による攻撃を吸収する。,
火炎耐性▲▲,
氷結耐性▲▲,
イルソード,
敵からの近接攻撃によるダメージを増加させる。,
イルマジック,
敵からの魔法攻撃によるダメージを増加させる。,
イルガン,
敵からの射撃攻撃によるダメージを増加させる。,
ウイルス,
継続ダメージを受け続けるとともに、\n敵からの攻撃によるダメージを増加させる。,
ウイルス２,
継続ダメージを受け続けるとともに、\n敵からの攻撃によるダメージを増加させる。\n※ウイルスは一定時間過ぎれば消滅します。,
フルボッコ,
行動不能になり、\nさらにこの間はフルボッコされる。,
ディスガード・近接,
ディスガード・射撃,
ディスガード・魔法,
強襲,
近接・射撃・魔法攻撃が\n一時的に上昇する。,
鉄壁,
近接・射撃・魔法防御が\n一時的に上昇する。,
スーパーアーマー,
被攻撃によるノックバックを\n一時的に防止する。,
詠唱・コスト圧縮５０％,
３０秒間、発動するスキルの詠唱時間、\nＨＰ、ＭＰコストを、\n１回だけ５０％短縮する。,
詠唱・コスト圧縮１００％,
３０秒間、発動するスキルの詠唱時間、\nＨＰ、ＭＰコストを、\n１回だけ１００％短縮する。,
発射スタック無効,
同時に攻撃を受けてしまう状態。,
移動速度低下,
通常時の移動速度が低下する。,
近接ダメージ減少,
与近接ダメージが低下している状態。,
魔法ダメージ減少,
与魔法ダメージが低下している状態。,
射撃ダメージ減少,
与射撃ダメージが低下している状態。,
ファイヤーウォール,
ウイルスから身を守る。,
魔王の号令,
３０秒間、周囲のパーティメンバー全員の、\n全てのスキルの装填数を２増加させる。,
祝杯,
３０日間、パートナーの親密度が\n時間によって増加するようになる。\n\n※効果時間はオフラインの場合も経過。,
デススマイル,
５分間、使用者の力、魔力、速さを\nレベルとその基本値に応じて上昇させる。,
陰陽星,
身体に１０８つ存在するといわれている秘孔のひとつを突かれ、\n斬撃、突撃、打撃に対する耐性が下がっている。,
陰精星,
身体に１０８つ存在するといわれている秘孔のひとつを突かれ、\n射撃、貫通、散弾に対する耐性が下がっている。,
真人星,
身体に１０８つ存在するといわれている秘孔のひとつを突かれ、\n自己治癒能力及び、回復力が減少している。,
玄冥星,
身体に１０８つ存在するといわれている秘孔のひとつを突かれ、\n敵の必殺を抑止する力が下がっている。,
丹元星,
身体に１０８つ存在するといわれている秘孔のひとつを突かれ、\n補助相性スキルを受け付けなくなっている。,
北極星,
身体に１０８つ存在するといわれている秘孔のひとつを突かれ、\n一部を除くスキルすべてを封じられている。,
天関星,
身体に１０８つ存在するといわれている秘孔のひとつを突かれ、\n近接、射撃、攻撃魔法を受けたときのダメージが増加してしまう。,
死の微笑み,
１０秒間、使用者のラッシュ、スピン、\nショット、ラピッドの威力がＬｖ＊０．２％アップする。,
炎上無効,
炎上を無効化する。,
凍結無効,
凍結を無効化する。,
感電無効,
感電を無効化する。,
スタン無効,
スタンを無効化する。,
火炎による攻撃の与ダメージが\n１回だけ増加する。\n\nその他のブースト系状態変化と\n重複使用する事はできない。,
氷結による攻撃の与ダメージが\n１回だけ増加する。\n\nその他のブースト系状態変化と\n重複使用する事はできない。,
電撃による攻撃の与ダメージが\n１回だけ増加する。\n\nその他のブースト系状態変化と\n重複使用する事はできない。,
衝撃による攻撃の与ダメージが\n１回だけ増加する。\n\nその他のブースト系状態変化と\n重複使用する事はできない。,
破魔ブースト,
破魔による攻撃の与ダメージが\n１回だけ増加する。\n\nその他のブースト系状態変化と\n重複使用する事はできない。,
呪殺ブースト,
呪殺による攻撃の与ダメージが\n１回だけ増加する。\n\nその他のブースト系状態変化と\n重複使用する事はできない。,
敵からの近接攻撃による\nダメージを増加させる。,
敵からの射撃攻撃による\nダメージを増加させる。,
敵からの魔法攻撃による\nダメージを増加させる。,
斬撃ブースト,
斬撃による攻撃の与ダメージが\n１回だけ増加する。\n\nその他のブースト系状態変化と\n重複使用する事はできない。,
突撃ブースト,
突撃による攻撃の与ダメージが\n１回だけ増加する。\n\nその他のブースト系状態変化と\n重複使用する事はできない。,
打撃ブースト,
打撃による攻撃の与ダメージが\n１回だけ増加する。\n\nその他のブースト系状態変化と\n重複使用する事はできない。,
貫通ブースト,
貫通による攻撃の与ダメージが\n１回だけ増加する。\n\nその他のブースト系状態変化と\n重複使用する事はできない。,
散弾ブースト,
散弾による攻撃の与ダメージが\n１回だけ増加する。\n\nその他のブースト系状態変化と\n重複使用する事はできない。,
回復ブースト,
回復による攻撃の与ダメージが\n１回だけ増加する。\n\nその他のブースト系状態変化と\n重複使用する事はできない。,
補助ブースト,
補助による攻撃の与ダメージが\n１回だけ増加する。\n\nその他のブースト系状態変化と\n重複使用する事はできない。,
魔力ブースト,
魔力による攻撃の与ダメージが\n１回だけ増加する。\n\nその他のブースト系状態変化と\n重複使用する事はできない。,
神経ブースト,
神経による攻撃の与ダメージが\n１回だけ増加する。\n\nその他のブースト系状態変化と\n重複使用する事はできない。,
精神ブースト,
精神による攻撃の与ダメージが\n１回だけ増加する。\n\nその他のブースト系状態変化と\n重複使用する事はできない。,
自爆ブースト,
自爆による攻撃の与ダメージが\n１回だけ増加する。\n\nその他のブースト系状態変化と\n重複使用する事はできない。,
射撃ブースト,
射撃による攻撃の与ダメージが\n１回だけ増加する。\n\nその他のブースト系状態変化と\n重複使用する事はできない。,
万能ブースト(デバッグ),
万能による攻撃の与ダメージが\n１回だけ増加する。\n\nその他のブースト系状態変化と\n重複使用する事はできない。,
祝杯（ボディ）,
パートナーの親密度が\n時間によって増加するようになる。,
祝杯（フット）,
移動速度▲（３０日間）,
祝杯（ハンド）,
ＨＰ再生ＥＸ,
ＭＰ再生ＥＸ,
育成,
ガッツ,
常連（スギナミ魔階）,
特定の山羊屋に、\nよりよいサービスを提供してもらえる。,
上得意様（スギナミ魔階）,
アギ装填数▲,
アギを１回詠唱するだけで、\n２発連続で発射可能になる。,
ブフ装填数▲,
ブフを１回詠唱するだけで、\n２発連続で発射可能になる。,
ジオ装填数▲,
ジオを１回詠唱するだけで、\n２発連続で発射可能になる。,
ザン装填数▲,
ザンを１回詠唱するだけで、\n２発連続で発射可能になる。,
アギラオ装填数▲,
アギラオを１回詠唱するだけで、\n２発連続で発射可能になる。,
ブフーラ装填数▲,
ブフーラを１回詠唱するだけで、\n２発連続で発射可能になる。,
ジオンガ装填数▲,
ジオンガを１回詠唱するだけで、\n２発連続で発射可能になる。,
ザンマ装填数▲,
ザンマを１回詠唱するだけで、\n２発連続で発射可能になる。,
マハラギ装填数▲,
マハラギを１回詠唱するだけで、\n２発連続で発射可能になる。,
マハブフ装填数▲,
マハブフを１回詠唱するだけで、\n２発連続で発射可能になる。,
マハジオ装填数▲,
マハジオを１回詠唱するだけで、\n２発連続で発射可能になる。,
マハザン装填数▲,
マハザンを１回詠唱するだけで、\n２発連続で発射可能になる。,
マハラギオン装填数▲,
マハラギオンを１回詠唱するだけで、\n２発連続で発射可能になる。,
マハブフーラ装填数▲,
マハブフーラを１回詠唱するだけで、\n２発連続で発射可能になる。,
マハジオンガ装填数▲,
マハジオンガを１回詠唱するだけで、\n２発連続で発射可能になる。,
マハザンマ装填数▲,
マハザンマを１回詠唱するだけで、\n２発連続で発射可能になる。,
蘇生時に減少する経験値の量を無くす。,
親密度▲,
親密度が上がりやすくなる。,
親密度▲ＥＸ,
力▲ＥＸ,
魔力▲ＥＸ,
体力▲ＥＸ,
知力▲ＥＸ,
速さ▲ＥＸ,
運▲ＥＸ,
老練,
エンハンス・ファイア,
装備している武器が一時的に\n火炎相性になる。,
エンハンス・アイス,
装備している武器が一時的に\n氷結相性になる。,
エンハンス・サンダー,
装備している武器が一時的に\n電撃相性になる。,
エンハンス・ソニック,
装備している武器が一時的に\n衝撃相性になる。,
エンハンス・ライト,
装備している武器が一時的に\n破魔相性になる。,
エンハンス・ダーク,
装備している武器が一時的に\n呪殺相性になる。,
エンハンス・アーク,
装備している武器が一時的に\n万能相性になる。,
コロナインセンス,
火炎相性スキル使用時の効果UP,
ブリザードインセンス,
氷結相性スキル使用時の効果UP,
ライトニングインセンス,
電撃相性スキル使用時の効果UP,
ハリケーンインセンス,
衝撃相性スキル使用時の効果UP,
ブレスインセンス,
破魔相性スキル使用時の効果UP,
ラックインセンス,
呪殺相性スキル使用時の効果UP,
アポカリプスインセンス,
万能相性スキル使用時の効果UP,
アーケインインセンス,
魔力相性スキル使用時の効果UP,
アストラルインセンス,
精神相性スキル使用時の効果UP,
ナーヴインセンス,
神経相性スキル使用時の効果UP,
エンハンス・マナ,
装備している武器が一時的に\n魔力相性になる。,
エンハンス・アストラル,
装備している武器が一時的に\n精神相性になる。,
エンハンス・ナーヴ,
装備している武器が一時的に\n神経相性になる。,
交渉成功率▲,
交渉スキルの成功率が上昇する。,
ＩＲ・刀匠,
スキル「ＩＲ・刀匠」を\n一時的に習得する。,
ＩＲ・アームズメイカー,
スキル「ＩＲ・アームズメイカー」を\n一時的に習得する。,
牛めし,
使用から３分間、ＨＰが３８％を下回った\n場合、近接、射撃、攻撃魔法ダメージ係数\nが３８０％上昇する。\n※ノックバックした場合、解除されます。,
奮励,
使用者とパートナーの経験値獲得量がアップする。\n※ログアウト中も効果時間がカウントされます。,
習得,
使用者のエキスパート獲得量がアップする。\n※ログアウト中も効果時間がカウントされます。,
必殺発生▲▲,
必殺が出やすくなる。,
状態変化抵抗▲▲,
エキスパート▲▲,
マッカ▲▲,
マグネタイト▲▲,
必殺抑止▲▲,
必殺を受けにくくなる。,
経験値▲▲（ＰＴ）,
ＨＰ▲▲（ＰＴ）,
ＭＰ▲▲（ＰＴ）,
経験値▲▲,
経験値▲▲（仲魔）,
仲魔の獲得経験値が増える。,
エキスパート▲▲▲,
経験値▲（３倍）,
経験値の獲得量が３日間３倍になる。\nキャンペーンを利用した人に付与される。,
エキスパート▲（３倍）,
エキスパートの獲得量が３日間３倍になる。\nキャンペーンを利用した人に付与される。,
マグネタイト▲▲（判定用）,
経験値▲（仲魔）,
対飛天族用ＰＧ・攻,
大種族・飛天族に与えるダメージが\n増加する。,
対飛天族用ＰＧ・防,
大種族・飛天族から受けるダメージが\n軽減する。,
ＥＣＯＰＧ,
すべてのスキルのＨＰ・ＭＰコストが\n軽減する。,
仲魔強化用ＰＧ,
仲魔の与近接・射撃・攻撃魔法ダメージが\n上昇する。,
エキスパート支援,
使用してから５分間、\nエキスパートの獲得量が２００％増える。\n\n※エキスパート上昇効果をもつアイテムの\n　重複使用が可能。\n※ダンジョン外に出た場合、\n　効果が自動的に解除される。,
ハッスルドリンコ,
最大ＨＰがアップする。\n移動速度がアップする。\nこの効果は戦闘中、\n一時的に解除される。,
必殺発生▲,
リミットブレイク発生・威力▲,
リミットブレイクが発生しやすくなり\n同時に威力も上昇する。,
（ＷＤ）ＬＢ発生・威力▲,
（ＷＤ）必殺発生▲,
（ＷＤ）近接・射撃・魔法値▲,
使用してから３０分間、味方１体の\n近接攻撃力、射撃攻撃力、魔法効果量が２５増加。,
回復の雫,
ＨＰ自然回復量とＭＰ自然回復量が\n増加する。,
真那伽の香（小）,
近接攻撃、射撃攻撃、魔法攻撃によるダメージを\nＣＨＡＯＳ／ＮＥＵＴＲＡＬ属性の\n敵に対し増加させる。,
羅国の香（小）,
近接攻撃、射撃攻撃、魔法攻撃によるダメージを\nＮＥＵＴＲＡＬ／ＬＡＷ／ＣＨＡＯＳ属性の\n敵に対し増加させる。,
伽羅の香（小）,
近接攻撃、射撃攻撃、魔法攻撃によるダメージを\nＬＡＷ／ＮＥＵＴＲＡＬ属性の\n敵に対し増加させる。,
自然回復量▲,
禍魂【ヴィマーナα】,
３分間、ＨＰが２以上の時、致死ダメージを受けた際、\n１００％の確率で死を免れる。\n即死無効\n\n※但し、以下の場合は効果がない。\n　自爆系のスキルを使用した場合\n　リカームドラを使用した場合\n　魔階深層部で仲魔が死亡した場合\n　その他、一部の特殊攻撃を受けた場合,
禍魂【ヴィマーナβ】,
３分間、ＨＰが２以上の時、致死ダメージを受けた際、\n２５％の確率で死を免れる。\n即死無効\n\n※但し、以下の場合は効果がない。\n　自爆系のスキルを使用した場合\n　リカームドラを使用した場合\n　魔階深層部で仲魔が死亡した場合\n　その他、一部の特殊攻撃を受けた場合,
拘束,
厳しく拘束され、\n一時的に行動不能となり、\n敵からのダメージ量が増加し\n付与された者は以下の効果をうける。\n\n・被近接・射撃・攻撃魔法ダメージ＋３０％\n・行動・移動・魔法使用・特技使用・交渉これらが\n　不可能となる。,
叱咤,
あえて味方に鞭を振るい\n味方を激励するご褒美。\n付与された者は以下の効果を得る。\n\n・必殺発生＋３０\n・テクニカルアタック威力＋３０％\n・１００％の確率で、ノックバック、\n　詠唱中断、被ダメージ時の硬直を\n　無効にする。,
デジタライズポイント▲▲▲,
デジタライズポイントの獲得量が増える。,
騎乗,
移動速度がアップし、\nさらに戦闘を回避する。,
妖刀,
武器が纏う気配によって、所持者の\n近接ダメージ係数が上昇する。\n代償として、生命を削られる。,
魔剣,
武器が纏う気配によって、所持者の\n攻撃魔法ダメージ係数が上昇する。\n代償として、生命を削られる。,
忌銃,
武器が纏う気配によって、所持者の\n射撃ダメージ係数が上昇する。\n代償として、生命を削られる。,
バイク,
２身合体成功率上昇,
２身合体の成功率が上昇する。,
イビルアロマ（魅惑）,
２身合体の成功率が５％上昇する。,
イビルアロマ（蠱惑）,
２身合体の成功率が１０％上昇する。,
イビルアロマ（悩殺）,
２身合体の成功率が２０％上昇する。,
ソウルポイント▲,
ソウルポイントの獲得量が\n２０％上昇する。,
ソウルポイントの獲得量が\n５０％上昇する。,
ソウルポイントの獲得量が\n１００％上昇する。,
ＣＯＭＰチューニング,
自身よりも高いレベルの仲魔を\n召喚することができる。,
新米ＤＢブートパック３０ｄａｙｓ,
経験値・エキスパート獲得量＋５０％増加。\n移動速度＋２０％増加。\n近接攻撃力、射撃攻撃力、魔法効果量が\n２５増加。\n※戦闘時とスキル発動待ちの場合は、\n　通常速度に戻る。\n※同様の効果を持つアイテムの\n　重複使用で上書きされない。,
絶・魔斥瘴（斬撃）,
攻撃時に斬撃相性の魔斥瘴を無視できる。,
絶・魔斥瘴（突撃）,
攻撃時に突撃相性の魔斥瘴を無視できる。,
絶・魔斥瘴（打撃）,
攻撃時に打撃相性の魔斥瘴を無視できる。,
絶・魔斥瘴（射撃）,
攻撃時に射撃相性の魔斥瘴を無視できる。,
絶・魔斥瘴（貫通）,
攻撃時に貫通相性の魔斥瘴を無視できる。,
絶・魔斥瘴（散弾）,
攻撃時に散弾相性の魔斥瘴を無視できる。,
絶・魔斥瘴（火炎）,
攻撃時に火炎相性の魔斥瘴を無視できる。,
絶・魔斥瘴（氷結）,
攻撃時に氷結相性の魔斥瘴を無視できる。,
絶・魔斥瘴（電撃）,
攻撃時に電撃相性の魔斥瘴を無視できる。,
絶・魔斥瘴（衝撃）,
攻撃時に衝撃相性の魔斥瘴を無視できる。,
絶・魔斥瘴（万能）,
攻撃時に万能相性の魔斥瘴を無視できる。,
絶・魔斥瘴（魔力）,
攻撃時に魔力相性の魔斥瘴を無視できる。,
経験値▲（ＰＴ・１０分）,
人気のチョコレート,
高級なチョコレート,
伝説のチョコレート,
クリティカル、リミットブレイクが\n発生しやすくなる。,
ソウルジェム（ＧＰ）の加護,
ソウルポイントの獲得量が\n４０％上昇する。,
ククノチノタマビコ,
御魂の強化解除可能。,
ＤｉｅＨａｒｄ,
限られた時間、\nＨＰが２以上の時、致死ダメージを受けた際、\n１００％の確率で死を免れる。\n\n※但し、以下の場合は効果がない。\n　自爆系のスキルを使用した場合\n　リカームドラを使用した場合\n　魔階深層部で仲魔が死亡した場合\n　その他、一部の特殊攻撃を受けた場合,
ソウルジェム（ＷＭ）の加護,
物理防御力▲,
物理防御力が増加する。,
魔法防御力▲,
魔法防御力が増加する。,
ラスタキャンディ,
使用してから１０分間、\n周囲のパーティメンバーと\nその仲魔の\n近接・射撃・魔法・物防・魔防の\n能力値が増加。\n\nこの効果は、カジャの効果を\n上書きせず同時にかかる。,
ＤＢブートパック３０ｄａｙｓ,
経験値・エキスパート獲得量＋５０％増加。\nマッカ獲得量＋２０％増加。\n移動速度＋５０％増加。\n近接攻撃力、射撃攻撃力、魔法効果量が\n２５増加。\n※戦闘時とスキル発動待ちの場合は、\n　通常速度に戻る。\n※同様の効果を持つアイテムの\n　重複使用で上書きされない。,
ソウルジェム（ＢＣ）の加護,
キャロットジュース▲,
獣の眼光,
３０秒間、自分自身の全ての\nスキルの装填数を２増加させる。,
王の威光,
近接、射撃、攻撃魔法ダメージ係数が１０％上昇する。\n敵に連続で攻撃を与えたり、\nノックバックさせた時に、\n低確率で、\n以下の状態変化を与える。\n『磔刑』,
ステルス,
姿を隠す。,
チャット禁止,
全てのチャットが使用できなくなる。,
隠し身,
影に身を隠すことで他者の視界から\n姿を消した状態。\n※徐々にMPを消費する。,
アビリティアップ,
重ねがけをする事で\nさらなる力を引きだす。\n集約された力は、\n力・魔力・体力・知力・速さ・運を\n増加させる。,
デジタライズ中（男）,
デジタライズ待機中,
デジタライズ中（女）,
イビルリテンション,
仲魔の『デビルリユニオン』実行時、\nレベルダウンを軽減できる。\n経験値の%d％が失われるのを防ぐ。,
ソウルポイント▲▲,
デジタライズポイント▲▲,
デジタライズポイントの獲得量が\n１００％上昇する。,
デジタライズエフェクト,
悪魔降伏,
状態変化抵抗がダウンする。,
壅塞,
被近接、魔法ダメージを減少し、\n被ダメージによるノックバック・硬直を無効にするが、\n最大ＨＰが減少し、\nＨＰが２以上の時、致死ダメージを受けた際に\n死を免れる確率が減少する。,
雪合戦体力,
スロットル全開,
３０秒間、１度限り\n全てのスキルの装填数を３増加させる。,
近接ダメージ増加20▲,
射撃ダメージ増加20▲,
魔法ダメージ増加20▲,
静寂のオーラ,
混乱の状態異常を防止する。,
慟哭のオーラ,
緊縛の状態異常を防止する。,
エキスパート▲（６０分）,
エキスパートの獲得量が増える。\n※ログアウト時も効果時間が\nカウントされます。,
経験値▲（ＰＴ・６０分）,
自分を含むパーティメンバーの取得経験値１０％上昇。\nただし、パーティを結成していない場合は効果が発揮されない。\n※ログアウト時も効果時間が\nカウントされます。,
経験値▲（ＰＴ・６０分）ＥＸ,
自分を含むパーティメンバーの取得経験値２０％上昇。\nただし、パーティを結成していない場合は効果が発揮されない。\n※ログアウト時も効果時間が\nカウントされます。,
経験値▲（６０分）,
経験値の獲得量が増える。\n※ログアウト時も効果時間が\nカウントされます。,
耐魔人,
魔人からの攻撃ダメージを\n２０％軽減する。,
大凶,
近接、射撃、魔法防御が低下する。,
凶,
吉,
中吉,
最大ＨＰ、最大ＭＰがアップする。,
大吉,
継続ダメージを受けるとともに、近接がダウンする。ＨＰ自然回復が０になる。,
極凶,
近接・射撃・魔法攻撃が\n一時的に２００％低下する。,
仲魔の獲得経験値がアップするが、\nプレイヤーの獲得経験値がダウンする。,
近接、射撃、魔法防御が増加する。,
獲得経験値が９００％アップ！！,
極吉,
最大体力が１００００もアップ！！,
義理チョコ,
経験値の獲得量が増える。\n移動速度がアップする。\n移動速度は戦闘中、一時的に\n通常速度に戻る。,
本命チョコ,
近接、射撃、攻撃魔法によるダメージが\nアップする。,
アクセス可能－α,
ＤＢサイトウのＣＯＭＰへアクセスできる。,
ＣＯＭＰ拡張カードα（３０日）,
様々な特殊機能が利用できる。,
ＣＯＭＰ拡張カードα（１日）,
ＣＯＭＰ拡張カードα（２時間）,
アクセス可能－μ,
ＤＢハルミのＣＯＭＰへアクセスできる。,
リミットブレイクエターナα,
必殺発生率と共に、\nリミットブレイクの発生率と\n威力が３分間上昇する。,
リミットブレイクエターナαⅡ,
必殺発生率と共に、\nリミットブレイクの発生率と\n威力が５分間上昇する。,
リミットブレイクエターナαⅢ,
必殺発生率と共に、\nリミットブレイクの発生率と\n威力が８分間上昇する。,
アタックエターナα,
近接攻撃力、射撃攻撃力、魔法効果量が\n２分間アップする。,
アタックエターナαⅡ,
近接攻撃力、射撃攻撃力、魔法効果量が\n４分間アップする。,
アタックエターナαⅢ,
近接攻撃力、射撃攻撃力、魔法効果量が\n６分間アップする。,
ディフェンスエターナα,
物理防御力、魔法防御力が\n３分間アップする。,
ディフェンスエターナαⅡ,
物理防御力、魔法防御力が\n５分間アップする。,
ディフェンスエターナαⅢ,
物理防御力、魔法防御力が\n８分間アップする。,
ラプタスエターナα,
斬撃、突撃、打撃、射撃、貫通、散弾、\n火炎、氷結、電撃、万能、衝撃、破魔、\n呪殺、魔力、神経、精神相性の\nスキル使用時の威力が３分間上昇する。,
ラプタスエターナαⅡ,
斬撃、突撃、打撃、射撃、貫通、散弾、\n火炎、氷結、電撃、万能、衝撃、破魔、\n呪殺、魔力、神経、精神相性の\nスキル使用時の威力が５分間上昇する。,
ラプタスエターナαⅢ,
斬撃、突撃、打撃、射撃、貫通、散弾、\n火炎、氷結、電撃、万能、衝撃、破魔、\n呪殺、魔力、神経、精神相性の\nスキル使用時の威力が８分間上昇する。,
コストカットエターナα,
使用してから１分間、全てのスキル詠唱を\n１００％短縮し、ＨＰとＭＰの\nスキルコストを０にする。,
コストカットエターナαⅡ,
使用してから２分間、全てのスキル詠唱を\n１００％短縮し、ＨＰとＭＰの\nスキルコストを０にする。,
コストカットエターナαⅢ,
使用してから３分間、全てのスキル詠唱を\n１００％短縮し、ＨＰとＭＰの\nスキルコストを０にする。,
シーケンシャルエターナα,
召喚速度がアップし、\n１０分間、クールダウン時間が０になる。,
シーケンシャルエターナαⅡ,
召喚速度がアップし、\n３０分間、クールダウン時間が０になる。,
シーケンシャルエターナαⅢ,
召喚速度がアップし、\n６０分間、クールダウン時間が０になる。,
ＣＯＭＰ拡張αアイテム回収,
マジェスティＣＯＭＰ,
「ＣＯＭＰ拡張カードα」の特殊機能が\n利用可能になると共に、\nプレートを用いず魔階シブヤクォーツへ\n進入できるようになる。\n\n※効果有効期間は、\n　2010年9月16日～10月13日の\n　定期メンテナンス開始時まで。,
ＣＯＭＰ拡張αアイテム回収2,
マジェスティＣＯＭＰα,
プレートを用いず魔階シブヤクォーツへ\n進入できるようになる。\n\n※効果有効期間は、\n　2010年9月16日～10月13日の\n　定期メンテナンス開始時まで。,
アクセス可能－θ,
威厳あるデビルバスターの\nＣＯＭＰへアクセスできる。,
アクセス可能－ι,
アクセス可能－κ,
入場可能-ＶＩＰルーム,
カジノのＶＩＰルームへ入場できる。,
ＣＯＭＰ拡張カード【電子回廊】,
電子回廊アシスト,
経験値、マッカ、マグネタイトの\n獲得量が増えるとともに、\n宝箱のレアアイテムの入手確率が上昇する。\nさらに、パートナーの経験値獲得量も\n増える。,
ＣＯＭＰ拡張カードα（３日）,
ＣＯＭＰ拡張カードα（７日）,
ハッピークリスマス！アイテム回収,
Ｆ’ｓカード・７２（仲魔）,
近接戦闘の潜在能力が引き出された状態。,
Ｆ’ｓカード・７２０（仲魔）,
Ｇ’ｓカード・７２（仲魔）,
射撃の潜在能力が引き出された状態。,
Ｇ’ｓカード・７２０（仲魔）,
Ｍ’ｓカードⅠ・７２（仲魔）,
魔力の潜在能力が引き出された状態。,
Ｍ’ｓカードⅠ・７２０（仲魔）,
Ｍ’ｓカードⅡ・７２（仲魔）,
Ｍ’ｓカードⅡ・７２０（仲魔）,
グリルドチーズ,
Ｆ’ｓカード・Ｘ７２（仲魔）,
Ｆ’ｓカード・Ｘ７２０（仲魔）,
Ｇ’ｓカード・Ｘ７２（仲魔）,
Ｇ’ｓカード・Ｘ７２０（仲魔）,
Ｍ’ｓカードⅠ・Ｘ７２（仲魔）,
Ｍ’ｓカードⅠ・Ｘ７２０（仲魔）,
Ｍ’ｓカードⅡ・Ｘ７２（仲魔）,
Ｍ’ｓカードⅡ・Ｘ７２０（仲魔）,
攻撃力▲（仲魔）,
攻撃によるダメージが増える。,
攻撃力▲,
メンズナックル４月号,
メンズナックル６月号・ＨＰ,
メンズナックル６月号・ＭＰ,
Ｆ’ｓカード・Ｘ２４（仲魔）,
メンズナックル９月号,
メンズナックル１０月号・力,
メンズナックル１０月号・魔力,
メンズナックル１０月号・速さ,
メンズナックル１０月号・体力,
メンズナックル１０月号・知力,
メンズナックル１１月号,
メンズナックル１２月号,
ジアイの言の葉,
その挑戦的な言葉を聞いた者は\nうちに秘めたるガイアの魂に共鳴し\n自身の最大ＨＰを上昇させる！,
至高の名言・天,
粋な言葉には魂がこもる。\nその魂は人を奮い立たせる。\n近接攻撃、射撃攻撃、\n魔法攻撃によるダメージを\n20％アップさせる。,
至高の名言・地,
粋な言葉には魂がこもる。\nその魂は人をクレバーにする。\n全てのスキル詠唱を20%短縮する。,
至高の名言・人,
粋な言葉には魂がこもる。\nその魂は人を我慢強くする。\n物理防御力、魔法防御力が\n15上昇する。,
メンズナックル１０月号・運,
砂幻陵探索サポーター,
・最終クリティカル率＋１０％\n・リミットブレイク発生＋１０％\n・冠名「昏冥に黄昏し」「顕在せし化生の声」\n　「黄昏より出でし戦影」「黄昏の女主人」に対して\n　与ダメージ＋１５０％\n・経験値獲得量＋５０％,
テクニカルアタック発生・威力▲,
テクニカルアタックが発生しやすくなり\n同時に威力も上昇する。,
全能力値▲（ＰＣ）,
プレイヤーの\n全ての能力値が１０分間\n以下のように上昇する。\n・力・魔力・速さ＋５０\n・体力・知力・運＋２０,
プレイヤーの\n全ての能力値が３０分間\n以下のように上昇する。\n・力・魔力・速さ＋５０\n・体力・知力・運＋２０,
Ｇ’ｓカード・Ｘ２４（仲魔）,
Ｍ’ｓカードⅠ・Ｘ２４（仲魔）,
Ｍ’ｓカードⅡ・Ｘ２４（仲魔）,
ハッピークリスマス！,
サンタフロストが毎日プレゼントを届けてくれる。\n※2013/12/25定期メンテナンスまで有効,
符術高揚（斬撃）,
斬撃相性スキルの威力が増加する。,
符術高揚（突撃）,
突撃相性スキルの威力が増加する。,
符術高揚（打撃）,
打撃相性スキルの威力が増加する。,
符術高揚（射撃）,
射撃相性スキルの威力が増加する。,
符術高揚（貫通）,
貫通相性スキルの威力が増加する。,
符術高揚（散弾）,
散弾相性スキルの威力が増加する。,
符術高揚（火炎）,
火炎相性スキルの威力が増加する。,
符術高揚（氷結）,
氷結相性スキルの威力が増加する。,
符術高揚（電撃）,
電撃相性スキルの威力が増加する。,
符術高揚（衝撃）,
衝撃相性スキルの威力が増加する。,
符術高揚（破魔）,
破魔相性スキルの威力が増加する。,
符術高揚（呪殺）,
呪殺相性スキルの威力が増加する。,
符術高揚（魔力）,
魔力相性スキルの威力が増加する。,
符術高揚（神経）,
神経相性スキルの威力が増加する。,
符術高揚（精神）,
精神相性スキルの威力が増加する。,
鬼道の書物,
最終クリティカル率補正と\nテクニカルアタック発生と\nテクニカルアタック威力が上昇。,
符術高揚（斬撃突撃打撃）,
斬撃、突撃、打撃相性スキルの威力が増加する。,
符術高揚（射撃貫通散弾）,
射撃、貫通、散弾相性スキルの威力が増加する。,
符術高揚（火炎氷結電撃衝撃）,
火炎、氷結、電撃、衝撃相性スキルの威力が増加する。,
符術高揚（破魔呪殺）,
破魔、呪殺相性スキルの威力が増加する。,
符術高揚（魔力神経精神）,
魔力、神経、精神相性スキルの威力が増加する。,
マッカ▲▲（菩提樹）,
菩提樹の葉の祝福により\nマッカの獲得量が増える。,
地神の注連縄,
『ディアスポラ』と呼ばれる場所で\n紫色の宝箱から『マサカドゥス』を\n入手できるようになる。\n\n※『ディアスポラ』で紫色の宝箱から\n　『マサカドゥス』を入手すると\n　効果は解除される。,
８周年アニバーサリーＢＯＸ,
下記のアイテムがポストに届く。\n\n月：２０１５年の香（経験）\n火：２０１５年の香（経験・仲魔）\n水：反魂香\n木：地獄の銀メダル\n金：ワイルドカード\n土：トレブルゼリー×２０\n日：疾駆の玉\n\n※全て譲渡不可。\n※このステータスは\n　２０１５年４月２８日に\n　削除される。,
８周年アニバーサリーＢＯＸ回収,
タイラント・ロア,
破壊の衝動に駆られ、\n以下の効果を得る。\n\n・リミットブレイクダメージ上限解放＋５０００\n・以下の状態変化を無効にする。\n　『魅惑』『混乱』『睡眠』『ショック』,
スーパー騎乗,
移動速度がかなりアップし、\nさらに戦闘を回避する。,
Thanks for All DB.,
ログインキャンペーンの\nアイテムを受け取れる状態。\n\n毎日ログイン時に以下の\nアイテムがポストに配布される。\n\n・ランダムボックス【育成】\n・ランダムボックス【カスタム】\n・不思議なナニカ,
９周年回収,
Thanks for All DB.2,
うんけんそわか,
９周年回収２,
Thanks for All DB.3,
９周年回収３,
ビギナーアイテム取得権,
一日一度、ログイン時にポストにアイテムが送られる。\n貰えるアイテムは曜日によって変化する。,
ライセンサーアイテム取得権,
ハイクラスアイテム取得権,
鍛錬,
鍛錬ＥＸ,
円熟,
ファイター・２４,
ファイター・７２,
ファイター・７２０,
ガンナー・２４,
ガンナー・７２,
ガンナー・７２０,
マジシャンＴⅠ・２４,
マジシャンＴⅠ・７２,
マジシャンＴⅠ・７２０,
マジシャンＴⅡ・２４,
マジシャンＴⅡ・７２,
マジシャンＴⅡ・７２０,
ディアスポラ・スギナミ入場制限用,
ＷＣｲﾍﾞﾝﾄ判定用,
クエスト判定用（大司教）,
イベント判定用（サブロー）,
ディアスポラ・シナガワ入場制限用,
５分間、継続ダメージを受けるとともに、\n近接がダウンする。\nＨＰ自然回復が０になる。\n\n※アイテム、魔法等での解除は不可。,
５分間、スキルを忘却してしまい、\n使用することが出来なくなってしまう。\n※一部の悪魔スキル、一時習得スキルは使用可能。\n　アイテム、魔法等での解除は不可。,
５分間、移動不能になり、\n継続ダメージ、近接がダウンする。\n\n※アイテム、魔法等での解除は不可。,
５分間、行動不能になり、\nＭＰが徐々に減少する。\nＭＰの自然回復が０になる。\n\n※アイテム、魔法等での解除は不可。,
５分間、全てのスキルの\nクールダウン時間が２倍になる。\n\n※アイテム、魔法等での解除は不可。,
５分間、魔法が使用できなくなる。\n\n※アイテム、魔法等での解除は不可。,
５分間、行動不能になり、\n物防がアップするが、\n火炎･打撃相性にやや弱くなる。\n\n※アイテム、魔法等での解除は不可。,
５分間、ＭＰが徐々に減少する。\nＭＰの自然回復が０になる。\n\n※アイテム、魔法等での解除は不可。,
５分間、移動不能になり、\n近接がダウンする。\n\n※アイテム、魔法等での解除は不可。,
力・魔力・体力・知力・速さ▲,
力・魔力・体力・知力・速さの\n能力値がアップする。,
近接攻撃による敵へのダメージが増える。,
射撃攻撃による敵へのダメージが増える。,
魔法攻撃による敵へのダメージが増える。,
火炎ダメージ▲,
火炎相性のスキルの威力が増加する。,
氷結ダメージ▲,
氷結相性のスキルの威力が増加する。,
電撃ダメージ▲,
電撃相性のスキルの威力が増加する。,
衝撃ダメージ▲,
衝撃相性のスキルの威力が増加する。,
ＨＰＭＰに継続ダメージを受けるとともに、\nＨＰＭＰ自然回復が０になる。,
弱体,
最大ＨＰ、最大ＭＰが減少する。,
ひ弱,
物理防御力、魔法防御力が減少する。,
最大ＨＰ▼,
最大ＨＰが減少する。,
最大ＭＰ▼,
最大ＭＰが減少する。,
物理防御力▼,
物理防御力が減少する。,
魔法防御力▼,
魔法防御力が減少する。,
華梟城イベント判定用（転送）,
ＵＢチャンピオン,
ＵＢにおいて前月の期間、\nトップ成績を修めたことによる、\nチャンピオンの証。,
蓬莱ｲﾍﾞﾝﾄ判定用,
ＭＯ生存判定用,
寄付システム,
常夜の祈り,
神域より、攻撃能力に恩恵が与えられる。\n祈祷中のみ、プレイヤーと仲魔の攻撃力が\nアップする。,
神域より、\n攻撃能力に恩恵が与えられている状態。,
アクセス可能－「首なしライダー」,
あるターミナルにアクセスした際に、\n確実にもう一つのイケブクロの\nある人物へと繋げてしまうデータを\nインストールした状態。\nインストールしたデータは24時間で\nＣＯＭＰから削除される。,
アクセス可能－「池袋最強の男」,
アクセス可能－「ＤＯＬＬＡＲＳ」,
あるターミナルにアクセスした際に、\n確実にもう一つの\nイケブクロへと繋げてしまう\nデータをインストールした状態。\nインストールしたデータは24時間で\nＣＯＭＰから削除される。,
アクセス可能－「暗躍する情報屋」,
愛のカタチ,
罪歌の「子」の力で\n以下の効果を得る。\n\n・必殺発生＋５０\n・リミットブレイク発生＋５％\n・近接、射撃、魔法攻撃力＋１０\n・１００％の確率で、ノックバック、\n　詠唱中断、被ダメージ時の硬直を\n　無効にする。,
ハイテンション,
ハイセンス（？）な激励により\n以下の効果を得る。\n\n・必殺発生＋５０\n・リミットブレイク発生＋５％\n・近接、射撃、魔法攻撃力＋１０\n・１００％の確率で、ノックバック、\n　詠唱中断、被ダメージ時の硬直を\n　無効にする。,
真・愛のカタチ,
罪歌の「母」の力で\n以下の効果を得る。\n\n・必殺発生＋５０\n・リミットブレイク発生＋５％\n・近接、射撃、魔法攻撃力＋１０\n・１００％の確率で、ノックバック、\n　詠唱中断、被ダメージ時の硬直を\n　無効にする。,
クラブ蓬莱ＶＩＰ,
クラブ蓬莱のＶＩＰ会員である事を\n証明するシール。,
シンジュク大決戦局地戦,
「シンジュク大決戦」局地戦へ\n参加を認められた者の証。,
コード：ＨＰ,
最大ＨＰが５分間アップする。,
コード：ＭＰ,
最大ＭＰが５分間アップする。,
コード：アタック,
近接攻撃力、射撃攻撃力、魔法効果量が\n５分間アップする。,
コード：ディフェンス,
CoCイベント判定用,
シークレットルーム利用可能,
シークレットルームにいる\n特定のＮＰＣに話しかける事で、\n悪魔を呼び出す事ができる。,
血のポエム,
血塗られた意志が、\n術者達を、前へ前へと突き動かす。\n付与された者は以下の効果を得る。\n\n・必殺発生＋３０\n・リミットブレイク威力＋３０％\n・１００％の確率で、ノックバック、\n　詠唱中断、被ダメージ時の硬直を\n　無効にする。,
亡者の憂い,
亡者の意志が、\n術者達を、前へ前へと突き動かす。\n付与された者は以下の効果を得る。\n\n・必殺発生＋３０\n・リミットブレイク威力＋３０％\n・１００％の確率で、ノックバック、\n　詠唱中断、被ダメージ時の硬直を\n　無効にする。,
ウズメノマジナイ,
アメノウズメに踊ってもらった。,
ウズメノタタリ,
アメノウズメに怒られた…。,
大炎上,
火炎による追加ダメージと\n被近接・射撃・攻撃魔法の\nダメージ量が上がり、\nさらに、火炎相性スキルの\n被ダメージ量が大幅に増加する。,
失血,
ＨＰが減少する。,
ＨＰ、ＭＰが徐々に減少するとともに\n自然回復が０になる。,
オニ特製ジュース,
ＨＰ、ＭＰの自然回復がアップし、\n移動速度がアップする。\n※戦闘時とスキル発動待ちの場合は、\n　通常速度に戻る。,
ＤＭ拡張プログラム（１日）,
デイリーミッションの\n経験値獲得量が＋２０％、\nＤＰ獲得量が＋２０％増加する。,
入定瞑想,
ＨＰ・ＭＰの自然回復がアップする。,
四静慮,
ＨＰ・ＭＰの自然回復がアップする。\nスキルの詠唱時間が半分になる。,
四無色定,
ＨＰ・ＭＰの自然回復がアップする。\nスキルの詠唱時間が半分になる。\n四属性耐性がアップする。,
百八三昧,
ＨＰ・ＭＰの自然回復がアップする。\nスキルの詠唱時間が半分になる。\nスキルのクールタイムが半分になる。\n四属性耐性がアップする。,
生死即涅槃,
ＨＰ、ＭＰが徐々に減少するとともに\n自然回復が０になる。\n状態変化を受けやすくなる。,
ファイター・Ｘ２４,
ファイター・Ｘ７２,
ファイター・Ｘ７２０,
ガンナー・Ｘ２４,
ガンナー・Ｘ７２,
ガンナー・Ｘ７２０,
マジシャンＴⅠ・Ｘ２４,
マジシャンＴⅠ・Ｘ７２,
マジシャンＴⅠ・Ｘ７２０,
マジシャンＴⅡ・Ｘ２４,
マジシャンＴⅡ・Ｘ７２,
マジシャンＴⅡ・Ｘ７２０,
インテンシブ・ブレイク,
重ねがけをする事で\nさらなる力を引きだす。\n集約された力は、\nダメージを増加させる。,
クラッシュコンシート,
自身の威厳を砕かれる事により、\n継続ダメージを受けると共に、\n必殺抑止－５００、\nバッドステータス抵抗－５０\nの効果を受け、更に、\nＨＰ自然回復量が０となる。,
永夜のオーロラ,
３０秒間、火炎・氷結・電撃・衝撃相性の\n中から３点がランダムで選ばれ、\nその相性によるスキルの効果を\n５０％上昇する。,
フルールの雫,
近接攻撃力、射撃攻撃力、\n魔法効果量が２０上昇し、\nオーディン、トールに対して、\n近接、射撃、魔法ダメージが５０％、\nメタトロンに対して、\n近接、射撃、魔法ダメージが１００％\n上昇する。,
近接攻撃力、射撃攻撃力、\n魔法効果量が２０上昇し、\n攻撃時に火炎、氷結、電撃、衝撃相性の\n魔斥瘴を無視できる。,
ダメージ増加,
近接・射撃・魔法攻撃による\nダメージが増える。,
回復値低下,
回復の効果が著しく低下する。,
氷結（瞬間冷凍）,
悪魔変装,
悪魔に変装する。,
仲魔召喚不可,
ＣＯＭＰから仲魔を召喚できない。,
ＤＭ拡張プログラム（３日）,
ＤＭ拡張プログラム（７日）,
ＤＭ拡張プログラム（３０日）,
ＤＭ拡張プログラム（２時間）,
経験値▲ＥＸ（レベル３０まで）,
経験値▲ＥＸ（レベル５０まで）,
経験値▲ＥＸ（レベル８０まで）,
減少する経験値の量が半減する。,
英傑の激励,
美麗陣,
行動不能になり、\nＭＰが徐々に減少する。\nＭＰの自然回復が０になる。\n敵からの攻撃によるダメージを増加させる。,
オフェンスアップ,
クリティカルアップ,
重ねがけをする事で\nさらなる力を引きだす。\n集約された力は、\nクリティカルを発生させやすくする。,
エレメントアップ,
重ねがけをする事で\nさらなる力を引きだす。\n集約された力は、\n火炎・氷結・電撃・衝撃相性スキルの\nダメージを増加させる。,
活力みなぎる応援,
サキュバスに応援してもらった。\n最大ＨＰ・ＭＰがアップする。,
勢いみなぎる応援,
サキュバスに応援してもらった。\n近接・射撃・魔法攻撃による\nダメージが増える。,
成長みなぎる応援,
サキュバスに応援してもらった。\n経験値の獲得量が増える。,
ラブチアリング,
最大ＨＰ・ＭＰがアップする。,
力・魔力・体力・知力・速さ・運の\n能力値がアップする。,
火炎・氷結・電撃・衝撃に対する\n耐性が上昇する。,
火炎・氷結・電撃・衝撃による\n攻撃を無効化する。,
近接・射撃・魔法攻撃による\nダメージを軽減する。,
ＨＰ・ＭＰの自然回復が\nアップする。,
発動するスキルの詠唱時間を\n１０％短縮する。,
行動不能になり、\nＭＰが徐々に減少する。\nＭＰの自然回復が０になる。\n\n※アイテム、魔法等での解除は不可。,
ヴァーミリオン・オブ・ソリッド,
近接・射撃・魔法攻撃による\nダメージを軽減する。\nまた、ＨＰが２以上の時、\n致死ダメージを受けた際、死ににくくなる。,
近接攻撃力、射撃攻撃力、\n魔法効果量が２０上昇、\n火炎耐性が５０％上昇し、\nヤマタノオロチに対して、\n近接、射撃、魔法ダメージが１００％\n上昇する。,
近接攻撃力、射撃攻撃力、\n魔法効果量が２０上昇し、\n冠名「漂獄の翼」、\n「獄流離いし」、「獄底漂いし」、\n「匣に喚ばれし」の敵に対して、\n近接、射撃、魔法ダメージが１００％\n上昇する。,
爪櫛の加護,
クシナダヒメから加護を受けた。\n火炎に対する耐性、\n各種ステータスが上昇する。,
敵愾高揚,
敵愾心が向上し、\n能力に上昇がみられる。,
白羽の矢,
白羽の矢に見事選ばれた。\n近接、射撃、魔法攻撃で\nまともなダメージを\n与えられない。,
白羽の矢に見事選ばれた。\n最大ＨＰ・ＭＰが\n大幅にダウンする。,
白羽の矢に見事選ばれた。\nＣＯＭＰから仲魔を\n召喚できない。,
白羽の矢に見事選ばれたが\n厄は回避された。,
ノクトビジョンソウル,
NPC出現用,
ソウルロストブルー,
弱体化,
白羽の矢の影響により\n仲魔のステータスが\n著しく低下する。,
Ｇ・Ｓ・Ｐ・Ｃ,
ゲット・ソウル・ポイント・キャンセラー\nＧ・Ｓ・Ｐ・Ｃ\n,
万能耐性減少,
火炎耐性減少,
電撃耐性減少,
衝撃耐性減少,
ギロチンフェイク,
トリシューラの一撃,
三叉の槍による必殺の一撃。\nダメージを受けるとともに、\n敵からの近接、射撃攻撃による\nダメージが増加する。,
パスパタの一撃,
怒りの炎として放たれる致命的な一撃。\n大きなダメージを受けるとともに、\n敵からの近接、射撃、魔法攻撃による\nダメージが増加する。,
無限光明（防御）,
無限光明（回復転化）,
Ｇ・Ｓ・Ｐ・Ｃ・６ｔｈＰＳ１,
ゲット・ソウル・ポイント・キャンセラー\nＧ・Ｓ・Ｐ・Ｃ\n\nＣｏｎｇｒａｔｕｌａｔｉｏｎ\n６ｔｈ　Ａｎｎｉｖｅｒｓａｒｙ,
溶解,
物理攻撃に対する耐性が減少し、\n継続ダメージ、近接と射撃がダウンする。,
戦慄,
強大な力を垣間見たことにより\n一時的に身動きできない状態になる。,
Ｇ・Ｓ・Ｐ・Ｃ・６ｔｈＰＳ２,
ビーストアイズ,
３０秒間、味方プレイヤー１体の、\n全てのスキルの装填数を２増加させる。,
物理ブースト,
物理による攻撃の与ダメージが\n１回だけ大幅に増加する。\n\nこの状態変化は、魔法ブーストにより、\n上書きされる。,
魔法ブースト,
魔法による攻撃の与ダメージが\n１回だけ大幅に増加する。\n\nこの状態変化は、物理ブーストにより、\n上書きされる。,
スキルの詠唱時間が増加する。,
与えるダメージが増加する。,
近接・射撃・魔法防御が上昇し、\n被攻撃によるノックバックを\n一時的に防止する。,
攻撃能力減少,
近接・射撃・魔法攻撃が一時的に減少する。,
ＨＰ、ＭＰが徐々に減少するとともに\n自然回復が０になる。\n近接がダウンする。\n必殺抑止がダウンする。,
修練の混乱,
全てのスキルの\nクールダウン時間が３倍になる。,
クリティカルを発生させやすくする。,
修練の緊縛,
ダークゾーン弱,
ダークゾーン中,
ダークゾーン強,
ダメージトラップ,
一時的に行動不能となり、\nＨＰとＭＰにダメージを受ける。,
【ＧＭ】激励,
ＧＭは手を振るう…\nあなたは激励を受けた！\n\n,
キャッツアイ,
解放されし幻呪【ⅩⅩⅩ】,
２９の軍団を率いる公爵を封じた呪い。\nスキルの詠唱時間が増加する。,
解放されし幻呪【ⅩⅤ】,
６０の軍団を率いる漆黒の公爵を封じた呪い。\n必殺と必殺抑止がダウンする。,
解放されし幻呪【ＬⅩⅨ】,
３０の軍団を率いる公爵を封じた呪い。\n魔力、体力、知力がダウンする。,
解放されし幻呪【ⅩⅩⅧ】,
２６の軍団を率いる深紅の公爵を封じた呪い。\n攻撃で与えるダメージがダウンする。,
解放されし幻呪【ＬⅤ】,
２０の軍団を率いる王を封じた呪い。\nＣＨＡＯＳ属性の敵からのダメージがアップする。,
解放されし幻呪【ＬⅦ】,
３０の軍団を率いる総裁を封じた呪い。\nバッドステータスにかかりやすくなる。,
解放されし幻呪【ⅩⅩⅨ】,
４０の軍団を率いる恐怖公を封じた呪い。\nＨＰ、ＭＰが徐々に減少するとともに\n自然回復が０になる。,
プレヴィアスビジョン,
いつかどこかで起こった物語が\n時も場所も飛び超えてあなたの胸に迫る。,
近接攻撃力、射撃攻撃力、\n魔法効果量が２０上昇し、\n火炎、氷結、電撃、衝撃相性スキルの\n詠唱時間を３０％短縮する。,
火炎、氷結、電撃、衝撃相性スキルの\nクールタイム－３０％,
近接攻撃力、射撃攻撃力、\n魔法効果量が２０上昇し、\nサキュバス、インキュバスに対して、\n近接、射撃、魔法ダメージが５０％、\nアスタロトに対して、\n近接、射撃、魔法ダメージが１００％\n上昇する。,
大感電,
電撃による追加ダメージと\n被近接・射撃・攻撃魔法の\nダメージ量が上がり、\nさらに、電撃相性スキルの\n被ダメージ量が大幅に増加する。,
ドウマンの呪縛,
ドウマンの張った結界に触れた為、\n一時的に最大ＨＰが大幅にダウンする。,
テクニカルダメージ１００％発生,
テクニカルダメージが１００％発生,
近接▲,
近接がアップする。\nさらに冠名【Ｔｒｉｃｋ】の悪魔に対して\n与ダメージがアップする。,
近接・射撃・魔法効果量がアップし、\n必殺が発生しやすくなる。\nさらに冠名【Ｔｒｉｃｋ】の悪魔に対して\n与ダメージがアップする。,
経験値の獲得量が増える。\nさらに冠名【Ｔｒｉｃｋ】の悪魔に対して\n与ダメージがアップする。,
仲魔の経験値の獲得量が増える。\nさらに冠名【Ｔｒｉｃｋ】の悪魔に対して\n与ダメージがアップする。,
耐久力▲,
ＨＰとＭＰがアップする。\nさらに冠名【Ｔｒｉｃｋ】の悪魔に対して\n与ダメージがアップする。,
射撃▲,
射撃がアップする。\nさらに冠名【Ｔｒｉｃｋ】の悪魔に対して\n与ダメージがアップする。,
戦闘力▲,
近接・射撃・魔法効果量がアップし、\n被ダメージが減少する。\nさらに冠名【Ｔｒｉｃｋ】の悪魔に対して\n与ダメージがアップする。,
ＨＰ９９％減少,
ＨＰが最大値の９９％減少する。,
ＭＰ９９％減少,
ＭＰが最大値の９９％減少する。,
力９９９減少,
力が９９９減少する。,
魔力９９９減少,
魔力が９９９減少する。,
速さ９９９減少,
速さが９９９減少する。,
知力９９９減少,
知力が９９９減少する。,
体力９９９減少,
体力が９９９減少する。,
運９９９減少,
運が９９９減少する。,
ケットシーの疲労,
アルプの誘惑,
トートの魔術,
ソウルポイントの獲得量が\n４％上昇する。,
ソウルポイントの獲得量が\n８％上昇する。,
ソウルポイントの獲得量が\n１２％上昇する。,
【Ｔｒｅａｔ】▲,
冠名【Ｔｒｅａｔ】の悪魔に対して\n与ダメージがアップする。,
ミッション報酬▲,
ミッション報酬経験値が増加する。,
ミッション報酬▼,
ミッション報酬経験値が低下する。,
移動速度▼,
移動速度がダウンする。,
ＨＰＭＰに継続ダメージを受け、\nＨＰＭＰ自然回復が０になる。\n近接、射撃、攻撃魔法ダメージが低下、\n敵からの近接、射撃、攻撃魔法ダメージが増加する。,
スピリッツオブアート,
ミッション【Ｔｒａｎｓａｃｔｉｏｎ】にて\n特務遂行の能力を備えた者の証。\nプラズマを理解する際、恩恵を受ける。,
弱点【火炎】,
弱点【氷結】,
弱点【電撃】,
弱点【衝撃】,
其の命、叛逆の罰を,
終わる世界に絶望している状況。\n一時的に最大ＨＰがダウンする。,
畏れよ、彼の声を,
一時的に最大ＨＰがダウンし、\n与近接・射撃・魔法ダメージが\n低下する。,
絶てよ、まほろばの糸を,
一時的に最大ＨＰがダウンし、\nスキルのクールタイムが増加する。,
讃えよ、宇宙の意思を,
一時的に最大ＭＰがダウンし、\nスキルの詠唱時間が増加する。,
喚けよ、汝に末魔の嘆きを,
一時的に最大ＨＰと最大ＭＰが\nダウンしている状態。,
山羊屋共通優待券,
ＭＯエリアのロビー、ＭＯエリア内、\n邪教の館、各フィールドにて、\n支店を構えている山羊屋から、\n優遇されたサービスを受けることができる。,
全能力値▲ＥＸ,
力・魔力・速さ・体力・知力・運と、\n移動速度の、全ての能力値が\nアップする。,
若駒奮起,
ヴァルキリーから檄を飛ばされた。\n若駒は奮起状態だ！,
若駒突撃,
ヴァルキリーから檄を飛ばされた。\n若駒は突撃状態だ！,
若駒高揚,
ヴァルキリーから檄を飛ばされた。\n若駒は高揚状態だ！,
移動速度▲（午）,
絵馬素材奉納,
『大絵馬』に奉納し、恩恵を受けた。\n移動速度がアップする。\nこの効果は戦闘中、\n一時的に解除される。,
『大絵馬』に奉納し、恩恵を受けた。\nスキルの詠唱時間が減少する。,
『大絵馬』に奉納し、恩恵を受けた。\nスキルのクールタイムが減少する。,
『大絵馬』に奉納し、恩恵を受けた。\nＨＰ自然回復量とＭＰ自然回復量が\n増加する。,
『大絵馬』に奉納し、恩恵を受けた。\n物理防御力、魔法防御力が上昇する。,
『大絵馬』に奉納し、恩恵を受けた。\nすべての状態変化を与える\nスキルの付与確率が上昇する。,
『大絵馬』に奉納し、恩恵を受けた。\n交渉スキルの成功率が上昇する。,
絵馬奉納,
『大絵馬』に奉納し、恩恵を受けた。\nクリティカルが発生しやすくなり、\nテクニカルアタック発生率が４９％、\n威力が７％上昇する。,
『大絵馬』に奉納し、恩恵を受けた。\nクリティカルが発生しやすくなり、\nテクニカルアタック発生率が７％、\n威力が４９％上昇する。,
『大絵馬』に奉納し、恩恵を受けた。\nスキルの詠唱時間が５０％減少する。,
『大絵馬』に奉納し、恩恵を受けた。\nスキルのクールタイムが５０％減少する。,
『大絵馬』に奉納し、恩恵を受けた。\nリミットブレイクが発生しやすくなり、\nテクニカルアタック発生率が２５％、\n威力が２５％上昇する。,
『大絵馬』に奉納し、恩恵を受けた。\nすべての状態変化を与える\nスキルの付与確率が５０％上昇する。,
『大絵馬』に奉納し、恩恵を受けた。\n交渉スキルの成功率が５０％上昇する。,
若駒の嘶き,
若駒のやる気は十分だ！\n一時的に若駒の攻撃力、防御力がアップしている状態。,
ＤＯＯＲ－０１～０６進入可能,
異界新宿バベルに点在する\n６種類の「扉」を開く事ができる。,
最大ＨＰ▲３０％,
全攻撃無効　１％,
全攻撃吸収　１％,
全スキル装填数＋１,
全スキル装填数＋２,
詠唱時間▼,
回復スキルを受けた際の効果が減少する。,
被ダメージ▲,
被近接、射撃、攻撃魔法ダメージが増加する。,
ＨＰ継続減少,
ＨＰ自然回復が０になり、\nさらにＨＰが徐々に減少する。,
ＭＰ継続減少,
ＭＰ自然回復が０になり、\nさらにＭＰが徐々に減少する。,
全攻撃無効　３％,
全攻撃吸収　３％,
全攻撃無効　５％,
全攻撃吸収　５％,
グラビトン・チャージ,
強力な荷重力弾を放つために、\nグラビトンにチャージを行う。\n付与された者は以下の効果を得る。\n\n・『荷重力弾』の、装填数＋２\n・『荷重力弾』の威力＋５０％,
最大ＨＰ▲５０％,
最大ＨＰ▲１５０％,
最大ＨＰ▲３００％,
最大ＨＰ▲６００％,
最大ＨＰ▲１０００％,
攻撃力▲１０％,
攻撃力▲５０％,
攻撃力▲１００％,
攻撃力▲２００％,
攻撃力▲３００％,
テクニカルアタック　２０％,
ファイター・７２０（敵専用）,
ガンナー・７２０（敵専用）,
マジシャンＴⅠ・７２０（敵専用）,
ノックバック無効,
攻撃力▲▲▲,
使用から５分間、\n近接、射撃、攻撃魔法ダメージ係数が\n２００％上昇する。,
必殺発生▼,
オニ参上！,
オニの助力で体に力が漲る！\nクリティカルとテクニカルアタック、\nリミットブレイクが発生しやすくなり\n同時に威力も上昇する。,
クー・フーリン参戦！,
クー・フーリンの助力で体に力が漲る！\n火炎、氷結、電撃、衝撃による\n与ダメージが上昇する。,
ヨシツネ推参！,
ヨシツネの助力で体に力が漲る！\n全てのスキルの装填数を１増加させる。,
クルースニク登場！,
クルースニクの助力で体に力が漲る！\n敵悪魔の火炎・氷結・電撃・衝撃以外の\n防御相性上昇状態を無視できる。,
ミタマコンボ,
この表示がある内は、\n御魂の出現数が増えるぞ！,
ＤＥＳＴＩＮＹ入場制限中,
この表示がある内は、\nＤＥＳＴＩＮＹに参加することができないようだ。,
ヤギミヤの応援,
もの凄く力が湧いてきた！\n以下の効果を得る。\n\n・力、魔力、体力、知力、速さ、運＋２５,
近接ダメージ増加▲,
魔法ダメージ増加▲,
射撃ダメージ増加▲,
ＨＰ再生▲,
ＭＰ再生▲,
弱点【斬撃】,
弱点【突撃】,
弱点【打撃】,
弱点【射撃】,
弱点【貫通】,
弱点【散弾】,
ジャックランタンの魔法により\n経験値の獲得量が増える。,
ジャックランタンの魔法により\n仲魔の獲得経験値が増える。,
メノラー探知機使用中,
『メノラー探知機』により\n『創造のメノラー』を\n２倍もらう事ができる。,
全耐性低下ＬＶ１,
全耐性低下ＬＶ２,
ドラゴニックオーラ,
近接+射撃ダメージ威力２倍,
ドラゴンドライブ,
魔法ダメージ威力２倍,
移動不能(ﾓｰｼｮﾝﾅｼ),
インテンシブ・アタック,
集約された力により\nダメージを増加させる。,
物理防御ＵＰ(敵専用),
物理防御ＵＰ\n,
魔法防御ＵＰ(敵専用),
魔法防御ＵＰ\n,
ＴＩＧＥＲＣＡＴ,
パートナーの力が\n発揮出来ない状態になる。,
全耐性低下ＬＶ３,
全耐性低下ＬＶ４,
全耐性低下ＬＶ５,
全耐性低下ＬＶ６,
全耐性低下ＬＶ７,
ログインアイテム貰った,
明王の書物,
普遍化する律動の力,
１０秒間、攻撃が１回だけ\n必ずクリティカルになる。,
体得の助力,
エキスパートの獲得量が＋150％になる。,
鬼道の助力,
追撃が発生するようになる。,
霊魂流出中,
入場判定用付与（5分）,
ＭＯ『ヨドバシアンダーグラウンド』に\n入場することができない。,
カッパの連撃,
30分間、追撃が\n発生しやすくなり、威力もアップする。,
夢想,
行動不能になり、\n必殺抑止がダウンする。\n敵からの攻撃によるダメージが増加する。,
電痕,
移動不能になり、継続ダメージを受ける。\n物防、魔防、必殺発生がダウンする。,
不快指数増加,
ひどい湿気でジメジメとしていてゲンナリ。\n体中から嫌な汗が噴き出し、\n不快な気分が盛り上がる…。,
リディキュラスモイスチャー,
ひどい湿気なのに彼らはこんなにも輝ける。\nあまりの理不尽さに笑いがこみあげてくる。,
二元の鼓動・陽,
物理攻撃を無効化する。,
二元の鼓動・陰,
魔法攻撃を無効化する。,
？？遁？,
重ね掛けをする事で\nさらなる力を引きだし\n以下の能力が上昇する。\n・近接、射撃、魔法、補助＋１,
？？遁甲,
重ね掛けをする事で\nさらなる力を引きだし\n以下の能力が上昇する。\n・近接、射撃、魔法、補助＋１\n・最終クリティカル率＋１％,
天？遁甲,
重ね掛けをする事で\nさらなる力を引きだし\n以下の能力が上昇する。\n・近接、射撃、魔法、補助＋１\n・最終クリティカル率＋１％\n・リミットブレイク発生＋１％\n・リミットブレイク威力＋１％,
天一遁甲,
・冠名「一騎当千」「意気軒昂」に対して\n与ダメージ＋２００％\n・以下の状態変化を無効にする。\n『風雲霧』　『水煙霧』\n重ね掛けをする事で\n以下の能力が上昇する。\n・近接、射撃、魔法、補助＋１\n・最終ＣＴ率＋１％\n・ＬＢ発生＋１％\n・ＬＢ威力＋１％,
風雲霧,
移動不能になり、継続ダメージを受けるとともに\nバッドステータスにかかりやすくなる。\n射撃、貫通、散弾相性スキルの威力が減少する。,
水煙霧,
クールタイム、詠唱時間が増加するとともに\nバッドステータスにかかりやすくなる。\n斬撃、突撃、打撃相性スキルの威力が減少する。,
Debug_パトリカーム,
デバッグ用ステータス,
ショック無効,
賢者,
知力が大幅に増加するが、\n移動速度が減少し、ＭＰが徐々に減少し、\nＭＰの自然回復量が０になる。,
菩提樹の加護,
『菩提樹の実』により、コクマの塔で\n紫色の宝箱から入手できる\n『天上の花輪』の量が２倍になる。\n\n※『コクマの塔』で紫色の宝箱から『天上の花輪』を\n　入手すると効果は解除される。\n※黒い箱から入手できる『天上の花輪』には、\n　この効果は影響しない。,
煩悩退散,
全相性無効,
全ての相性を無効化する。\n所謂無敵。,
ティターニアの助力,
マーラが付与する状態変化『絶頂』を無効化する。,
ニュクスの助力,
火炎、氷結、電撃、衝撃、万能による\n与ダメージが上昇する。,
イシュタルの助力,
マーラの特殊な無敵状態を解除する。\nイシュタルが死亡した場合でも、この効果は継続する。,
ガブリエルの助力,
最終クリティカル率が上昇する。,
モー・ショボーの助力,
力、魔力、知力、体力、速さ、運が上昇する。,
デジタライズポイント取得制限（１,
テスト,
魔力の結晶獲得,
魔力の結晶獲得済み,
鞍馬山への通行手形,
鞍馬山で、１０戦中９戦が免除された\n稽古を受けることができ、その際に\n入手できる『白い紐』の数が通常の２倍になる。\n\n※『鞍馬山』で紫色の宝箱から報酬を得ると\n　効果は解除される。\n　免除されない稽古の場合はこの限りではない。,
諸魔退散,
状態変化抵抗と運が上昇する。,
ニュクスの肩入れ,
デジタライズポイントの獲得量が\n５０％上昇する。,
猛毒エリア,
継続ダメージを受けるとともに、\nＨＰ自然回復が０になる。,
審判エリア,
生か死か\n審判を待つ状態。\n被ダメージがアップする。,
アレスの気合・壱,
アレスに気合を入れられた！\n近接・射撃・魔法攻撃によるダメージが\n１０％増加する。,
アレスの気合・弐,
アレスに気合を入れられた！\n近接・射撃・魔法攻撃によるダメージが\n１０％増加する。\n通常移動速度が２０％増加する。,
アレスの気合・参,
アレスから力を受け取った！\nソウルポイント獲得量＋１０％\nベテル獲得量＋１０％\nデジタライズポイント獲得量＋５％,
アレス確認済み,
魂の高揚,
胸が高鳴っている。\n生命の力強さを感じるようだ。\n\nプレイヤーの\n全ての能力値が５分間\n以下のように上昇する。\n\n・力・魔力・体力・知力・速さ・運＋３０,
死亡チェック状態変化,
逆五芒星の封印Ⅰ,
自分自身とパートナーの\n力の一部が封印されてしまった。,
逆五芒星の封印Ⅱ,
逆五芒星の封印Ⅲ,
ヤギガミの応援,
力、魔力、体力、知力、速さ、運が上昇する。,
ヤギガミ報酬付与制限,
Debug_状態変化付与率アップ,
デバッグ用ステータス。\n状態変化付与確率+100%。,
永続無効・火炎相性,
火炎相性の攻撃を無効化する。,
永続無効・氷結相性,
氷結相性の攻撃を無効化する。,
永続無効・電撃相性,
電撃相性の攻撃を無効化する。,
永続無効・衝撃相性,
衝撃相性の攻撃を無効化する。,
永続無効・近接系相性,
斬撃・突撃・打撃相性の攻撃を無効化する。,
永続無効・射撃系相性,
射撃・貫通・散弾相性の攻撃を無効化する。,
永続無効・破魔呪殺相性,
破魔・呪殺相性の攻撃を無効化する。,
永続無効・魔神精相性,
魔力・神経・精神相性の攻撃を無効化する。,
永続無効・他相性,
万能・補助・自爆・特殊・言霊相性の\n攻撃を無効化する。,
神霊の罰,
最大ＨＰが大幅に減少する。,
スティグマ,
状態変化『神霊の罰』を打ち消すことができる。\nまた、カテドラル内『顕現の間』に出現する黒き箱から\n『ザイオタイト結晶』が入手できるようになる。\n\n※『顕現の間』で黒き箱から『ザイオタイト結晶』を\n　入手すると効果は解除される。,
デイズ,
戦慄き、眩惑を見ている状態。\n万能相性スキルの与ダメージ量が減少し、\n移動速度が低下する。,
プレイズ,
『メギドラオン』、『マハンマオン』、\n『マハムドオン』の威力が＋１００％になる。,
ジール,
『マハラギダイン』、『マハブフダイン』、\n『マハジオダイン』、『マハザンダイン』の\n攻撃で敵がノックバックしなくなる。,
ワーシップ,
全てのスキルのＨＰ・ＭＰコストが\n－１００％になる。,
剿滅の章,
攻撃が１回だけ必ずクリティカルになり、\n同時に発動するスキルの詠唱時間を、\n１回だけ１００％短縮する。\n\n但し、詠唱時間増減の効果を受けないスキルには\n効果が無い。,
鼓吹の章（クールタイム）,
『マハラギダイン』、『マハブフダイン』、\n『マハジオダイン』、『マハザンダイン』の\nクールタイムが－９５％になる。,
鼓吹の章（装填数）,
『マハラギダイン』、『マハブフダイン』、\n『マハジオダイン』、『マハザンダイン』の\n装填数が＋３になる。,
掩護の章,
火炎、氷結、電撃、衝撃相性スキルを\n吸収する。,
撃摧の章,
リミットブレイクの\nダメージ上限突破＋１００００になる。,
虹の弓,
『雷の矢』の威力が＋９９９％になる。,
暴食１,
サタン戦_アバドンのバフ効果１,
暴食２,
サタン戦_アバドンのバフ効果２,
暴食３,
サタン戦_アバドンのバフ効果３,
暴食４,
サタン戦_アバドンのバフ効果４,
暴食５,
サタン戦_アバドンのバフ効果５,
暴食６,
サタン戦_アバドンのバフ効果６,
暴食７,
サタン戦_アバドンのバフ効果７,
炎上状態,
聖なる炎により追加ダメージと\n被近接・射撃・攻撃魔法の\nダメージ量が増加する。,
色即是空,
現世に存在する\nありとあらゆる事物や現象が、\n体の自由を奪う。,
力の簒奪,
強烈な呪いをかけられた状態。\n与近接・射撃・攻撃魔法の\nダメージ量が減少し、\n敵悪魔から受ける\n近接・射撃・魔法攻撃の\nダメージが増加する。,
マイナスオーラ,
正の力を寄せ付けない、強い負の力が体の自由を奪う。,
ザイオタイトアクティビティ,
体内のザイオタイトが活性化し、\n最大ＨＰが上昇し、\n近接・射撃・魔法攻撃による\nダメージが増える。,
ガボアットペイン,
裁きの炎獄による傷が治らない状態。\n火炎による追加ダメージが発生し、\n一時的に行動不能となる。\nさらに、\n火炎相性スキルの被ダメージ量が増加し、\n必殺抑止が大幅に減少する。,
ブリザトンペイン,
裁きの霧氷による傷が治らない状態。\n氷結による追加ダメージが発生し、\n一時的に行動不能となる。\nさらに、\n氷結相性スキルの被ダメージ量が増加し、\n必殺抑止が大幅に減少する。,
カンデオンペイン,
裁きの雷による傷が治らない状態。\n電撃による追加ダメージが発生し、\n一時的に行動不能となる。\nさらに、\n電撃相性スキルの被ダメージ量が増加し、\n必殺抑止が大幅に減少する。,
サイクロンペイン,
裁きの真空による傷が治らない状態。\n衝撃による追加ダメージが発生し、\n一時的に行動不能となる。\nさらに、\n衝撃相性スキルの被ダメージ量が増加し、\n必殺抑止が大幅に減少する。,
最果ての誰そ彼,
空虚な裁きによる傷が治らない状態。\n万能による追加ダメージが発生し、\n一時的に行動不能となる。\nさらに、\n万能相性スキルの被ダメージ量が増加し、\n必殺抑止が大幅に減少する。,
死の宣告,
死の宣告を受けた状態。\n最大ＨＰが大きく減少する。,
汝の衣は無力なり,
敵からの近接・射撃・魔法攻撃による\nダメージを増加させる。,
与ダメージアップ,
敵専用。\n与えるダメージが上昇する。,
被ダメージ大幅減,
敵専用。\n受けるダメージが減少する。,
テクニカルアタックブースト,
敵専用。\nテクニカルアタックの発生と威力が\n上昇する。,
絶対クリティカル,
敵専用。\nクリティカルが必ず発生する。,
状態変化無効,
敵専用。\nバッドステータスを無効化する。,
被物理ダメージ大幅減,
敵専用。\n受ける物理ダメージを減少させる。,
被魔法ダメージ大幅減,
敵専用。\n受ける魔法ダメージを減少させる。,
物理防御力低下,
魔法防御力低下,
必殺抑止低下,
必殺抑止が減少する。,
移動不可,
スケープゴート,
汝の魂を捧げれば、他の者の魂を救おう。,
アズラと戦った,
セツと戦った,
クロエと戦った,
トートのおまじない,
３０分間、黄金の光から入手できる\n『古書の切れ端』の数が通常の１．５倍になる。,
地下遺構探索サポーター,
・与近接、射撃、攻撃魔法ダメージ＋１５％　　\n・アタックの威力＋１５％\n・ラッシュの威力＋１５％\n・スピンの威力＋１５％\n・ショットの威力＋１５％\n　※破壊魔法を含む\n・ラピッドの威力＋１５％,
駐屯地探索サポーター,
・被近接、射撃、攻撃魔法ダメージ－１０％　　\n・必殺発生＋１００\n・リミットブレイク発生＋１５％\n・リミットブレイク威力＋３０％,
坑道探索サポーター,
・与近接、射撃、攻撃魔法ダメージ＋１５％\n・火炎、氷結、電撃、衝撃相性スキルの威力＋５０％\n・火炎、氷結、電撃、衝撃相性スキルの装填数＋１,
近接攻撃力、射撃攻撃力、\n魔法効果量が２０上昇し、\nスサノオに対して、\n近接、射撃、魔法ダメージが５０％、\nアマテラスに対して、\n近接、射撃、魔法ダメージが１００％\n上昇する。,
近接攻撃力、射撃攻撃力、\n魔法効果量が２０上昇し、\nベテルの獲得量が５０％上昇し、\n攻撃時に万能相性の魔斥瘴を無視できる。,
暗黒神への信仰心,
『暗黒神への信仰心』により\n『地底の太陽』を\n２倍もらう事ができる。,
ニグレド,
継続ダメージを受けるとともに、\nＨＰ自然回復が０になる。\n回復相性スキルの使用時、威力が８０％減少する。,
黒化,
継続ダメージを受けるとともに、\nＨＰ自然回復が０になる。\n火炎、氷結、電撃、衝撃相性のスキル使用時、\n威力が５０％減少する。,
短命の誓約,
オオヤマツミによる誓約で、\n本来の力が出せない。\n\n・近接攻撃力、射撃攻撃力、魔法効果量、補助効果量、\n　物理防御力、魔法防御力－７５％,
アメノウズメの加護,
クシナダヒメの加護,
オオナムチの加護,
九曜の護符,
真・女神転生ＩＭＡＧＩＮＥイベント\n『将門顕現』用状態変化。,
行動不能,
何もできません,
ＣＬＯＳＥ,
特技・魔法が使用できなくなる。,
アビスな絶頂,
永久スーパーアーマー,
被攻撃によるノックバックを防止する。,
ザイオタイト受領印,
『時空の割れ目』よりザイオタイトを受領した印。\nこの印がある間は再度『時空の割れ目』より、\nザイオタイトを受け取ることができない。,
相性解放の術（火炎）,
カテドラル内『顕現の間』にて、\n火炎相性を解放する術。\n\n※『顕現の間』で相性を\n　解放すると効果は解除される。,
相性解放の術（氷結）,
カテドラル内『顕現の間』にて、\n氷結相性を解放する術。\n\n※『顕現の間』で相性を\n　解放すると効果は解除される。,
相性解放の術（電撃）,
カテドラル内『顕現の間』にて、\n電撃相性を解放する術。\n\n※『顕現の間』で相性を\n　解放すると効果は解除される。,
相性解放の術（衝撃）,
カテドラル内『顕現の間』にて、\n衝撃相性を解放する術。\n\n※『顕現の間』で相性を\n　解放すると効果は解除される。,
相性解放の術（近接）,
カテドラル内『顕現の間』にて、\n斬撃・突撃・打撃相性を解放する術。\n\n※『顕現の間』で相性を\n　解放すると効果は解除される。,
相性解放の術（銃撃）,
カテドラル内『顕現の間』にて、\n射撃・貫通・散弾相性を解放する術。\n\n※『顕現の間』で相性を\n　解放すると効果は解除される。,
相性解放の術（破魔・呪殺）,
カテドラル内『顕現の間』にて、\n破魔・呪殺相性を解放する術。\n\n※『顕現の間』で相性を\n　解放すると効果は解除される。,
相性解放の術（魔力・神経・精神）,
カテドラル内『顕現の間』にて、\n魔力・神経・精神相性を解放する術。\n\n※『顕現の間』で相性を\n　解放すると効果は解除される。,
ノジーとの免罪符交換制限用,
ヒトミとの免罪符交換制限用,
クリティカル発生１００％,
３０秒間、１回だけ\n必ずクリティカルが発生する。,
リミットブレイク発生１００％,
３０秒間、１回だけ\n必ずリミットブレイクが発生する。,
ＬＢダメージ上限解放＋５０００,
３０秒間、１回だけ\nリミットブレイクダメージ上限が\n５０００上昇する。,
アヤ用20時間制限時間,
サキュバス用20時間制限時間,
SP付与禁止,
スライム確保！,
スライムの脱走を食い止めた証\n\n１０分以内に\n『ヴァーチャルビーチ・南国』\nにいる『ＤＢアン』のところへ\n報酬を受け取りに行こう！,
コロナカノン一時使用可,
コロナカノンを一時使用可能,
マハンマオン一時使用可,
マハンマオンを一時使用可能,
アビスタワー進入可能,
異界新宿バベルに存在する\nアビスタワーのエレベーターを\n利用する事ができる。,
砂地獄,
流砂に足を取られて\n動けない状態。,
地神の紙垂守り,
２時間、スキル使用時の\nＨＰ・ＭＰのコストが軽減する。\n状態変化『アスタロトの羽』を無力化する。,
審判,
死の舞踏への誘い,
ＤＢセンコのＣＯＭＰへアクセスできる。\nこの場合、ある魔人が確実に出現する。\n\n※当該ダンジョンにて、紫色の宝箱から\n　報酬を得ると効果は解除される。\n　『Ｈａｃｋチップ－カッパ』を消費して\n　入場した場合はこの限りではない。,
黒死病,
ＨＰ及びＭＰに継続ダメージを受けるとともに、\nＨＰ自然回復及びＭＰ自然回復が０になる。,
活性化する意志の輝き,
１０秒間、発動するスキルの詠唱時間を、\n１回だけ１００％短縮する。\n\n但し、詠唱時間増減の効果を受けないスキルには\n効果が無い。,
全相性耐性,
全ての相性耐性が上昇する。,
時限式全相性無効,
全ての相性を無効化する。所謂無敵。\nその内解除される。,
被ダメージ増幅,
自身と仲魔の、\n被近接、射撃、\n攻撃魔法、補助魔法\nダメージが５０％増加する。,
クールタイム・詠唱延長,
自身と仲魔の、\n全てのスキルのクールタイム、\n詠唱時間が２００％増加する。,
物理ダメージ抑制,
自身と仲魔の、\n与近接、射撃ダメージが\n２００％減少する。,
魔法ダメージ抑制,
自身と仲魔の、\n与攻撃魔法、補助魔法\nダメージが２００％減少する。,
特技抑制,
自身と仲魔が、\n特技種別のスキルを\n使用できなくなる。,
魔法抑制,
自身と仲魔が、\n魔法種別のスキルを\n使用できなくなる。,
超越,
ハードカメオ・ピクシー,
悪魔に変装する。\n対話、威圧、挑発の成功率＋１０％,
ハードカメオ・ハイピクシー,
悪魔に変装する。\n大種族・魔族からのダメージ－１０％,
ハードカメオ・カハク,
悪魔に変装する。\n大種族・鬼族からのダメージ－１０％,
ハードカメオ・アリス,
悪魔に変装する。\n獲得経験値＋１００％,
ハードカメオ・スライム,
悪魔に変装する。\n獲得エキスパート＋１００％,
ハードカメオ・モウリョウ,
悪魔に変装する。\n自爆耐性＋５０,
ハードカメオ・ラフィン・スカル,
悪魔に変装する。\n呪殺耐性＋５０　破魔耐性－５０,
ハードカメオ・ポルターガイスト,
悪魔に変装する。\nノックバックしやすさ＋５０％,
ハードカメオ・キウン,
悪魔に変装する。\n運＋３,
ハードカメオ・シーサー,
悪魔に変装する。\n電撃耐性＋５０　衝撃耐性－５０,
ハードカメオ・パピルサグ,
悪魔に変装する。\n射撃相性攻撃の威力＋２０％,
ハードカメオ・モスマン,
悪魔に変装する。\n忘却の付与率＋１０％,
ハードカメオ・ジャックフロスト,
悪魔に変装する。\n氷結耐性＋５０　火炎耐性－５０,
ハードカメオ・ジャックランタン,
悪魔に変装する。\n火炎耐性＋５０　氷結耐性－５０,
ハードカメオ・ケットシー,
悪魔に変装する。\nＬｖ＊０．２％で斬撃無効,
ハードカメオ・ガルム,
悪魔に変装する。\nアタックの威力＋２０％,
ハードカメオ・カイチ,
悪魔に変装する。\n睡眠無効,
ハードカメオ・スルト,
悪魔に変装する。\nＬｖ＊０．２％で火炎無効,
ハードカメオ・ノズチ,
悪魔に変装する。\n大種族・龍族からのダメージ－１０％,
ハードカメオ・アンドラス,
悪魔に変装する。\n魔力＋１０,
ハードカメオ・モト,
悪魔に変装する。\n攻撃魔法ダメージ係数＋２０％,
ノーマルカメオ・ピクシー,
ノーマルカメオ・ハイピクシー,
ノーマルカメオ・カハク,
ノーマルカメオ・アリス,
ノーマルカメオ・スライム,
ノーマルカメオ・モウリョウ,
ノーマルカメオ・ラフィン・スカル,
ノーマルカメオ・ポルターガイスト,
ノーマルカメオ・キウン,
ノーマルカメオ・シーサー,
ノーマルカメオ・パピルサグ,
ノーマルカメオ・モスマン,
ノーマルカメオ・ジャックフロスト,
ノーマルカメオ・ジャックランタン,
ノーマルカメオ・ケットシー,
ノーマルカメオ・ガルム,
ノーマルカメオ・カイチ,
ノーマルカメオ・スルト,
ノーマルカメオ・ノズチ,
ノーマルカメオ・アンドラス,
ノーマルカメオ・モト,
ノーマルカメオ・ギュウキ,
ハードカメオ・ギュウキ,
物理防御がアップする。\n与近接、射撃ダメージ＋５％,
ノーマルカメオ・ナンディ,
ハードカメオ・ナンディ,
魔法防御がアップする。\n与攻撃魔法ダメージ＋５％\n回復相性の効果＋５％,
ノーマルカメオ・シヴァ,
ノーマルカメオ・ヴィシュヌ,
トランス,
ＬＢ発生確率が２０％増加\n必殺発生が１００増加\n近接・射撃・魔法効果量が２０増加\nスキル『妬みの暴圧』の威力＋１００％\nスキル『妬みの暴圧』の\nクールタイム－５０％,
ノーマルカメオ・人修羅,
ノーマルカメオ・聖夜,
スペシャルカメオ・パラレル,
スペシャルカメオ・エピソード,
スペシャルカメオ・パンクス,
スペシャルカメオ・果物,
悪魔に変装する。\n\nスイカ、異形のスイカ、\n悪夢のスイカ、\nＢＯＮＵＳスイカに対して\n近接ダメージ＋１０００％\nクリティカルが発生しやすくなる,
逆転チャンス,
いまだ逆転！\n近接、射撃、攻撃魔法で与えるダメージが\nアップしている！！,
劣勢ピンチ【忘却】,
まずい！\n近接、射撃、攻撃魔法で受けるダメージが\nアップしている！\nしかも、忘却状態！！,
劣勢ピンチ【猛毒】,
まずい！\n近接、射撃、攻撃魔法で受けるダメージが\nアップしている！\nしかも、猛毒状態！！,
劣勢ピンチ【石化】,
まずい！\n近接、射撃、攻撃魔法で受けるダメージが\nアップしている！\nしかも、石化状態！！,
エレメントチャンス【火炎】,
武器相性が火炎に変化！\nさらに火炎耐性アップ！\nしかし、氷結耐性がダウン！,
エレメントチャンス【氷結】,
武器相性が氷結に変化！\nさらに氷結耐性アップ！\nしかし、火炎耐性がダウン！,
エレメントチャンス【電撃】,
武器相性が電撃に変化！\nさらに電撃耐性アップ！\nしかし、衝撃耐性がダウン！,
エレメントチャンス【衝撃】,
武器相性が衝撃に変化！\nさらに衝撃耐性アップ！\nしかし、電撃耐性がダウン！,
デビルチャンス,
姿が悪魔になってしまった！,
ステルスチャンス,
透明状態になってしまった！\n※この状態中はスキル使用不可,
アンチヒート,
火炎耐性がアップし、氷結耐性がダウン。,
アンチコールド,
氷結耐性がアップし、火炎耐性がダウン。,
アンチエレキ,
電撃耐性がアップし、衝撃耐性がダウン。,
アンチソニック,
衝撃耐性がアップし、電撃耐性がダウン。,
アンチインパクト,
斬撃、打撃、突撃耐性がアップ。,
アンチシュート,
射撃、貫通、散弾耐性がアップ。,
ヒートレジスト,
火炎耐性がアップする。,
コールドレジスト,
氷結耐性がアップする。,
エレキレジスト,
電撃耐性がアップする。,
ソニックレジスト,
衝撃耐性がアップする。,
最大ＨＰ▲1,
デバッグ用１,
最大ＨＰ▲2,
デバッグ用2,
最大ＨＰ▲3,
デバッグ用3,
最大ＨＰ▲4,
デバッグ用4,
最大ＨＰ▲5,
デバッグ用5,
最大ＨＰ▲6,
デバッグ用6,
最大ＨＰ▲7,
デバッグ用7,
最大ＨＰ▲8,
デバッグ用8,
最大ＨＰ▲9,
デバッグ用9,
最大ＨＰ▲10,
デバッグ用10,
最大ＨＰ▲11,
デバッグ用11,
最大ＨＰ▲12,
デバッグ用12,
最大ＨＰ▲13,
デバッグ用13,
最大ＨＰ▲14,
デバッグ用14,
最大ＨＰ▲15,
デバッグ用15,
最大ＨＰ▲16,
デバッグ用16,
最大ＨＰ▲17,
デバッグ用17,
最大ＨＰ▲18,
デバッグ用18,
最大ＨＰ▲19,
デバッグ用19,
最大ＨＰ▲20,
デバッグ用20,
最大ＨＰ▲21,
デバッグ用21,
最大ＨＰ▲22,
デバッグ用22,
最大ＨＰ▲23,
デバッグ用23,
最大ＨＰ▲24,
デバッグ用24,
最大ＨＰ▲25,
デバッグ用25,
最大ＨＰ▲26,
デバッグ用26,
最大ＨＰ▲27,
デバッグ用27,
最大ＨＰ▲28,
デバッグ用28,
最大ＨＰ▲29,
デバッグ用29,
最大ＨＰ▲30,
デバッグ用30,
最大ＨＰ▲31,
デバッグ用31,
最大ＨＰ▲32,
デバッグ用32,
最大ＨＰ▲33,
デバッグ用33,
最大ＨＰ▲34,
デバッグ用34,
最大ＨＰ▲35,
デバッグ用35,
最大ＨＰ▲36,
デバッグ用36,
最大ＨＰ▲37,
デバッグ用37,
最大ＨＰ▲38,
デバッグ用38,
最大ＨＰ▲39,
デバッグ用39,
最大ＨＰ▲40,
デバッグ用40,
最大ＨＰ▲41,
デバッグ用41,
最大ＨＰ▲42,
デバッグ用42,
最大ＨＰ▲43,
デバッグ用43,
最大ＨＰ▲44,
デバッグ用44,
最大ＨＰ▲45,
デバッグ用45,
最大ＨＰ▲46,
デバッグ用46,
最大ＨＰ▲47,
デバッグ用47,
最大ＨＰ▲48,
デバッグ用48,
最大ＨＰ▲49,
デバッグ用49,
最大ＨＰ▲50,
デバッグ用50,
最大ＨＰ▲51,
デバッグ用51,
最大ＨＰ▲52,
デバッグ用52,
最大ＨＰ▲53,
デバッグ用53,
最大ＨＰ▲54,
デバッグ用54,
最大ＨＰ▲55,
デバッグ用55,
最大ＨＰ▲56,
デバッグ用56,
最大ＨＰ▲57,
デバッグ用57,
最大ＨＰ▲58,
デバッグ用58,
最大ＨＰ▲59,
デバッグ用59,
最大ＨＰ▲60,
デバッグ用60,
最大ＨＰ▲61,
デバッグ用61,
最大ＨＰ▲62,
デバッグ用62,
最大ＨＰ▲63,
デバッグ用63,
最大ＨＰ▲64,
デバッグ用64,
最大ＨＰ▲65,
デバッグ用65,
最大ＨＰ▲66,
デバッグ用66,
最大ＨＰ▲67,
デバッグ用67,
最大ＨＰ▲68,
デバッグ用68,
最大ＨＰ▲69,
デバッグ用69,
最大ＨＰ▲70,
デバッグ用70,
最大ＨＰ▲71,
デバッグ用71,
最大ＨＰ▲72,
デバッグ用72,
最大ＨＰ▲73,
デバッグ用73,
最大ＨＰ▲74,
デバッグ用74,
最大ＨＰ▲75,
デバッグ用75,
最大ＨＰ▲76,
デバッグ用76,
最大ＨＰ▲77,
デバッグ用77,
最大ＨＰ▲78,
デバッグ用78,
最大ＨＰ▲79,
デバッグ用79,
最大ＨＰ▲80,
デバッグ用80,
最大ＨＰ▲81,
デバッグ用81,
最大ＨＰ▲82,
デバッグ用82,
最大ＨＰ▲83,
デバッグ用83,
最大ＨＰ▲84,
デバッグ用84,
最大ＨＰ▲85,
デバッグ用85,
最大ＨＰ▲86,
デバッグ用86,
最大ＨＰ▲87,
デバッグ用87,
最大ＨＰ▲88,
デバッグ用88,
最大ＨＰ▲89,
デバッグ用89,
最大ＨＰ▲90,
デバッグ用90,
最大ＨＰ▲91,
デバッグ用91,
最大ＨＰ▲92,
デバッグ用92,
最大ＨＰ▲93,
デバッグ用93,
最大ＨＰ▲94,
デバッグ用94,
最大ＨＰ▲95,
デバッグ用95,
最大ＨＰ▲96,
デバッグ用96,
最大ＨＰ▲97,
デバッグ用97,
最大ＨＰ▲98,
デバッグ用98,
最大ＨＰ▲99,
デバッグ用99,
最大ＨＰ▲100,
デバッグ用100,
最大ＨＰ▲101,
デバッグ用101,
最大ＨＰ▲102,
デバッグ用102,
最大ＨＰ▲103,
デバッグ用103,
最大ＨＰ▲104,
デバッグ用104,
最大ＨＰ▲105,
デバッグ用105,
最大ＨＰ▲106,
デバッグ用106,
最大ＨＰ▲107,
デバッグ用107,
最大ＨＰ▲108,
デバッグ用108,
最大ＨＰ▲109,
デバッグ用109,
最大ＨＰ▲110,
デバッグ用110,
最大ＨＰ▲111,
デバッグ用111,
最大ＨＰ▲112,
デバッグ用112,
最大ＨＰ▲113,
デバッグ用113,
最大ＨＰ▲114,
デバッグ用114,
最大ＨＰ▲115,
デバッグ用115,
最大ＨＰ▲116,
デバッグ用116,
最大ＨＰ▲117,
デバッグ用117,
最大ＨＰ▲118,
デバッグ用118,
最大ＨＰ▲119,
デバッグ用119,
最大ＨＰ▲120,
デバッグ用120,
最大ＨＰ▲121,
デバッグ用121,
最大ＨＰ▲122,
デバッグ用122,
最大ＨＰ▲123,
デバッグ用123,
最大ＨＰ▲124,
デバッグ用124,
最大ＨＰ▲125,
デバッグ用125,
最大ＨＰ▲126,
デバッグ用126,
最大ＨＰ▲127,
デバッグ用127,
最大ＨＰ▲128,
デバッグ用128,
最大ＨＰ▲129,
デバッグ用129,
最大ＨＰ▲130,
デバッグ用130,
猛毒（デバッグ１）,
猛毒（デバッグ2）,
猛毒（デバッグ3）,
移動速度▲（ログアウト時解除）,
移動速度▲（解除なし）,
移動速度▲▲（解除なし）,
移動速度▲▲（ログアウト時解除）,
詠唱時間延長EX（デバッグ）,
Debug_経験値▲ＥＸ,
セトバリア,
