男/ハートキャンドルネックレス,
女/ハートキャンドルネックレス,
男/白/ブレスド衣装セット,
女/白/ブレスド衣装セット,
男/黒/ブレスド衣装セット,
女/桃/ブレスド衣装セット,
男/学生衣装・黒セット,
女/学生衣装・黒セット,
男/学生衣装・白セット,
女/学生衣装・白セット,
男/軽子坂高校制服セット,
女/軽子坂高校制服セット,
男/耐魔/ポータブルヘッドフォン,
女/耐魔/スイートカチューシャ,
男/猛炎/雷帝の小手,
女/猛炎/雷帝の小手,
男/静氷/雷帝の小手,
女/静氷/雷帝の小手,
男/流魔/Ｒ．Ｈ．グローブ,
女/流魔/Ｒ．Ｈ．グローブ,
男/警護衣装セット,
女/警護衣装セット,
旋撃/ハラキリセイバー,
旋撃/プラズマソード,
旋撃/ロンギヌス,
瞬弾/五番霊弾,
瞬弾/プラズマライフル,
瞬弾/センチネル,
湧魔/練気の剣,
湧魔/ソニックブレード,
湧魔/マグマの槍,
男/舞踏衣装セット,
女/舞踏衣装セット,
Ｓ－ウェポンセット,
男/セブンスセット,
女/セブンスセット,
男/カオスコートセット,
女/カオスコートセット,
男/キョウジ衣装セット,
女/レイホゥ衣装セット,
女/メイド衣装セット,
男/セタンタ衣装セット,
女/ネコマタ衣装セット,
男/聖エルミンセット,
女/聖エルミンセット,
男/ハロウィン衣装セット２００７,
女/ハロウィン衣装セット２００７,
男/エージェント衣装セット,
女/女医衣装セット,
男/白/聖夜衣装セット,
女/白/聖夜衣装セット,
男/赤/聖夜衣装セット,
女/桃/聖夜衣装セット,
男/黒/聖夜衣装セット,
女/黒/聖夜衣装セット,
男/デビルサマナー衣装セット,
男/袴田さん衣装セット,
女/ネミッサ衣装セット,
男/鏡餅/お正月衣装セット,
女/鏡餅/お正月衣装セット,
男/門松/お正月衣装セット,
女/門松/お正月衣装セット,
女/聖エルミンⅡセット,
男/赤/耽美衣装セット,
女/赤/耽美衣装セット,
男/黒/耽美衣装セット,
女/黒/耽美衣装セット,
男/紫/耽美衣装セット,
女/紫/耽美衣装セット,
男/クー・フーリンセット,
女/ティターニアセット,
男/紅華/ライダー衣装セット,
女/紅華/ライダー衣装セット,
男/白羽/ライダー衣装セット,
女/白羽/ライダー衣装セット,
男/蒼焔/ライダー衣装セット,
女/蒼焔/ライダー衣装セット,
男/暁/桜花衣装セット,
女/暁/桜花衣装セット,
男/宵/桜花衣装セット,
女/宵/桜花衣装セット,
男/赤/鳳衣衣装セット,
女/赤/鳳衣衣装セット,
男/黒/鳳衣衣装セット,
女/黒/鳳衣衣装セット,
男/青/鳳衣衣装セット,
女/白/鳳衣衣装セット,
男/仙/鳳衣衣装セット,
女/仙/鳳衣衣装セット,
男/小悪魔Ｔシャツ,
女/小悪魔Ｔシャツ,
男/治癒/ストライプスラックス,
女/治癒/デニムミニ,
男/耐炎/ストライプスラックス,
女/耐炎/デニムミニ,
男/耐氷/ストライプスラックス,
女/耐氷/デニムミニ,
男/援魔/セルベンテ,
女/援魔/美脚ロングブーツ,
男/護魔/セルベンテ,
女/護魔/美脚ロングブーツ,
重撃/ソニックブレード,
重撃/クレイモア,
重撃/バイタルランス,
男/白/アニバーサリーＴシャツ,
男/黒/アニバーサリーＴシャツ,
男/黄/アニバーサリーＴシャツ,
男/赤/アニバーサリーＴシャツ,
男/青/アニバーサリーＴシャツ,
女/白/アニバーサリーＴシャツ,
女/黒/アニバーサリーＴシャツ,
女/黄/アニバーサリーＴシャツ,
女/桃/アニバーサリーＴシャツ,
女/青/アニバーサリーＴシャツ,
男/武将装束セット,
女/武将装束セット,
男/黒/スネークマンＴシャツ,
男/赤/スネークマンＴシャツ,
女/黒/スネークマンＴシャツ,
女/青/スネークマンＴシャツ,
メロン（絆）＆盃（５倍）×５０,
メロン（絆）＆月影鏡（望）×５０,
キクリヒメ/レディピアス,
クシナダヒメ/レディピアス,
アルテミス/レディピアス,
パールヴァティ/レディピアス,
カーリー/レディピアス,
スカディ/レディピアス,
男/スネークマンＴシャツ,
女/スネークマンＴシャツ,
男/波/南国衣装セット,
女/波/南国衣装セット,
男/風/南国衣装セット,
女/風/南国衣装セット,
男/月/南国衣装セット,
女/月/南国衣装セット,
女/ラブ・ビキニセット,
女/アクア・ビキニセット,
男/夜光蝶/浴衣セット,
女/夜光蝶/浴衣セット,
男/氷結/舞踊衣装セット,
女/氷結/舞踊衣装セット,
男/電撃/舞踊衣装セット,
女/電撃/舞踊衣装セット,
男/火炎/舞踊衣装セット,
女/火炎/舞踊衣装セット,
男/衝撃/舞踊衣装セット,
女/衝撃/舞踊衣装セット,
男/魔力/舞踊衣装セット,
女/魔力/舞踊衣装セット,
男/紺/浴衣セット,
女/女郎花/浴衣セット,
男/白橡/浴衣セット,
女/紺桔梗/浴衣セット,
男/紅樺/浴衣セット,
女/真朱/浴衣セット,
男/緑青/浴衣セット,
女/蘇芳/浴衣セット,
男/蘇比/浴衣セット,
女/紅緋/浴衣セット,
男/柳煤竹/浴衣セット,
女/桜/浴衣セット,
男/墨染/浴衣セット,
女/夜桜/浴衣セット,
男/珊瑚/浴衣セット,
女/瑠璃/浴衣セット,
男/竜胆/浴衣セット,
女/菜の花/浴衣セット,
男/瑠璃紺/浴衣セット,
女/鴇/浴衣セット,
男/白練/浴衣セット,
女/宵/浴衣セット,
男/紅柄/浴衣セット,
女/群青/浴衣セット,
男/藍墨/浴衣セット,
女/甚三紅/浴衣セット,
男/Ｇ/ケットシーのお面,
女/Ｇ/ケットシーのお面,
男/Ｇ/オンモラキのお面,
女/Ｇ/オンモラキのお面,
男/Ｇ/ジャックランタンのお面,
女/Ｇ/ジャックランタンのお面,
男/ケットシーのお面,
女/ケットシーのお面,
男/ジャックランタンのお面,
女/ジャックランタンのお面,
男/青/メディカル衣装セット,
女/桃/メディカル衣装セット,
男/黒/メディカル衣装セット,
女/黒/メディカル衣装セット,
男/天使衣装・蒼セット,
女/天使衣装・蒼セット,
男/天使衣装・紅セット,
女/天使衣装・紅セット,
男/天使衣装・翠セット,
女/天使衣装・翠セット,
男/赤/退魔衣装セット,
女/赤/退魔衣装セット,
男/白/退魔衣装セット,
女/黒/退魔衣装セット,
男/青/退魔衣装セット,
女/青/退魔衣装セット,
力（小）＆堅守の香引換券,
速さ（小）＆堅守の香引換券,
魔力（小）＆堅守の香引換券,
デビルバスター応援キット引換券,
男/ハロウィン衣装セット２００８,
女/ハロウィン衣装セット２００８,
５００００マッカ,
男/シャドウ衣装セット,
女/シャドウ衣装セット,
妖刀・零・Ａ,
デス・Ａ,
SCATTER-SG・Ａ,
雷牙の斧・Ａ,
断罪・Ａ,
男/学生衣装Ⅱ・黒セット,
男/学生衣装Ⅱ・白セット,
女/学生衣装Ⅱ・黒セット,
女/学生衣装Ⅱ・白セット,
ＤＢサバイブキット・ビギナー,
ＤＢサバイブキット・ライセンサー,
ＤＢサバイブキット・ハイクラス,
アイテム倉庫券（３０日譲渡不可）,
悪魔倉庫券（３０日譲渡不可）,
女/エルフセット,
男/エンジェルウィング,
女/エンジェルウィング,
男/エンジェルウィングミニ,
女/エンジェルウィングミニ,
男/ブラックウィング,
女/ブラックウィング,
男/サキュバスウイング・ミニ,
女/サキュバスウイング・ミニ,
男/サンタなりきりセット,
女/サンタなりきりセット,
全書メモリ/パワー,
全書メモリ/トロール,
全書メモリ/コッパテング,
全書メモリ/ハーピー,
全書メモリ/モムノフ,
勝利のルーンストーン,
秘密のルーンストーン,
変化のルーンストーン,
守りのルーンストーン,
勇気のルーンストーン,
破壊のルーンストーン,
移送のルーンストーン,
知識のルーンストーン,
忍耐のルーンストーン,
豊穣のルーンストーン,
男/暗黒戦士衣装セット,
女/暗黒戦士衣装セット,
男/警護衣装・白データチケット,
女/警護衣装・白データチケット,
男/武将装束・紺データチケット,
女/武将装束・赤データチケット,
男/舞踏衣装・白／黒セット,
女/舞踏衣装・白／黒セット,
男/天使衣装・黒セット,
女/天使衣装・黒セット,
男/天使衣装・白セット,
女/天使衣装・白セット,
男/ブラックサンタなりきりセット,
女/ブラックサンタなりきりセット,
女/ホワイトサンタなりきりセット,
パラメーターリセットアイテム,
男/東京サバイバルキット入門編,
女/東京サバイバルキット入門編,
教本・アタックオンリーワン×３０,
教本・光速スピナー×３０,
教本・はじめの一発×３０,
教本・ラストシューター×３０,
教本・撃つべし撃つべし×３０,
教本・一瞬の壁になれ×３０,
教本・バベルにかけろ×３０,
教本・避弾伝説ダッジ瞬平×３０,
教本・ディア・マイ・フレンズ×３０,
教本・よいこのはかいまほう×３０,
教本・オレサマオマエタルカジャリ×３０,
教本・藁人形に五寸釘×３０,
教本・はじめての大魔法×３０,
教本・ぼくらのハッピーライフ×３０,
教本・大人の召喚マナー×３０,
教本・世界武器大全×３０,
教本・そうだ、無人島行こう！×３０,
教本・今日からスナイパー×３０,
教本・砥げよマイケル×３０,
教本・ひとりでできるかな×３０,
教本・栽工の幸せをあなたに×３０,
教本・家庭で出来る外科手術×３０,
教本・食用鉱物百科×３０,
教本・できる！チャネリング×３０,
教本・魔界の紳士録×３０,
教本・無敵孔人ガイターン×３０,
教本・問答無用の交渉術×３０,
教本・契武異魔神・隊則×３０,
教本・古今野次集×３０,
男/浮舟/お正月衣装セット,
女/夕霧/お正月衣装セット,
男/澪標/お正月衣装セット,
女/紅梅/お正月衣装セット,
男/フロンティア衣装データチケット,
女/フロンティア衣装データチケット,
男/直哉衣装・データチケット,
女/天音衣装・データチケット,
ＤＯＧ衣装セット,
東京サバイバルキット応用編,
男/センチネルスーツ一式,
女/センチネルスーツ一式,
男/蜀衣装セット,
女/蜀衣装セット,
男/魏衣装セット,
女/魏衣装セット,
男/呉衣装セット,
女/呉衣装セット,
男/チョコギフト（ウール＆心）,
女/チョコギフト（ウール＆心）,
男/チョコギフト（ウール＆絆）,
女/チョコギフト（ウール＆絆）,
男/チョコギフト（ニット＆心）,
女/チョコギフト（ニット＆心）,
男/チョコギフト（ニット＆絆）,
女/チョコギフト（ニット＆絆）,
男/チョコギフト（リング＆心）,
女/チョコギフト（リング＆心）,
男/チョコギフト（リング＆絆）,
女/チョコギフト（リング＆絆）,
男/断魔衣装セット,
女/断魔衣装セット,
男/学生衣装Ⅱ・紫セット,
女/学生衣装Ⅱ・紫セット,
男/学生衣装Ⅱ・水セット,
女/学生衣装Ⅱ・水セット,
男/眼帯・白,
女/眼帯・白,
男/眼帯・水,
女/眼帯・水,
男/眼帯・桃,
女/眼帯・桃,
男/対花粉セット,
女/対花粉セット,
男/シャドウ衣装・湧力セット,
女/シャドウ衣装・湧力セット,
男/シャドウ衣装・神速セット,
女/シャドウ衣装・神速セット,
男/シャドウ衣装・鼓舞セット,
女/シャドウ衣装・鼓舞セット,
男/シャドウ衣装・鉄壁セット,
女/シャドウ衣装・鉄壁セット,
男/警護衣装（白）・湧力セット,
女/警護衣装（白）・湧力セット,
男/警護衣装（白）・神速セット,
女/警護衣装（白）・神速セット,
男/警護衣装（白）・鼓舞セット,
女/警護衣装（白）・鼓舞セット,
男/警護衣装（白）・鉄壁セット,
女/警護衣装（白）・鉄壁セット,
ブラッディストリング【旋撃】・赤,
ブラッディストリング【旋撃】・青,
ブラッディストリング【旋撃】・白,
ブラッディストリング【旋撃】・黒,
ブラッディストリング【湧魔】・赤,
ブラッディストリング【湧魔】・青,
ブラッディストリング【湧魔】・白,
ブラッディストリング【湧魔】・黒,
ブラッディストリング【治癒】・赤,
ブラッディストリング【治癒】・青,
ブラッディストリング【治癒】・白,
ブラッディストリング【治癒】・黒,
男/ヒドゥンスーツ【湧力】,
女/ヒドゥンスーツ【湧力】,
男/シークレットスーツ【湧力】,
女/シークレットジャケット【湧力】,
男/ヒドゥンスーツ【神速】,
女ヒドゥンスーツ【神速】,
男/シークレットスーツ【神速】,
女/シークレットジャケット【神速】,
男/ヒドゥンスーツ【鼓舞】,
女ヒドゥンスーツ【鼓舞】,
男/シークレットスーツ【鼓舞】,
女/シークレットジャケット【鼓舞】,
男/ヒドゥンスーツ【鉄壁】,
女ヒドゥンスーツ【鉄壁】,
男/シークレットスーツ【鉄壁】,
女/シークレットジャケット【鉄壁】,
男/オウルビジョン【湧力】,
女/オウルビジョン【湧力】,
男/シークレットグラス【湧力】,
男/オウルビジョン【神速】,
女/オウルビジョン【神速】,
男/シークレットグラス【神速】,
男/オウルビジョン【鼓舞】,
女/オウルビジョン【鼓舞】,
男/シークレットグラス【鼓舞】,
男/オウルビジョン【鉄壁】,
女/オウルビジョン【鉄壁】,
男/シークレットグラス【鉄壁】,
男/ヒドゥンシューズ【湧力】,
女/ヒドゥンブーツ【湧力】,
女/シークレットパンプス【湧力】,
男/ヒドゥンシューズ【神速】,
女/ヒドゥンブーツ【神速】,
女/シークレットパンプス【神速】,
男/ヒドゥンシューズ【鼓舞】,
女/ヒドゥンブーツ【鼓舞】,
女/シークレットパンプス【鼓舞】,
男/ヒドゥンシューズ【鉄壁】,
女/ヒドゥンブーツ【鉄壁】,
女/シークレットパンプス【鉄壁】,
湧力のフェイス交換タグ,
神速のフェイス交換タグ,
鼓舞のフェイス交換タグ,
鉄壁のフェイス交換タグ,
援魔のフェイス交換タグ,
護魔のフェイス交換タグ,
蝕呪のフェイス交換タグ,
縛呪のフェイス交換タグ,
環力のフェイス交換タグ,
湧力のシューズ交換タグ,
神速のシューズ交換タグ,
鼓舞のシューズ交換タグ,
鉄壁のシューズ交換タグ,
援魔のシューズ交換タグｖｏｌ２,
護魔のシューズ交換タグｖｏｌ２,
蝕呪のシューズ交換タグ,
縛呪のシューズ交換タグ,
環力のシューズ交換タグ,
男/ヒドゥンシューズ【援魔】,
女/ヒドゥンブーツ【援魔】,
女/シークレットパンプス【援魔】,
男/ヒドゥンシューズ【護魔】,
女/ヒドゥンブーツ【護魔】,
女/シークレットパンプス【護魔】,
男/ヒドゥンシューズ【蝕呪】,
女/ヒドゥンブーツ【蝕呪】,
女/シークレットパンプス【蝕呪】,
男/ヒドゥンシューズ【縛呪】,
女/ヒドゥンブーツ【縛呪】,
女/シークレットパンプス【縛呪】,
男/ヒドゥンシューズ【環力】,
女/ヒドゥンブーツ【環力】,
女/シークレットパンプス【環力】,
男/オウルビジョン【援魔】,
女/オウルビジョン【援魔】,
男/シークレットグラス【援魔】,
男/オウルビジョン【護魔】,
女/オウルビジョン【護魔】,
男/シークレットグラス【護魔】,
男/オウルビジョン【蝕呪】,
女/オウルビジョン【蝕呪】,
男/シークレットグラス【蝕呪】,
男/オウルビジョン【縛呪】,
女/オウルビジョン【縛呪】,
男/シークレットグラス【縛呪】,
男/オウルビジョン【環力】,
女/オウルビジョン【環力】,
男/シークレットグラス【環力】,
男/碧天の涙,
女/碧天の涙,
レイジファング,
タンジェリンロッド,
セイクリッドロッド,
キリングウォーカー,
男/ライダー衣装セット・紫天,
女/ライダー衣装セット・紫天,
男/耽美衣装セット・ブルー,
女/耽美衣装セット・ブルー,
男/アメトリンペンダント,
女/アメトリンペンダント,
男/シトリンペンダント,
女/シトリンペンダント,
男/スピネルペンダント,
女/スピネルペンダント,
男/ナイトメア衣装セット,
女/ナイトメア衣装セット,
男/クッキーギフト（ハート＆心）,
女/クッキーギフト（ハート＆心）,
男/クッキーギフト（ハート＆絆）,
女/クッキーギフト（ハート＆絆）,
男/クッキーギフト（クロス＆心）,
女/クッキーギフト（クロス＆心）,
男/クッキーギフト（クロス＆絆）,
女/クッキーギフト（クロス＆絆）,
絶命,
Ｈａｉｌ－Ⅰ,
粉雪,
聖エルミン引換券,
聖エルミン引換券Ⅱ,
セブンス引換券,
デビルサマナー衣装引換券,
メイド衣装引換券,
軽子坂高校制服引換券,
梔子（蝋色）♂,
薄荷（若草）♀,
梔子（葡萄茶）♂,
薄荷（本紫）♀,
梔子（留紺）♂,
薄荷（茜色）♀,
梔子（菫色）♂,
薄荷（草色）♀,
梔子（灰青）♂,
薄荷（菖蒲色）♀,
雪駄（藍墨茶）♂,
ハイ・カラーズブーツ♀・黒,
雪駄（蘇芳）♂,
ハイ・カラーズブーツ♀・茶,
雪駄（深縹）♂,
ハイ・カラーズブーツ♀・赤茶,
雪駄（松葉色）♂,
ハイ・カラーズブーツ♀・紺,
雪駄（黄枯茶）♂,
ハイ・カラーズブーツ♀・茶灰,
桜舞扇（山吹茶）,
桜舞扇（鳶色）,
桜舞扇（青藍）,
桜舞扇（草色）,
桜舞扇（菖蒲色）,
桜巾着（珊瑚朱）,
桜巾着（菫色）,
桜巾着（牡丹）,
桜巾着（白磁）,
桜巾着（金糸雀）,
桜華和装チケット詰め合わせ,
男/統治者のデータチケット,
男/意志持つ者のデータチケット,
女/神秘者のデータチケット,
女/行動者のデータチケット,
男/統治者の学生服セット,
男/意志持つ者の学生服セット,
女/神秘者の学生服セット,
女/行動者の学生服セット,
男/ＮｏｒｔｏｎロゴＴシャツ,
女/ＮｏｒｔｏｎロゴＴシャツ,
男/ノートンファイターＣＯＭＰ,
女/ノートンファイターＣＯＭＰ,
男/ＴｙｐｅＳ：ムーブ,
女/ＴｙｐｅＳ：ムーブ,
男/ＴｙｐｅＴ：ムーブ,
女/ＴｙｐｅＴ：ムーブ,
男/ＴｙｐｅＭ：ムーブ,
女/ＴｙｐｅＭ：ムーブ,
男/ＴｙｐｅＳ：ファルス,
女/ＴｙｐｅＳ：ファルス,
男/ＴｙｐｅＴ：ファルス,
女/ＴｙｐｅＴ：ファルス,
男/ＴｙｐｅＭ：ファルス,
女/ＴｙｐｅＭ：ファルス,
男/ＴｙｐｅＳ：パプテズマ,
女/ＴｙｐｅＳ：パプテズマ,
男/ＴｙｐｅＴ：パプテズマ,
女/ＴｙｐｅＴ：パプテズマ,
男/ＴｙｐｅＭ：パプテズマ,
女/ＴｙｐｅＭ：パプテズマ,
男/ＴｙｐｅＳ：ニューロ,
女/ＴｙｐｅＳ：ニューロ,
男/ＴｙｐｅＴ：ニューロ,
女/ＴｙｐｅＴ：ニューロ,
男/ＴｙｐｅＭ：ニューロ,
女/ＴｙｐｅＭ：ニューロ,
男/リトルウィング・聖,
女/リトルウィング・聖,
男/リトルウィング・魔,
女/リトルウィング・魔,
男/彷徨える者のデータチケット,
男/彷徨える者のデータチケットⅡ,
男/完結する者のデータチケット,
女/君臨する者のデータチケット,
男/彷徨える者の衣装セット,
男/彷徨える者の衣装セットⅡ,
男/完結する者の衣装セット,
女/君臨する者の衣装セット,
アーベントイヤー,
ベイビースマイル,
炎嗟,
男/テレサ,
女/テレサ,
男/シモン・ラプラスβ（新月）♂,
女/シモン・ラプラスβ（新月）♀,
男/シモン・ラプラスβ（満月）♂,
女/シモン・ラプラスβ（満月）♀,
男/秩序のマント,
女/秩序のマント,
男/均衡のマント,
女/均衡のマント,
男/混沌のマント,
女/混沌のマント,
女/ウィンディアデータチケット,
女/キャスパーデータチケット,
女/ウィンディア衣装セット,
女/キャスパー衣装セット,
凶風,
バーストへイズ,
流翔,
男/ドミニオンの翼（サンプル）,
女/ドミニオンの翼（サンプル）,
男/サージェントスーツセット,
女/サージェントスーツセット,
男/インスペクタースーツセット,
女/インスペクタースーツセット,
生産お助けセット,
男/ライディングスーツセット,
女/ライディングスーツセット,
男/紳士の羽付き帽子,
女/淑女の羽付き帽子,
経験の香（小）×３,
男/プラチナピアス,
女/プラチナピアス,
男/スコアスカル,
女/スコアスカル,
男/スコアハートクロス,
女/スコアハートクロス,
男/スコアクラウン,
女/スコアクラウン,
サーヴァント・ホゥ,
サーヴァント・キキ,
男/カースドリフレクター,
女/カースドリフレクター,
男/スキアーパラディオン,
女/スキアーパラディオン,
男/アビスクローク・アサルト,
女/アビスクローク・アサルト,
男/アビスクローク・バスター,
女/アビスクローク・バスター,
男/アビスクローク・マジック,
女/アビスクローク・マジック,
男/オブシディアンマスク・アサルト,
女/オブシディアンマスク・アサルト,
男/オブシディアンマスク・バスター,
女/オブシディアンマスク・バスター,
男/オブシディアンマスク・マジック,
女/オブシディアンマスク・マジック,
環恨妖砕,
エグゼキューター,
パラ・ベルム,
東岳泰山,
Ｎａｓｋａ－５５,
Ｒｅ－１３,
鴉羽,
ゴールデンストライク,
ゴールデンショット,
ファイターズカード・７２,
ガンナーズカード・７２,
マジシャンズカードＴⅠ・７２,
マジシャンズカードＴⅡ・７２,
男/ダークノスタルジアセット,
女/セントノスタルジアセット,
女/たたかうメイド衣装,
男/レプリカントアーマー,
男/愚連の装束,
女/愚連の装束,
男/レコードブレイカーセット・紅蓮,
女/レコードブレイカーセット・紅蓮,
男/レコードブレイカーセット・月白,
女/レコードブレイカーセット・月白,
男/Ｒｅ：ロウスーツセット,
男/Ｒｅ：カオスコートセット,
女/Ｒｅ：カオスコートセット,
男/Ｒｅ：真・ヒーロースーツⅡ,
女/Ｒｅ：真・ヒロインスーツⅡ,
ウェディングセット,
男/パトリス衣装セット,
女/マキナ衣装セット,
男/パトリス・デ・ウエストウッド,
女/パトリス・デ・ウエストウッド,
オルクリスト,
炎剣アグニ,
ｌｏｓｔ：ｓｉｇｈｔ,
チャーム・ビースト,
男/法被衣装セット,
女/法被衣装セット,
男/鉢巻（祝々）,
男/鉢巻（礼々）,
男/鉢巻（汚羅汚羅）,
男/鉢巻（嬉々）,
男/鉢巻（唱活斎）,
男/鉢巻（情弦）,
男/鉢巻（固王）,
男/鉢巻（中也）,
男/鉢巻（玄界）,
女/鉢巻（聖々）,
女/鉢巻（伝々）,
女/鉢巻（解羅解羅）,
女/鉢巻（美々）,
女/鉢巻（詠吟斎）,
女/鉢巻（乾弦）,
女/鉢巻（固姫）,
女/鉢巻（勝鬨）,
女/鉢巻（北風）,
男/地下足袋（朱船）,
男/地下足袋（酔華）,
男/地下足袋（西都）,
男/地下足袋（闊歩）,
男/地下足袋（陽炎）,
男/地下足袋（滝音）,
男/地下足袋（鷺羽）,
男/地下足袋（五条）,
男/地下足袋（道楽）,
女/地下足袋（朱蓮）,
女/地下足袋（水恋）,
女/地下足袋（児湯）,
女/地下足袋（天晴）,
女/地下足袋（夢現）,
女/地下足袋（野兎）,
女/地下足袋（群鳶）,
女/地下足袋（八双）,
女/地下足袋（古道）,
男/ジャックフロストのお面,
女/ジャックフロストのお面,
うちわ(金魚),
うちわ(朝顔）,
うちわ(波紋),
うちわ(花),
うちわ(花火),
うちわ(中秋),
うちわ(脱力),
うちわ(浪),
男/ジャアクフロストのお面,
女/ジャアクフロストのお面,
男/オンモラキのお面,
女/オンモラキのお面,
男/ジャアクフロストスーツ・衝動,
女/ジャアクフロストスーツ・衝動,
男/ジャアクフロストスーツ・本能,
女/ジャアクフロストスーツ・本能,
男/ジャアクフロストスーツ・絶頂,
女/ジャアクフロストスーツ・絶頂,
男/ＳＡ衣装セット,
女/ＳＡ衣装セット,
男/ブラックレーベル衣装セット,
女/ブラックレーベル衣装セット,
男/ムーブナックル,
女/ムーブコンプレラ,
男/ファルスナックル,
女/ファルスコンプレラ,
男/バプテズマナックル,
女/バプテズマコンプレラ,
男/ニューロナックル,
女/ニューロコンプレラ,
意志持つ者のデータチケット,
インスペクターデータチケット,
ライディングスーツデータチケット,
キャスパーデータチケット,
天使衣装・黒データチケット,
争覇衣装データチケット・鼎,
男/愛と慈しみの衣装セット,
女/愛と慈しみの衣装セット,
男/紅玉の装束セット,
女/紅玉の装束セット,
男/青金石の装束セット,
女/青金石の装束セット,
男/緑柱石の装束セット,
女/緑柱石の装束セット,
男/ダイアモンドダスト,
女/ダイアモンドダスト,
レッドジャックパーツ,
グリーンジャックパーツ,
ブルージャックパーツ,
錆びたジャックパーツ,
人気商品詰め合わせ,
消耗品詰め合わせ,
ファイターＤＢ応援アイテム,
マジシャンＤＢ応援アイテム,
ガンナーＤＢ応援アイテム,
ＤＢ応援便利品,
男/シンボル衣装セット,
女/シンボル衣装セット,
男/秩序のパンツァーアーム,
女/秩序のパンツァーアーム,
男/均衡のパンツァーアーム,
女/均衡のパンツァーアーム,
男/混沌のパンツァーアーム,
女/混沌のパンツァーアーム,
男/モトリー衣装セット,
女/モトリー衣装セット,
慧烈気ギター【アサルト】,
慧烈気ギター【バスター】,
調和の印,
同調の兆し,
共鳴の誘い,
輪廻の語り,
盟約の刻,
悪魔りんご,
男/鷹龍衣セット,
女/鷹龍衣セット,
男/不倶戴天,
女/不倶戴天,
マクスウェル,
ポジトロンライフル,
セントエルモの火,
男/アンドラスマスク・Ｓｕｐｅｒ,
女/アンドラスマスク・Ｓｕｐｅｒ,
男/ポータブルヘッドフォン【超】,
女/スイートカチューシャ【超】,
男/ＤＡＩＭＯＮ・Ｓｕｐｅｒ,
女/ＤＡＩＭＯＮ・Ｓｕｐｅｒ,
男/リアルシガレット,
女/リアルシガレット,
男/ライオンハート,
女/ライオンハート,
新米ＤＢ応援アイテム,
経験と堅守の香（５倍・譲渡不可）,
経験と力の香（５倍・譲渡不可）,
経験と速さの香（５倍・譲渡不可）,
経験と魔力の香（５倍・譲渡不可）,
男/オーメン衣装セット,
女/オーメン衣装セット,
男/エグザイル衣装セット,
女/エグザイル衣装セット,
スーノ・グラーヴォ,
ルーノ・スパード,
ステーロ・パフィーロ,
ヘイト・オブ・ネックチョッパー,
ナイトメアサクリファイス,
使い魔・コーちゃん,
男/ネームレス衣装セット,
女/ホロウレディ衣装セット,
男/ディザスター衣装セット,
女/インビジブル衣装セット,
男/Ｄ・警護衣装セット,
女/Ｄ・警護衣装セット,
男/Ｄ・サージェントスーツセット,
女/Ｄ・サージェントスーツセット,
男/Ｄ・カオスコートセット,
女/Ｄ・カオスコートセット,
男/Ｄ・キョウジ衣装セット,
女/Ｄ・レイホゥ衣装セット,
男/チアリング衣装セット,
女/チアリング衣装セット,
男/エンカレッジ衣装セット,
女/エンカレッジ衣装セット,
男/ロウスーツセット,
男/ネコ足（三毛）,
女/ネコ足（三毛）,
男/ネコ足（白）,
女/ネコ足（白）,
男/ネコ足（茶トラ）,
女/ネコ足（茶トラ）,
１５万マッカセット,
３０万マッカセット,
５万マッカセット,
１０万マッカセット,
ワルイドジェスター,
ボインゴーシュ,
ＡＰＡＬＯＮ－２４,
男/Ｖｅｒｏｎｉｃａ,
女/Ｖｅｒｏｎｉｃａ,
ラストジャッジメント,
ホーリーエクソシズム,
セイントフラップ,
男/ジャアクフロストスーツ・真理,
女/ジャアクフロストスーツ・真理,
男/マーチング衣装セット,
女/マーチング衣装セット,
男/パレード衣装セット,
女/パレード衣装セット,
男/Ｄ・セブンスセット,
女/Ｄ・セブンスセット,
男/Ｄ・聖エルミンセット,
女/Ｄ・聖エルミンセット,
女/Ｄ・聖エルミンセットⅡ,
女/Ｄ・メイド衣装セット,
男/あのヒゲ,
女/あのヒゲ,
男/キングフロストセット,
女/キングフロストセット,
新米ＤＢ支援パック,
新米ＤＢ推奨パック,
男/ジャックフロストの足跡,
女/ジャックフロストの足跡,
男/デビルヴィジョンアバター,
女/デビルヴィジョンアバター,
男/ゲコ太のイヤリング,
女/ゲコ太のイヤリング,
想像グランプリセット,
男/奉神装束セット,
女/奉神装束セット,
男/ＧＳ・ＣＯＭＰ【グロウ】,
女/ＧＳ・ＣＯＭＰ【グロウ】,
男/ライオットスーツセット,
女/ライオットスーツセット,
ＤＢアドバンスパック,
ＤＢアドバンスパック（仲魔）,
ＤＢリテイクパック（ロークラス）,
ＤＢリテイクパック（ハイクラス）,
ＤＢユナイトパック,
男/学生衣装（Ｔ）セット,
女/学生衣装（Ｔ）セット,
Ｗ倉庫券（３０日譲渡不可）,
Ｗ倉庫券（６０日譲渡不可）,
Ｗ倉庫券（９０日譲渡不可）,
女/常盤台中学校制服セット,
女/柵川中学校制服セット,
男/とある高校制服セット,
女/常盤台中学校制服セットα,
女/柵川中学校制服セットα,
男/とある高校制服セットα,
男/とあるジャッジメントの腕章,
女/とあるジャッジメントの腕章,
男/とあるジャッジメントの腕章α,
女/とあるジャッジメントの腕章α,
レールガン・コイン,
男/シンボル衣装【逆罪】セット,
女/シンボル衣装【逆罪】セット,
男/フロストスーツ・氷友,
女/フロストスーツ・氷友,
女/ウィンディア・ノワールセット,
女/キャスパー・ルージュセット,
ウィンディア・ノワールチケット,
キャスパー・ルージュチケット,
男/戦装束セット,
女/戦装束セット,
男/真・デビルヴィジョンアバター,
女/真・デビルヴィジョンアバター,
ＤＢカスタマイズパック,
男/ＣＯＭＰプロトタイプ,
女/ＣＯＭＰプロトタイプ,
男/ソウルブレイカーセット,
女/ソウルブレイカーセット,
アイテム倉庫チケット（３０日）,
悪魔倉庫チケット（３０日）,
男/ソウルブレイカーセット（７日）,
女/ソウルブレイカーセット（７日）,
男/ハイロウセット・黒（７日）,
女/ハイロウセット・黒（７日）,
男/ハイロウセット・白（７日）,
女/ハイロウセット・白（７日）,
男/ハイロウセット・黒,
女/ハイロウセット・黒,
男/ハイロウセット・白,
女/ハイロウセット・白,
電撃パック,
ＤＯＧドレス,
キリングスーツ,
ＤＯＧ・ＣＯＭＰ,
ヘブン,
男/入門アイテムセット,
女/入門アイテムセット,
応用アイテムセット,
男/舞踏衣装・茶セット,
女/舞踏衣装・茶セット,
男/瑪瑙の装束セット,
女/瑪瑙の装束セット,
男/ブラッドレーベルセット,
女/ブラッドレーベルセット,
男/スティルネスセット,
女/ジェネシスセット,
男/スティルネスセット（７日間）,
女/ジェネシスセット（７日間）,
男/Ｔｒ：モディレーターズセット,
男/Ｔｒ：モディレーターズセットⅡ,
男/Ｔｒ：アイソレーターズセット,
女/Ｔｒ：ドミネーターズセット,
男/ＤＢ白い恋人アイテムパック,
女/ＤＢ白い恋人アイテムパック,
男/Ｄ２・警護衣装セット,
女/Ｄ２・警護衣装セット,
男/Ｄ２・サージェントセット,
女/Ｄ２・サージェントセット,
男/Ｄ２・カオスコートセット,
女/Ｄ２・カオスコートセット,
男/Ｄ２・デビルサマナー衣装セット,
女/Ｄ２・デビルサマナー衣装セット,
男/Ｄ２・セブンス引換券,
女/Ｄ２・セブンス引換券,
男/Ｄ２・聖エルミンセット,
女/Ｄ２・聖エルミンセット,
女/Ｄ２・聖エルミンセットⅡ,
女/Ｄ２・メイド衣装セット,
３ｒｄ真・ヒーロースーツⅡ引換券,
３ｒｄロウスーツデータチケット,
３ｒｄカオスコートデータチケット,
３ｒｄパトリス衣装データチケット,
３ｒｄマキナ衣装データチケット,
３ｒｄ統治者のデータチケット,
３ｒｄ意志持つ者のデータチケット,
３ｒｄ神秘者のデータチケット,
３ｒｄ行動者のデータチケット,
召喚ＰＧ【荒ぶる情欲】,
召喚ＰＧ【永遠のパートナー】,
男/３ｒｄ真・ヒーロースーツⅡ,
女/３ｒｄ真・ヒロインスーツⅡ,
男/３ｒｄカオスコート,
女/３ｒｄカオスコート,
男/３ｒｄパトリス衣装セット,
女/３ｒｄマキナ衣装セット,
男/３ｒｄ統治者セット,
男/３ｒｄ意志持つ者セット,
女/３ｒｄ神秘者セット,
女/３ｒｄ行動者セット,
男/暗黒戦士・アサルトセット,
女/暗黒戦士・アサルトセット,
男/暗黒戦士・バスターセット,
女/暗黒戦士・バスターセット,
男/暗黒戦士・マジックセット,
女/暗黒戦士・マジックセット,
男/Ｄ・Ｄ・Ｓ（ミスト）♂,
女/Ｄ・Ｄ・Ｓ（ミスト）♀,
男/Ｄ・Ｄ・Ｓ（ムーブ）♂,
女/Ｄ・Ｄ・Ｓ（ムーブ）♀,
男/Ｄ・Ｄ・Ｓ（ファルス）♂,
女/Ｄ・Ｄ・Ｓ（ファルス）♀,
男/Ｄ・Ｄ・Ｓ（バプテズマ）♂,
女/Ｄ・Ｄ・Ｓ（バプテズマ）♀,
男/Ｄ・Ｄ・Ｓ（ニューロ）♂,
女/Ｄ・Ｄ・Ｓ（ニューロ）♀,
男/マーチング衣装・黒セット,
女/マーチング衣装・黒セット,
男/バトラーセット,
女/サーバーセット,
男/ネコ足（黒）,
女/ネコ足（黒）,
男/レイニーアバターセット,
女/レイニーアバターセット,
男/ラヴァーズアバターセット,
女/ラヴァーズアバターセット,
男/フロストスーツ・ソウルメイト,
女/フロストスーツ・ソウルメイト,
男/フロンティア・緑セット,
女/フロンティア・緑セット,
男/グレアアバターセット,
女/グレアアバターセット,
ＣＯＭＰ拡張リヴリーパックα,
ＣＯＭＰ拡張ストレージパックα,
男/黄玉の装束セット,
女/黄玉の装束セット,
男/ベルセポリス,
女/ベルセポリス,
男/サマーズビートセット,
女/サマーズビートセット,
男/モダンタナトス,
男/モダンリビドー,
男/モダンサイン,
男/モダンリミテーション,
男/モダンプレッジ,
女/モダンタナトス,
女/モダンリビドー,
女/モダンサイン,
女/モダンリミテーション,
女/モダンプレッジ,
男/ヤングソウルセット,
女/ヤングソウルセット,
男/セブンス・ソウルメイトセット,
女/セブンス・ソウルメイトセット,
男/カオス・ソウルメイトセット,
女/カオス・ソウルメイトセット,
男/和魂志士セット,
女/和魂志士セット,
男/モトリーカラーズセット,
女/モトリーカラーズセット,
男/パワードスーツデータチケット,
女/パワードスーツデータチケット,
ソリッドアーツ・ブラウン,
ソリッドアーツ・チョコレート,
ソリッドアーツ・ピンク,
ソリッドアーツ・ブルー,
調和の印（仲魔）,
盟約の刻（仲魔）,
輪廻の語り（仲魔）,
同調の兆し（仲魔）,
共鳴の誘い（仲魔）,
男/ヤングソウル・青セット,
女/ヤングソウル・青セット,
男/ルインズアバター,
女/メシアアバター,
男/デビルカジュアルセット,
女/デビルカジュアルセット,
召喚ＰＧ【惑星】,
男/ファーレンアバター・赤セット,
女/ファーレンアバター・赤セット,
男/ファーレンアバター・赤αセット,
女/ファーレンアバター・赤αセット,
男/奉神装束・裏セット,
女/奉神装束・裏セット,
男/スピリッツセット,
女/スピリッツセット,
男/天宮琴音セット,
女/天宮琴音セット,
男/オネスティアバターセット,
女/オネスティアバターセット,
男/オネスティアバターαセット,
女/オネスティアバターαセット,
男/デビルプリズンセット,
女/デビルプリズンセット,
男/デビルプリズンαセット,
女/デビルプリズンαセット,
男/Ｈａｌｌｏ－Ｗ１００,
女/Ｈａｌｌｏ－Ｅ１００,
男/Ｈａｌｌｏ－Ｅ１００,
女/Ｈａｌｌｏ－Ｎ１００,
男/ハロウィン丑ＣＯＭＰ,
女/ハロウィン丑ＣＯＭＰ,
男/スリラーセット,
女/スリラーセット,
男/スリラーαセット,
女/スリラーαセット,
男/シャーマニズムセット,
女/シャーマニズムセット,
男/破壊のシンボルセット,
女/破壊のシンボルセット,
男/リリーフアバターセット,
女/リリーフアバターセット,
男/リリーフアバターαセット,
女/リリーフアバターαセット,
男/ナイトメア衣装（７日）セット,
女/ナイトメア衣装（７日）セット,
男/仙霊衣装セット,
女/仙霊衣装セット,
男/仙霊衣装αセット,
女/仙霊衣装αセット,
男/バトラーアバターⅡセット,
女/サーバーアバターⅡセット,
男/Ｄ・Ｄ・Ｓ（Ｆｌａｍｅ）♂,
女/Ｄ・Ｄ・Ｓ（Ｆｌａｍｅ）♀,
男/クリスマスアバターセット,
女/クリスマスアバターセット,
男/トナカイヘッド（リアル）,
男/トナカイヘッド（フェイク）,
女/ファーロシアンハット,
女/フェザーカチューシャ,
男/クリスマスアバターαセット,
女/クリスマスアバターαセット,
男/トナカイヘッド（リアル）α,
男/トナカイヘッド（フェイク）α,
女/ファーロシアンハットα,
女/フェザーカチューシャα,
男/ムーブヒーホーキャップ,
女/ムーブヒーホーキャップ,
男/ムーブランタンハット,
女/ムーブランタンハット,
男/百鬼セット,
女/百鬼セット,
男/百鬼セットα,
女/百鬼セットα,
アイカラー・永遠の紅月（Ｒ）,
アイカラー・永遠の紅月（Ｌ）,
アイカラー・無欠なる氷結（Ｒ）,
アイカラー・無欠なる氷結（Ｌ）,
アイカラー・セラギネラ（Ｒ）,
アイカラー・セラギネラ（Ｌ）,
彷徨える者・異のデータチケット,
彷徨える者・異のデータチケットⅡ,
完結する者・異のデータチケット,
君臨する者・異のデータチケット,
男/モディレーターズクロース・異セット,
男/モディレーターズクロース・異Ⅱセット,
男/アイソレーターズクロース・異セット,
女/ドミネーターズクロース・異セット,
彷徨える者・裏のデータチケット,
彷徨える者・裏のデータチケットⅡ,
完結する者・裏のデータチケット,
君臨する者・裏のデータチケット,
男/モディレーターズクロース・裏セット,
男/モディレーターズクロース・裏Ⅱセット,
男/アイソレーターズクロース・裏セット,
女/ドミネーターズクロース・裏セット,
男/バレンタインアバターセット,
女/バレンタインアバターセット,
男/バレンタインアバターセットα,
女/バレンタインアバターセットα,
男/スイートコーディネートセット,
女/スイートコーディネートセット,
男/ディテクティブアバターセット,
女/ディテクティブアバターセット,
男/ディテクティブアバターセットα,
女/ディテクティブアバターセットα,
男/リサーチパイプ,
男/リサーチモノクル,
男/リサーチフォブウォッチ,
男/リサーチキャメラ,
女/リサーチパイプ,
女/リサーチモノクル,
女/リサーチフォブウォッチ,
女/リサーチキャメラ,
リサーチダイアリー,
男/ホワイトデーアバターセット,
女/ホワイトデーアバターセット,
男/ホワイトデーアバターセットα,
女/ホワイトデーアバターセットα,
男/カウンターテンプルナイトクロス,
女/カウンターメシアンローブ,
男/相反する力の衣,
女/相反するガイアーズスーツ,
男/カウンターテンプルナイト衣装α,
女/カウンターメシアンローブα,
男/相反する力の衣α,
女/相反するガイアーズスーツα,
男/ソウルブレイカー・赤セット,
女/ソウルブレイカー・青セット,
男/ソウルブレイカー・赤セットα,
女/ソウルブレイカー・青セットα,
男/コメート,
女/コメート,
ＵＢランカーズパックＴＴ,
ＵＢランカーズパックＦＦ,
男/スチームパンクアバターセット,
女/スチームパンクアバターセット,
男/スチームパンクウイング,
女/スチームパンクウイング,
男/スチームパンクアバターセットα,
女/スチームパンクアバターセットα,
男/スチームパンクウイングα,
女/スチームパンクウイングα,
男/Ｄ・Ｄ・Ｓ（Ｉｃｅ）♂,
女/Ｄ・Ｄ・Ｓ（Ｉｃｅ）♀,
男/プライドアバターセット,
女/グレモリーアバターセット,
男/ＴＲＡＮＱＵＩＬデータセット,
女/ＴＲＡＮＱＵＩＬデータセット,
男/破壊（仲魔）のシンボルセット,
女/破壊（仲魔）のシンボルセット,
男/来良学園制服セット,
女/来良学園制服セット,
男/来良学園制服セットβ,
女/来良学園制服セットβ,
男/平和島静雄アバターセット,
女/セルティアバターセット,
男/平和島静雄アバターセットα,
女/セルティアバターセットα,
男/首なしライダーのＰＤＡ♂,
女/首なしライダーのＰＤＡ♀,
男/ブライダルアバター・赤セット,
女/ブライダルアバター・赤セット,
男/ブライダルアバター・青セット,
女/ブライダルアバター・青セット,
男/ブライダルアバター・赤αセット,
女/ブライダルアバター・赤αセット,
男/ブライダルアバター・青αセット,
女/ブライダルアバター・青αセット,
男/折原臨也アバターセット,
女/贄川春奈アバターセット,
男/折原臨也アバターセットα,
女/贄川春奈アバターセットα,
男/紀田正臣アバターセット,
女/園原杏里アバターセット,
男/紀田正臣アバターセットα,
女/園原杏里アバターセットα,
男/白狼の尖兵セット,
女/紅狐の尖兵セット,
男/白狼の尖兵セットα,
女/紅狐の尖兵セットα,
男/モディレーターズクロース（幻）セット,
男/モディレーターズクロース（幻）Ⅱセット,
男/アイソレーターズクロース（幻）セット,
女/ドミネーターズクロース（幻）セット,
男/デビルドクターセット,
女/デビルドクターセット,
男/デビルドクターセットα,
女/デビルドクターセットα,
男/デビルパイレーツセット,
女/デビルパイレーツセット,
男/デビルパイレーツセットα,
女/デビルパイレーツセットα,
男/ルインズアバターα♂,
男/カオスヒーローアバターα♂,
男/ヴァイオレンスアバターα♂,
男/プライドアバターセットα♂,
女/メシアアバターα♀,
女/アヌーンアバターα♀,
女/ナイトウィッチアバターα♀,
女/グレモリーアバターセットα♀,
男/ヴァリアントセット,
女/デアリングセット,
男/ヴァリアントセットα,
女/デアリングセットα,
ＤＰギフトチケット,
男/ＤＯＧアバター,
女/ＤＯＧアバター,
男/アルカナアバターⅠセット,
女/アルカナアバターⅠセット,
男/アルカナアバターⅠセットα,
女/アルカナアバターⅠセットα,
男/和魂狼士セット,
女/和魂狼士セット,
男/和魂狼士セットα,
女/和魂狼士セットα,
男/ホースライディングセット,
女/ホースライディングセット,
男/ホースライディングセットα,
女/ホースライディングセットα,
男/乱破装束セット,
女/乱破装束セット,
男/乱破装束セットα,
女/乱破装束セットα,
男/乱破面頬♂,
男/乱破鎖帷子♂,
男/乱破篭手♂,
男/乱破脚絆♂,
男/乱破手拭♂,
女/乱破面頬♀,
女/乱破鎖帷子♀,
女/乱破篭手♀,
女/乱破脚絆♀,
女/乱破手拭♀,
反魂香（トレード不可）,
疾駆の霊珠（小・トレード不可）,
力の香（トレード不可）,
魔力の香（トレード不可）,
速さの香（トレード不可）,
魂合石・紫微垣－零－,
魂合石・太微垣－零－,
魂合石・天市垣－零－,
魂合石・紫微垣－壱－,
魂合石・太微垣－壱－,
魂合石・天市垣－壱－,
男/モーターベスト♂,
男/モーターパンツ♂,
男/モーターブーツ♂,
男/メロイックバンド♂,
女/バンギャキャミソール♀,
女/バンギャミニスカート♀,
女/バンギャブーツ♀,
女/メロイックバンド♀,
男/サロンコート・茶♂,
男/サロンスラックス・茶♂,
男/サロンハット・茶♂,
男/サロンシューズ・茶♂,
女/サロンドレス・茶♀,
女/サロンスカート・茶♀,
女/サロンハット・茶♀,
男/エヴェンオーバー・白♂,
男/エヴェンスラックス・白♂,
男/エヴェンシューズ・白♂,
女/サイブフラワー・赤♀,
女/サイブワンピース・赤♀,
女/サイブシューズ・赤♀,
男/バトラースーツ♂,
男/バトラーシューズ♂,
男/バトラーグローブ♂,
女/サーバーヘッドドレス♀,
女/サーバーワンピース♀,
女/サーバーシューズ♀,
男/キャトルマンハット・緑♂,
男/ローピングマフラー・緑♂,
男/ウェスタンシャツ・緑♂,
男/ウェスタンチャップス・緑♂,
男/ウェスタンブーツ・緑♂,
男/ウェスタングラブ・緑♂,
女/キャトルマンハット・緑♀,
女/ローピングマフラー・緑♀,
女/ウェスタンシャツ・緑♀,
女/ウェスタンチャップス・緑♀,
女/ウェスタンブーツ・緑♀,
女/ウェスタングラブ・緑♀,
魂合石・紫微垣－弐－,
魂合石・太微垣－弐－,
魂合石・天市垣－弐－,
魂合石・紫微垣－参－,
魂合石・太微垣－参－,
魂合石・天市垣－参－,
男/ハロウィンセット２０１１,
女/ハロウィンセット２０１１,
男/ハロウィンセット２０１１α,
女/ハロウィンセット２０１１α,
男/マーダーマスク♂,
男/マーダージャケット♂,
男/マーダーグローブ♂,
男/マーダーカーゴパンツ♂,
男/マーダーブーツ♂,
女/マーダーハット♀,
女/マーダーシャツ♀,
女/マーダーグラップル♀,
女/マーダーパンツ♀,
女/マーダーブーツ♀,
男/オーメンジャケット♂,
男/オーメンスラックス♂,
男/オーメンブーツ♂,
男/オーメンウイング♂,
女/オーメンドレス♀,
女/オーメンパンプス♀,
女/オーメンオーナメント♀,
女/オーメングローブ♀,
女/オーメンウイング♀,
男/ヤングソウルアバター♂,
男/ヤングソウルシューズ♂,
男/ヤングソウルブレスレット♂,
女/ヤングソウルアバター♀,
女/ヤングソウルシューズ♀,
女/ヤングソウルシュシュ♀,
男/オーメンジャケット・赤♂,
男/オーメンスラックス・赤♂,
男/オーメンブーツ・赤♂,
男/オーメンウイング・赤♂,
女/オーメンドレス・赤♀,
女/オーメンパンプス・赤♀,
女/オーメンオーナメント・赤♀,
女/オーメングローブ・赤♀,
女/オーメンウイング・赤♀,
男/バトラースーツⅡ♂,
男/バトラーシューズⅡ♂,
男/バトラーグローブⅡ♂,
女/サーバーワンピースⅡ♀,
女/サーバーシューズⅡ♀,
女/サーバーヘッドドレスⅡ♀,
男/ライディングキャップ♂,
男/ライディングクロース♂,
男/ライディングブーツ♂,
男/ライディングハンドグローブ♂,
女/ライディングキャップ♀,
女/ライディングクロース♀,
女/ライディングブーツ♀,
女/ライディングハンドグローブ♀,
男/モダンタナトスα♂,
男/モダンリビドーα♂,
男/モダンサインα♂,
男/モダンプレッジα♂,
男/モダンリミテーションα♂,
女/モダンタナトスα♀,
女/モダンリビドーα♀,
女/モダンサインα♀,
女/モダンプレッジα♀,
女/モダンリミテーションα♀,
男/天王洲第一高校制服β♂,
女/天王洲第一高校制服β♀,
六合符・白,
六合符・青,
六合符・緑,
六合符・黄,
六合符・赤,
男/ベソウオブネームレス♂,
男/ボーンオブネームレス♂,
男/シニューオブネームレス♂,
男/レザーオブネームレス♂,
男/スキンオブネームレス♂,
女/ボーンオブホロウ♀,
女/アートリーオブホロウ♀,
女/シニューオブホロウ♀,
女/スキンオブホロウ♀,
女/ベソウオブホロウ♀,
男/チアリングヘッドバンド♂,
男/チアリングユニフォーム♂,
男/チアリングスラックス♂,
男/チアリングクラッグ♂,
女/チアリングヘッドバンド♀,
女/チアリングユニフォーム♀,
女/チアリンググローブ♀,
女/チアリングシューズ♀,
男/マーチングハット♂,
男/マーチングユニフォーム♂,
男/マーチングスラックス♂,
男/マーチングブーツ♂,
男/マーチングインカム♂,
女/マーチングハット♀,
女/マーチングユニフォーム♀,
女/マーチングスカート♀,
女/マーチングブーツ♀,
女/マーチングインカム♀,
男/ライオットフルフェイス♂,
男/ライオットオーバージャケット♂,
男/ライオットボトムスーツ♂,
男/ライオットハードブーツ♂,
女/ライオットフルフェイス♀,
女/ライオットオーバージャケット♀,
女/ライオットボトムスーツ♀,
女/ライオットハードブーツ♀,
男/陽行星兜♂,
男/陽行具足♂,
女/夜行髪留♀,
女/夜行帷子♀,
女/夜行首巻♀,
女/夜行手甲♀,
女/夜行足袋♀,
男/マーチングハット・黒♂,
男/マーチングインカム・黒♂,
男/マーチングユニフォーム・黒♂,
男/マーチングスラックス・黒♂,
男/マーチングブーツ・黒♂,
女/マーチングハット・黒♀,
女/マーチングインカム・黒♀,
女/マーチングユニフォーム・黒♀,
女/マーチングスカート・黒♀,
女/マーチングブーツ・黒♀,
男/ラヴァーズスーツ♂,
男/ラヴァーズブレスレット♂,
男/ラヴァーズシューズ♂,
女/ラヴァーズドレス♀,
女/ラヴァーズブレスレット♀,
女/ラヴァーズヒール♀,
男/ストローハット♂,
男/グレアベスト♂,
男/グレアジーンズ♂,
男/グレアサンダル♂,
男/ワンショルダーバッグ♂,
女/ストローハット♀,
女/グレアベスト♀,
女/グレアパンツ♀,
女/グレアサンダル♀,
女/ワンショルダーバッグ♀,
男/サマーズビートシャツ♂,
男/サマーズビートデニムパンツ♂,
男/サマーズビートサンダル♂,
女/サマーズビートワンピース♀,
女/サマーズビートサングラス♀,
女/サマーズビートサンダル♀,
男/和魂志士鉢金♂,
男/和魂志士法衣♂,
男/和魂志士靴♂,
女/和魂志士鉢金♀,
女/和魂志士法衣♀,
女/和魂志士靴♀,
男/フォースアバターセット,
女/フォースアバターセット,
男/フォースアバターセットα,
女/フォースアバターセットα,
男/フォースジャケット♂,
男/フォースグローブ♂,
男/フォースボトムス♂,
男/フォースバックアームズ♂,
女/フォースジャケット♀,
女/フォースボトムス♀,
女/フォースブーツ♀,
女/フォースバックアームズ♀,
男/セタンタ・改　衣装セット,
女/ネコマタ・改　衣装セット,
男/アルカナアバターⅤセット,
女/アルカナアバターⅡセット,
男/アルカナアバターⅤセットα,
女/アルカナアバターⅡセットα,
男/教皇の帽子♂,
男/教皇の衣♂,
男/教皇の靴♂,
男/教皇のロザリオ♂,
女/女教皇のヴェール♀,
女/女教皇の衣♀,
女/女教皇の靴♀,
女/女教皇のロザリオ♀,
男/天王洲第一高校制服♂,
女/天王洲第一高校制服♀,
男/葬儀社の制服♂,
女/葬儀社の制服♀,
男/葬儀社の制服α♂,
女/葬儀社の制服α♀,
男/真の刻印♂,
女/真の刻印♀,
男/トナカイアバター・異セット,
女/サンタさんアバター・異セット,
男/トナカイヘッド（リアル）・異♂,
男/トナカイヘッド（フェイク）・異♂,
女/ファーロシアンハット・異♀,
女/フェザーカチューシャ・異♀,
男/モミの木の耳飾り（キュート）♂,
男/モミの木の耳飾り（エレガント）♂,
男/モミの木の耳飾り（カジュアル）♂,
女/モミの木の耳飾り（キュート）♀,
女/モミの木の耳飾り（エレガント）♀,
女/モミの木の耳飾り（カジュアル）♀,
男/ヘアカタログ・スパイキーショート♂,
男/ヘアカタログ・デコ出しロング♂,
女/ヘアカタログ・ショートボブ♀,
女/ヘアカタログ・スイートテール♀,
男/モーターベスト・赤♂,
男/モーターパンツ・赤♂,
男/モーターブーツ・赤♂,
男/メロイックバンド・赤♂,
女/バンギャキャミソール・青♀,
女/バンギャミニスカート・青♀,
女/バンギャブーツ・青♀,
女/メロイックバンド・青♀,
男/ヤングソウルアバター・青♂,
男/ヤングソウルシューズ・青♂,
男/ヤングソウルブレスレット・青♂,
女/ヤングソウルアバター・青♀,
女/ヤングソウルシューズ・青♀,
女/ヤングソウルシュシュ・青♀,
男/オネスティキャップ♂,
男/オネスティアバター♂,
男/オネスティアーム♂,
女/オネスティキャップ♀,
女/オネスティアバター♀,
女/オネスティアーム♀,
男/デビルプリズンアバター♂,
男/デビルプリズンアイパッチ♂,
男/デビルプリズングローブ♂,
女/デビルプリズンアバター♀,
女/デビルプリズンヘッドドレス♀,
女/デビルプリズングローブ♀,
男/スリラージャケット♂,
男/スリラーパンツ♂,
男/スリラーシューズ♂,
男/スリラーハンド♂,
男/スリラーイヤー♂,
男/スリラーテイル♂,
女/スリラーワンピース♀,
女/スリラーヒール♀,
女/スリラーハンド♀,
女/スリラーハット♀,
女/スリラーフェイス♀,
女/スリラーテイル♀,
男/リリーフトップス♂,
男/リリーフボトムス♂,
男/リリーフグローブ♂,
男/リリーフバックアームズ♂,
女/リリーフトップス♀,
女/リリーフボトムス♀,
女/リリーフブーツ♀,
女/リリーフバックアームズ♀,
男/アルカナアバター０セット,
女/アルカナアバター０セット,
男/アルカナアバター０セットα,
女/アルカナアバター０セットα,
男/愚者の帽子♂,
男/愚者の衣♂,
男/愚者の手袋♂,
男/愚者の靴♂,
女/愚者の帽子♀,
女/愚者の衣♀,
女/愚者の手袋♀,
女/愚者の靴♀,
男/愚者の外套♂,
女/愚者の外套♀,
男/バレンタインセット２０１２,
女/バレンタインセット２０１２,
男/バレンタインセット２０１２α,
女/バレンタインセット２０１２α,
男/ノードゥスジャケット♂,
男/ノードゥスブレスレット♂,
男/ノードゥスシューズ♂,
女/ノードゥスワンピース♀,
女/ノードゥスブレスレット♀,
女/ノードゥスパンプス♀,
男/黎明の翼セット,
女/黎明の翼セット,
男/ＤＭＭ．ＣＯＭＰ♂,
女/ＤＭＭ．ＣＯＭＰ♀,
魂合石・紫微垣－肆－,
魂合石・太微垣－肆－,
魂合石・天市垣－肆－,
男/ホワイトデーセット２０１２,
女/ホワイトデーセット２０１２,
男/ホワイトデーセット２０１２α,
女/ホワイトデーセット２０１２α,
男/フルネスキャップ♂,
男/フルネスジャケット♂,
男/フルネスグローブ♂,
男/フルネスボトムス♂,
男/フルネスシューズ♂,
女/フルネストーク♀,
女/フルネストップス♀,
女/フルネスシュシュ♀,
女/フルネススカート♀,
女/フルネスパンプス♀,
男/百鬼角♂,
男/百鬼印♂,
男/百鬼衣♂,
男/百鬼下駄♂,
女/百鬼角♀,
女/百鬼印♀,
女/百鬼衣♀,
女/百鬼下駄♀,
男/カントフェイス♂,
男/カントアバター♂,
男/カントグロー♂,
女/カンティスフェイス♀,
女/カンティスアバター♀,
女/カンティスグロー♀,
男/ディテクティブキャップ♂,
男/ディテクティブインバネス♂,
男/ディテクティブスラックス♂,
男/ディテクティブシューズ♂,
女/ディテクティブキャップ♀,
女/ディテクティブインバネス♀,
女/ディテクティブスカート♀,
女/ディテクティブシューズ♀,
男/スチームパンクメット♂,
男/スチームパンクトップス♂,
男/スチームパンクグローブ♂,
男/スチームパンクボトムス♂,
男/スチームパンクブーツ♂,
女/スチームパンクハット♀,
女/スチームパンクトップス♀,
女/スチームパンクグローブ♀,
女/スチームパンクボトムス♀,
女/スチームパンクパンプス♀,
男/ブライダルハット・赤♂,
男/ブライダルアバター・赤♂,
男/ブライダルシューズ・赤♂,
女/ブライダルベール・赤♀,
女/ブライダルアバター・赤♀,
女/ブライダルミュール・赤♀,
男/ブライダルハット・青♂,
男/ブライダルアバター・青♂,
男/ブライダルシューズ・青♂,
女/ブライダルベール・青♀,
女/ブライダルアバター・青♀,
女/ブライダルミュール・青♀,
男/白狼のヘッドセット♂,
男/白狼のジャケット♂,
男/白狼のスラックス♂,
男/白狼のシューズ♂,
女/紅狐のヘッドセット♀,
女/紅狐のジャケット♀,
女/紅狐のスカート♀,
女/紅狐のパンプス♀,
男/デビルドクターアバター♂,
男/デビルドクターグローブ♂,
男/デビルドクターブーツ♂,
女/デビルドクターアバター♀,
女/デビルドクターグローブ♀,
女/デビルドクターブーツ♀,
男/デビルパイレーツハット♂,
男/デビルパイレーツフェイス♂,
男/デビルパイレーツコート♂,
男/デビルパイレーツシンボル♂,
男/デビルパイレーツブーツ♂,
女/デビルパイレーツバンダナ♀,
女/デビルパイレーツベスト♀,
女/デビルパイレーツパンツ♀,
女/デビルパイレーツシンボル♀,
女/デビルパイレーツサンダル♀,
男/ヴァリアントトップス♂,
男/ヴァリアントボトムス♂,
男/ヴァリアントフットウェア♂,
男/ヴァリアントハンドジュエリー♂,
男/ヴァリアントネックレス♂,
女/デアリングトップス♀,
女/デアリングボトムス♀,
女/デアリングフットウェア♀,
女/デアリングハンドジュエリー♀,
女/デアリングネックレス♀,
アイカラー・高貴なる太陽,
アイカラー・白銀の十六夜,
アイカラー・永遠の紅月,
アイカラー・無欠なる氷結,
アイカラー・セラギネラ,
男/ヘアカタログ・ボンバーアフロ♂,
男/ヘアカタログ・キョウジ♂,
男/ヘアカタログ・ハカマダ♂,
男/ヘアカタログ・シャープシャギー♂,
男/ヘアカタログ・達哉♂,
男/ヘアカタログ・ノクターン♂,
男/ヘアカタログ・勇♂,
男/ヘアカタログ・氷川♂,
男/ヘアカタログ・ルイ・サイファー♂,
女/ヘアカタログ・バネッサ♀,
女/ヘアカタログ・ロク♀,
女/ヘアカタログ・メアリ♀,
女/ヘアカタログ・レイホゥ♀,
女/ヘアカタログ・リサ♀,
女/ヘアカタログ・千晶♀,
女/ヘアカタログ・祐子♀,
女/ヘアカタログ・ゆりこ♀,
ヘアカラー・ピンク,
ヘアカラー・パープル,
ヘアカラー・ブラック,
ヘアカラー・ホワイト,
ヘアカラー・ゴールド,
ヘアカラー・レッド,
ヘアカラー・グリーン,
ヘアカラー・ブルー,
秩序のリング,
均衡のリング,
混沌のリング,
魂合石・紫微垣－伍－,
魂合石・太微垣－伍－,
魂合石・天市垣－伍－,
男/アルカナアバターⅩⅧセット,
女/アルカナアバターⅩⅧセット,
男/アルカナアバターⅩⅧセットα,
女/アルカナアバターⅩⅧセットα,
男/月のクロース♂,
男/月のバングル♂,
男/月のボトムス♂,
男/月のウイング♂,
女/月のクロース♀,
女/月のブレスレット♀,
女/月のボトムス♀,
女/月のウイング♀,
男/クリスタルセット,
女/クリスタルセット,
魂合石・紫微垣－陸－,
魂合石・太微垣－陸－,
魂合石・天市垣－陸－,
男/クリスタルスクトゥム♂,
女/クリスタルスクトゥム♀,
男/ディビジョンアバターセット,
女/ディビジョンアバターセット,
男/ディビジョンアバターセットα,
女/ディビジョンアバターセットα,
男/ディビジョンパッチ♂,
男/ディビジョンクロース♂,
男/ディビジョングローブ♂,
男/ディビジョンボトムス♂,
女/ディビジョンパッチ♀,
女/ディビジョンクロース♀,
女/ディビジョングローブ♀,
女/ディビジョンボトムス♀,
男/英霊のシンボルセット,
女/英霊のシンボルセット,
男/ギャザーイヤリング♂,
男/パーティクルシェイカー♂,
女/ギャザーイヤリング♀,
女/パーティクルシェイカー♀,
ジェネレートリング,
ヘキサグラムシンボル,
女/血塗られし韻士のクロースα♀,
女/拝神せし者のクロースα♀,
男/ヴァリアント・豹セット,
女/デアリング・豹セット,
男/ヴァリアント・豹セットα,
女/デアリング・豹セットα,
男/ヴァリアントトップス・豹♂,
男/ヴァリアントボトムス・豹♂,
男/ヴァリアントフット・豹♂,
男/ヴァリアントネックレス・豹♂,
男/ヴァリアントハンド・豹♂,
女/デアリングトップス・豹♀,
女/デアリングボトムス・豹♀,
女/デアリングフット・豹♀,
女/デアリングネックレス・豹♀,
女/デアリングハンド・豹♀,
召喚ＰＧ【人修羅クー・フーリン】,
召喚ＰＧ【人修羅ギリメカラ】,
召喚ＰＧ【人修羅ピクシー】,
召喚ＰＧ【人修羅アラハバキ】,
召喚ＰＧ【人修羅ティターニア】,
召喚ＰＧ【人修羅パールヴァティ】,
男/ラヴァーズ・青アバターセット,
女/ラヴァーズ・青アバターセット,
男/ラヴァーズ・青アバターセットα,
女/ラヴァーズ・青アバターセットα,
男/ラヴァーズスーツ・青♂,
男/ラヴァーズブレスレット・青♂,
男/ラヴァーズシューズ・青♂,
女/ラヴァーズドレス・青♀,
女/ラヴァーズブレスレット・青♀,
女/ラヴァーズヒール・青♀,
男/ＳＡ－０２衣装セット,
女/ＳＡ－０２衣装セット,
男/ＳＡ－０２衣装セットα,
女/ＳＡ－０２衣装セットα,
男/ＳＡＵＬＴ－０２♂,
男/ＴＡＣＴ－０２♂,
男/ＳＰＥＣＴ－０２♂,
女/ＳＡＵＬＴ－０２♀,
女/ＴＡＣＴ－０２♀,
女/ＳＰＥＣＴ－０２♀,
男/ブライダルアバター・白セット,
女/ブライダルアバター・白セット,
男/ブライダルアバター・緑セット,
女/ブライダルアバター・緑セット,
男/アルカナアバターⅩⅢセット,
女/アルカナアバターⅩⅢセット,
男/アルカナアバターⅩⅢセットα,
女/アルカナアバターⅩⅢセットα,
男/死神の眼帯♂,
男/死神の衣♂,
男/死神の爪♂,
男/死神の下衣♂,
女/死神の眼帯♀,
女/死神の衣♀,
女/死神の爪♀,
女/死神の下衣♀,
男/ブルーレーベルセット,
女/ブルーレーベルセット,
男/ブルーレーベルセットα,
女/ブルーレーベルセットα,
男/エヴェンオーバー・青♂,
男/エヴェンスラックス・青♂,
男/エヴェンシューズ・青♂,
女/サイブフラワー・青♀,
女/サイブワンピース・青♀,
女/サイブシューズ・青♀,
男/ソウルブレイカー・緑セット,
女/ソウルブレイカー・緑セット,
男/ソウルブレイカー・緑セットα,
女/ソウルブレイカー・緑セットα,
魂合石・紫微垣－漆－,
魂合石・太微垣－漆－,
魂合石・天市垣－漆－,
魂合石・紫微垣－捌－,
魂合石・太微垣－捌－,
魂合石・天市垣－捌－,
魂合石・紫微垣－玖－,
魂合石・太微垣－玖－,
魂合石・天市垣－玖－,
魂合石・紫微垣－拾－,
魂合石・太微垣－拾－,
魂合石・天市垣－拾－,
魂合石・紫微垣－結－,
魂合石・太微垣－結－,
魂合石・天市垣－結－,
冷徹のイヤリング・斬光,
冷徹のイヤリング・撃光,
冷徹のイヤリング・祷光,
模索のイヤリング・斬光,
模索のイヤリング・撃光,
模索のイヤリング・祷光,
憤怒のイヤリング・斬光,
憤怒のイヤリング・撃光,
憤怒のイヤリング・祷光,
男/パトリオットアバターセット,
女/パトリオットアバターセット,
男/パトリオットアバターセットα,
女/パトリオットアバターセットα,
男/乱破装束・弐セット,
女/乱破装束・弐セット,
男/乱破装束・弐セットα,
女/乱破装束・弐セットα,
男/乱破面頬・弐♂,
男/乱破鎖帷子・弐♂,
男/乱破篭手・弐♂,
男/乱破脚絆・弐♂,
男/乱破手拭・弐♂,
女/乱破面頬・弐♀,
女/乱破鎖帷子・弐♀,
女/乱破篭手・弐♀,
女/乱破脚絆・弐♀,
女/乱破手拭・弐♀,
男/ベルガーアバターセット,
女/ベルガーアバターセット,
男/ベルガーアバターセットα,
女/ベルガーアバターセットα,
男/ベルガーアバターω♂,
女/ベルガーアバターω♀,
男/ベルガーキャップ♂,
男/ベルガーコート♂,
男/ベルガーハンド♂,
男/ベルガーアームバンド♂,
女/ベルガーキャップ♀,
女/ベルガーコート♀,
女/ベルガーハンド♀,
女/ベルガーアームバンド♀,
壬子のアバター（修羅）チケット,
壬子のアバター（羅刹）チケット,
男/壬子のアバターセットα,
女/壬子のアバターセットα,
男/壬子の学生服ω♂,
女/壬子の学生服ω♀,
男/壬子の帽子（修羅）♂,
男/壬子の制服（修羅）♂,
男/壬子の靴（修羅）♂,
女/壬子の簪（修羅）♀,
女/壬子の制服（修羅）♀,
女/壬子の靴（修羅）♀,
男/壬子の帽子（羅刹）♂,
男/壬子の制服（羅刹）♂,
男/壬子の靴（羅刹）♂,
女/壬子の簪（羅刹）♀,
女/壬子の制服（羅刹）♀,
女/壬子の靴（羅刹）♀,
男/壬子のアバター（修羅）セット,
女/壬子のアバター（修羅）セット,
男/壬子のアバター（羅刹）セット,
女/壬子のアバター（羅刹）セット,
男/黄昏の翼セット,
女/黄昏の翼セット,
男/黄昏の耳飾♂,
男/黄昏の首飾♂,
女/黄昏の耳飾♀,
女/黄昏の首飾♀,
黄昏の指輪,
黄昏の紋章,
男/アークウイング・赤♂,
女/アークウイング・桃♀,
男/アークウイング・青♂,
女/アークウイング・水♀,
男/アークウイング・緑♂,
女/アークウイング・黄緑♀,
天使衣装・蒼＆ウイングチケット,
天使衣装・翠＆ウイングチケット,
天使衣装・紅＆ウイングチケット,
クリスマスチケット２０１０,
クリスマスチケット２０１１,
アビス・アサルト＆クローク引換券,
アビス・バスター＆クローク引換券,
アビス・マジック＆クローク引換券,
ソリッドアーツ＆調律チケット,
Ｓアーツ・ブラウン＆調律チケット,
Ｓアーツ・チョコ＆調律チケット,
Ｓアーツ・ピンク＆調律チケット,
Ｓアーツ・ブルー＆調律チケット,
男/ＳＰ－ＣＯＭＰ♂,
女/ＳＰ－ＣＯＭＰ♀,
男/アルカナアバターⅠ・逆セット,
女/アルカナアバターⅠ・逆セット,
男/アルカナアバターⅠ・逆セットα,
女/アルカナアバターⅠ・逆セットα,
男/アルカナⅠ・逆のチケット選♂,
女/アルカナⅠ・逆のチケット選♀,
男/魔術師の帽子・逆♂,
男/魔術師の衣・逆♂,
男/魔術師の手袋・逆♂,
男/魔術師の靴・逆♂,
男/魔術師の仮面・逆♂,
男/魔術師のＣＯＭＰ・逆♂,
女/魔術師の帽子・逆♀,
女/魔術師の衣・逆♀,
女/魔術師の手袋・逆♀,
女/魔術師の靴・逆♀,
女/魔術師の仮面・逆♀,
女/魔術師のＣＯＭＰ・逆♀,
魂合石・喜星,
魂合石・怒星,
魂合石・哀星,
魂合石・楽星,
魂合石・愛星,
魂合石・憎星,
男/ライブニッツネックレス♂,
女/ライブニッツネックレス♀,
男/デカルトピアス♂,
女/デカルトピアス♀,
男/スリラー・ソウルメイトセット,
女/スリラー・ソウルメイトセット,
男/スリラーイヤー・ソウルメイト♂,
男/スリラーオーバー・ソウルメイト♂,
男/スリラーパンツ・ソウルメイト♂,
男/スリラーハンド・ソウルメイト♂,
男/スリラーシューズ・ソウルメイト♂,
男/スリラーテイル・ソウルメイト♂,
女/スリラーハット・ソウルメイト♀,
女/スリラーフェイス・ソウルメイト♀,
女/スリラードレス・ソウルメイト♀,
女/スリラーハンド・ソウルメイト♀,
女/スリラーヒール・ソウルメイト♀,
女/スリラーテイル・ソウルメイト♀,
男/ジャアクＦスーツ・ソウルメイト♂,
女/ジャアクＦスーツ・ソウルメイト♀,
アーベントイヤー（紅蓮）,
ベイビースマイル（紅蓮）,
炎嗟（紅蓮）,
男/リシェイプ・アバター♂,
女/リシェイプ・アバター♀,
黒旋風【猛攻・廉】,
ダインスレフ【猛攻・廉】,
クロスファイア【猛攻・廉】,
男/スプラッタアバターセット,
女/スプラッタアバターセット,
男/スプラッタマスク♂,
男/スプラッタジャケット♂,
男/スプラッタグローブ♂,
男/スプラッタカーゴパンツ♂,
男/スプラッタブーツ♂,
女/スプラッタハット♀,
女/スプラッタシャツ♀,
女/スプラッタグラップル♀,
女/スプラッタパンツ♀,
女/スプラッタブーツ♀,
男/ヴァリアブルクローク・アサルト♂,
男/ヴァリアブルクローク・バスター♂,
男/ヴァリアブルクローク・マジック♂,
女/ヴァリアブルクローク・アサルト♀,
女/ヴァリアブルクローク・バスター♀,
女/ヴァリアブルクローク・マジック♀,
男/シャープタナトス♂,
女/シャープタナトス♀,
力の香（小）,
魔力の香（小）,
体力の香（小）,
知力の香（小）,
速さの香（小）,
運の香（小）,
力の香（小）×４,
魔力の香（小）×４,
体力の香（小）×４,
知力の香（小）×４,
速さの香（小）×４,
運の香（小）×４,
力の香（小）×５,
魔力の香（小）×５,
体力の香（小）×５,
知力の香（小）×５,
速さの香（小）×５,
運の香（小）×５,
力の香（小）×１０,
魔力の香（小）×１０,
体力の香（小）×１０,
知力の香（小）×１０,
速さの香（小）×１０,
運の香（小）×１０,
男/リリーフアバター・裏セット,
女/リリーフアバター・裏セット,
男/リリーフトップス・裏♂,
男/リリーフグローブ・裏♂,
男/リリーフボトムス・裏♂,
男/リリーフバックアームズ・裏♂,
女/リリーフトップス・裏♀,
女/リリーフボトムス・裏♀,
女/リリーフブーツ・裏♀,
女/リリーフバックアームズ・裏♀,
男/ロフティアバターセット,
女/ロフティアバターセット,
男/紅玉の魔装束セット,
女/紅玉の魔装束セット,
男/青金石の魔装束セット,
女/青金石の魔装束セット,
男/黄玉の魔装束セット,
女/黄玉の魔装束セット,
男/瑪瑙の魔装束セット,
女/瑪瑙の魔装束セット,
男/緑柱石の魔装束セット,
女/緑柱石の魔装束セット,
男/コードセット,
女/コードセット,
男/コードセットα,
女/コードセットα,
男/コードヘブン♂,
男/コードアース♂,
女/コードヘブン♀,
女/コードアース♀,
男/シモン・ラプラスγ（新月）♂,
男/シモン・ラプラスγ（満月）♂,
女/シモン・ラプラスγ（新月）♀,
女/シモン・ラプラスγ（満月）♀,
男/アルカナアバターⅣセット,
女/アルカナアバターⅢセット,
男/アルカナアバターⅣセットα,
女/アルカナアバターⅢセットα,
男/皇帝の冠♂,
男/皇帝の衣♂,
男/皇帝の外套♂,
女/女帝の冠♀,
女/女帝の衣♀,
女/女帝の外套♀,
男/リセプターアバターセット,
女/アゴニストアバターセット,
男/カロルセット,
女/カロルセット,
男/カロルセットα,
女/カロルセットα,
男/カロルハット♂,
男/カロルスーツ♂,
男/カロルスラックス♂,
男/カロルシューズ♂,
女/カロルベレー♀,
女/カロルローブ♀,
女/カロルミトン♀,
女/カロルブーツ♀,
男/Ｇｒｅｇｏｒｉｏｓ♂,
女/Ｇｒｅｇｏｒｉｏｓ♀,
男/協調と繁栄のセット,
女/協調と繁栄のセット,
男/協調と繁栄のセットα,
女/協調と繁栄のセットα,
男/デビルＤｒ・ソウルメイトセット,
女/デビルＤｒ・ソウルメイトセット,
男/アルカナアバター０・逆セット,
女/アルカナアバター０・逆セット,
男/アルカナアバター０・逆セットα,
女/アルカナアバター０・逆セットα,
男/愚者の外套・逆♂,
女/愚者の外套・逆♀,
男/ディビジョンアバターⅡセット,
女/ディビジョンアバターⅡセット,
男/ディビジョンアバターⅡセットα,
女/ディビジョンアバターⅡセットα,
男/奉神装束・祓神セット,
女/奉神装束・祓神セット,
男/奉神装束・祓神セットα,
女/奉神装束・祓神セットα,
クリスマスルビーリング,
クリスマスサファイアリング,
クリスマスシトリンリング,
男/ムーブランタンハット・歓待♂,
女/ムーブランタンハット・歓待♀,
男/学生衣装・赤セット,
女/学生衣装・赤セット,
魂合石・大角,
魂合石・角宿一,
魂合石・五帝座一,
魂合石・常陳一,
男/Ｄ・Ｄ・Ｓ（Ｂｌｉｔｚ）♂,
女/Ｄ・Ｄ・Ｓ（Ｂｌｉｔｚ）♀,
男/Ｄ・Ｄ・Ｓ（Ｂｌａｓｔ）♂,
女/Ｄ・Ｄ・Ｓ（Ｂｌａｓｔ）♀,
男/ラヴァーズ・紫アバターセット,
女/ラヴァーズ・紫アバターセット,
男/ラヴァーズ・紫アバターセットα,
女/ラヴァーズ・紫アバターセットα,
男/アドバンスナックル♂,
女/アドバンスコンプレラ♀,
男/ＴｙｐｅＭ：アドバンス♂,
女/ＴｙｐｅＭ：アドバンス♀,
男/ＴｙｐｅＳ：アドバンス♂,
女/ＴｙｐｅＳ：アドバンス♀,
男/ＴｙｐｅＴ：アドバンス♂,
女/ＴｙｐｅＴ：アドバンス♀,
男/ムーブナックル♂,
女/ムーブコンプレラ♀,
男/ＴｙｐｅＭ：ムーブ♂,
女/ＴｙｐｅＭ：ムーブ♀,
男/ＴｙｐｅＳ：ムーブ♂,
女/ＴｙｐｅＳ：ムーブ♀,
男/ＴｙｐｅＴ：ムーブ♂,
女/ＴｙｐｅＴ：ムーブ♀,
男/ヴィクトリアンアバターセット,
女/ヴィクトリアンアバターセット,
男/ヴィクトリアンアバターセットα,
女/ヴィクトリアンアバターセットα,
男/亡国のシンボルセット,
女/亡国のシンボルセット,
男/モードアバターチケットセット,
女/モードアバターチケットセット,
男/モードアバターセット,
女/モードアバターセット,
ヘアカラー・パステルレッド,
ヘアカラー・パステルブルー,
ヘアカラー・パステルピンク,
ヘアカラー・パステルグリーン,
ヘアカラー・パステルパープル,
男/聖職者の衣装・速セット,
女/聖職者の衣装・速セット,
男/聖職者の衣装・力セット,
女/聖職者の衣装・力セット,
男/聖職者の衣装・魔セット,
女/聖職者の衣装・魔セット,
男/ネコ足スリッパ（三毛）♂,
女/ネコ足スリッパ（三毛）♀,
男/ネコ足スリッパ（白）♂,
女/ネコ足スリッパ（白）♀,
男/ネコ足スリッパ（茶トラ）♂,
女/ネコ足スリッパ（茶トラ）♀,
男/狐面・裏♂,
女/狐面・裏♀,
男/ハートフレームネックレス♂,
女/ハートフレームネックレス♀,
男/ヘアカタログ・ミディアムシャギー♂,
男/ヘアカタログ・クールショート♂,
女/ヘアカタログ・レイヤーボブ♀,
女/ヘアカタログ・おさげ♀,
男/メッシュヘア・クールショート♂,
男/メッシュヘア・クールレイヤー♂,
男/メッシュヘア・ワンサイドフォール♂,
男/メッシュヘア・ミディアムシャギー♂,
男/メッシュヘア・ストリーム♂,
男/メッシュヘア・セミロングシャギー♂,
女/メッシュヘア・センターパート♀,
女/メッシュヘア・キューティーカール♀,
女/メッシュヘア・オリエンタルテール♀,
女/メッシュヘア・おさげ♀,
女/メッシュヘア・ショートドール♀,
女/メッシュヘア・レイヤーボブ♀,
男/巡遊する者のセット,
女/巡遊する者のセット,
男/巡遊する者のセットα,
女/巡遊する者のセットα,
男/シルキーコーディネートセット,
女/シルキーコーディネートセット,
男/共同体社会支給の制服♂,
女/饗宴へと導く者のクロース♀,
男/共同体社会支給の制服α♂,
女/饗宴へと導く者のクロースα♀,
男/ハートピースネックレス♂,
女/ハートピースネックレス♀,
男/隆盛のシンボルセット,
女/隆盛のシンボルセット,
男/アナザーヒーロークロース♂,
女/アナザーヒロインクロース♀,
オニマルセイバー,
ムソウイチモンジ,
男/ジャアクなる放浪者の腕章♂,
女/ジャアクなる放浪者の腕章♀,
男/アナザーヒーロークロースα♂,
女/アナザーヒロインクロースα♀,
５００００マグネタイト,
男/ボルディアバターセット,
女/ボルディアバターセット,
男/ボルディアバターセットα,
女/ボルディアバターセットα,
男/アルカナアバターⅩⅢ・逆セット,
女/アルカナアバターⅩⅢ・逆セット,
男/アルカナアバターⅩⅢ・逆セットα,
女/アルカナアバターⅩⅢ・逆セットα,
男/ファーレンアバター・黒セット,
女/ファーレンアバター・黒セット,
男/ファーレンアバター・黒αセット,
女/ファーレンアバター・黒αセット,
男/チェインリビドー♂,
女/チェインリビドー♀,
男/チェインリビドーα♂,
女/チェインリビドーα♀,
男/深淵ニ秘匿サレシ星芒♂,
女/深淵ニ秘匿サレシ星芒♀,
契の玉・蒼穹,
契の玉・翠嶺,
契の玉・紅霞,
真那伽の香（小）,
羅国の香（小）,
伽羅の香（小）,
ブルーバレット（３日）,
グリーンバレット（３日）,
レッドバレット（３日）,
男/セデュラスクロース♂,
女/セデュラスクロース♀,
男/フェアネスクロース♂,
女/フェアネスクロース♀,
男/リゾルトクロース♂,
女/リゾルトクロース♀,
セデュラスデータチケット,
フェアネスデータチケット,
リゾルトデータチケット,
アリスセット,
ピクシーセット,
カハクセット,
クー・フーリンセット,
アシッドアーツ＆調律・仲魔引換券,
アシッドアーツ・ブラウン,
アシッドアーツ・チョコレート,
アシッドアーツ・ピンク,
アシッドアーツ・ブルー,
物霊結晶（頭・エキセントリック）,
物霊結晶（胴・エキセントリック）,
物霊結晶（腰・エキセントリック）,
物霊結晶（足・エキセントリック）,
物霊結晶（頭・大和）,
物霊結晶（胴・大和）,
物霊結晶（足・大和）,
物霊結晶（顔１・モダン）,
物霊結晶（顔２・モダン）,
物霊結晶（首・モダン）,
物霊結晶（腕１・モダン）,
物霊結晶（腕２・モダン）,
男/伊達ワルコーディネイトセット,
女/伊達ワルコーディネイトセット,
男/ブラックレイニー衣装セット,
女/ブラックレイニー衣装セット,
男/五道の丑ＣＯＭＰ♂,
女/五道の丑ＣＯＭＰ♀,
男/五道のシルバーパラディオン♂,
女/五道のシルバーパラディオン♀,
男/白/Ｒｘ：ブレスド衣装セット,
女/白/Ｒｘ：ブレスド衣装セット,
男/伊達ワルコーディネイトαセット,
女/伊達ワルコーディネイトαセット,
女/血塗られし韻士のクロース・異♀,
女/拝神せし者のクロース・異♀,
物霊結晶（頭・戦）,
物霊結晶（胴・戦）,
物霊結晶（腕・戦）,
物霊結晶（足・戦）,
物霊結晶（首・戦）,
物霊結晶（胴・パッション）,
物霊結晶（腕・パッション）,
物霊結晶（頭・新天地）,
物霊結晶（胴・新天地）,
物霊結晶（腕・新天地）,
物霊結晶（腰・新天地）,
物霊結晶（足・新天地）,
物霊結晶（首・新天地）,
物霊結晶（頭・コンサート）,
物霊結晶（顔・コンサート）,
物霊結晶（胴・コンサート）,
物霊結晶（腰・コンサート）,
物霊結晶（足・コンサート）,
男/螺旋のシンボルセット,
女/螺旋のシンボルセット,
男/Ｒｘ：学生衣装・白セット,
女/Ｒｘ：学生衣装・白セット,
ファッションデータチケットセット,
男/ヘアカタログチケット♂,
女/ヘアカタログチケット♀,
ニューヘアカタログチケット,
ニューヘアカタログチケットⅡ,
男/メッシュヘアカタログチケット♂,
女/メッシュヘアカタログチケット♀,
ヘアカラーデータチケット,
ニューヘアカラーデータチケット,
アイカラーデータチケット,
オッドアイデータチケット,
星宿セット,
男/シーキングパイプ,
男/シーキングモノクル,
男/シーキングフォブウォッチ,
男/シーキングキャメラ,
女/シーキングパイプ,
女/シーキングモノクル,
女/シーキングフォブウォッチ,
女/シーキングキャメラ,
シーキングダイアリー,
男/くったりアズラ♂,
女/くったりアズラ♀,
男/アニマルセット・リス,
女/アニマルセット・リス,
男/アニマルセット・キツネ,
女/アニマルセット・キツネ,
男/アニマルセット・ウサギ,
女/アニマルセット・ウサギ,
男/Ｒｘ：学生衣装・黒セット,
女/Ｒｘ：学生衣装・黒セット,
男/夜叉丸衣装セット,
女/夜叉丸衣装セット,
男/夜叉丸衣装αセット,
女/夜叉丸衣装αセット,
全書メモリ/アリス,
全書メモリ/マタドール,
全書メモリ/ヘルズエンジェル,
全書メモリ/ホワイトライダー,
全書メモリ/レッドライダー,
全書メモリ/ブラックライダー,
全書メモリ/ペイルライダー,
全書メモリ/ジャンヌ,
全書メモリ/トキサダ,
全書メモリ/だいそうじょう,
男/サマーズビートαセット,
女/サマーズビートαセット,
物霊結晶（耳・Ｃｒｉｍｅ）,
物霊結晶（首・Ｃｒｉｍｅ）,
物霊結晶（指・Ｃｒｉｍｅ）,
物霊結晶（護符・Ｃｒｉｍｅ）,
男/デビルパイレーツ・青セット,
女/デビルパイレーツ・青セット,
男/デビルパイレーツ・青αセット,
女/デビルパイレーツ・青αセット,
男/Ｒｘ：メディカル衣装セット,
女/Ｒｘ：メディカル衣装セット,
男/虚構の瞳♂,
女/虚構の瞳♀,
嘆きのオーブ,
狂いのオーブ,
怒りのオーブ,
迷いのオーブ,
畏れのオーブ,
男/レゾネーターセット＆アサルトバッジ,
男/レゾネーターセット＆バスターバッジ,
男/レゾネーターセット＆マジックバッジ,
女/レゾネーターセット＆アサルトバッジ,
女/レゾネーターセット＆バスターバッジ,
女/レゾネーターセット＆マジックバッジ,
男/くったりジャックフロスト♂,
女/くったりジャックフロスト♀,
アイカラー・サンセット,
アイカラー・セルリアン,
アイカラー・キャンディピンク,
男/ルインズアバターα,
女/メシアアバターα,
男/ヴァイオレンスアバターα,
女/ナイトウィッチアバターα,
男/カオスヒーローアバターα,
女/アヌーンアバターα,
男/ロイファーアバターセット,
女/ロイファーアバターセット,
男/ロイファーアバターセットα,
女/ロイファーアバターセットα,
男/イデムライセンスセット,
女/イデムライセンスセット,
ヴィスペネトレイター,
ヴィスレボルバー,
物霊結晶（胴・ルネサンス）,
物霊結晶（腕・ルネサンス）,
物霊結晶（腰・ルネサンス）,
物霊結晶（足・ルネサンス）,
男/ウイングオブブレシング♂,
女/ウイングオブブレシング♀,
男/デンジャラスＣＯＭＰ♂,
女/デンジャラスＣＯＭＰ♀,
男/アレイスター♂,
女/アレイスター♀,
男/マジシャンセット,
女/マジシャンセット,
男/マジシャンセットα,
女/マジシャンセットα,
男/Ｄ・Ｄ・Ｓ（バンプ）♂,
女/Ｄ・Ｄ・Ｓ（バンプ）♀,
男/シュバルツセット,
女/シュバルツセット,
男/スワーミーモノクル♂,
女/スワーミーモノクル♀,
ファイターズカード・Ｘ７２０,
ガンナーズカード・Ｘ７２０,
マジシャンズカードＴⅠ・Ｘ７２０,
マジシャンズカードＴⅡ・Ｘ７２０,
Ｆ’ｓカード・Ｘ７２０（仲魔）,
Ｇ’ｓカード・Ｘ７２０（仲魔）,
Ｍ’ｓカードＴⅠ・Ｘ７２０(仲魔),
Ｍ’ｓカードＴⅡ・Ｘ７２０(仲魔),
男/オニビトの衣装セット,
女/オニビトの衣装セット,
男/京紫のクリスタルセット,
女/京紫のクリスタルセット,
男/クリスタルスクトゥム・紫♂,
女/クリスタルスクトゥム・紫♀,
男/オニビトの衣装αセット,
女/オニビトの衣装αセット,
物霊結晶（頭・エレガント）,
物霊結晶（胴・エレガント）,
物霊結晶（腕・エレガント）,
物霊結晶（足・エレガント）,
物霊結晶（頭・コンサート黒）,
物霊結晶（顔・コンサート黒）,
物霊結晶（胴・コンサート黒）,
物霊結晶（腰・コンサート黒）,
物霊結晶（足・コンサート黒）,
物霊結晶（顔１・Ａｎｏｔｈｅｒ）,
物霊結晶（顔２・Ａｎｏｔｈｅｒ）,
物霊結晶（顔３・Ａｎｏｔｈｅｒ）,
毘沙霊刃・改,
天楼白刃・改,
影斬・改,
暴雀舞刃・改,
妖刀・零・改,
燕墜刀・改,
フランボワヤン・改,
ショテルセレスチャル・改,
イナズマ・エッジ・改,
雷公砲・改,
ジャッジメントデイ・改,
天威霧砲・改,
Ｇｒａｖｅｌ－Ｉ・改,
ＳＣＡＴＴＥＲ－ＳＧ・改,
ＧＡＭＩＣ－２０・改,
ブルトレーゲン・改,
ブレイジングフリッカー・改,
パニッシュメント・改,
男/くったりクロエ♂,
女/くったりクロエ♀,
男/フロントコンプレラ・紅傘♂,
女/フロントコンプレラ・紅傘♀,
男/フロントサモングラブ♂,
女/フロントサモングラブ♀,
男/フォースアバター・裏セット,
女/フォースアバター・裏セット,
エピタフパーツ【火炎高揚】,
エピタフパーツ【氷結高揚】,
エピタフパーツ【電撃高揚】,
エピタフパーツ【衝撃高揚】,
男/フォースアバター・裏αセット,
女/フォースアバター・裏αセット,
男/ミスター業守斗α♂,
女/ミスター業守斗α♀,
男/ガルムテイルα♂,
女/ガルムテイルα♀,
サキュバスの下僕たちα,
幻夢闇経α,
男/ネコマタテイルα♂,
女/ネコマタテイルα♀,
キャンペーンお得セット,
キャンペーン仲魔セット,
男/十番マスク♂,
女/十番マスク♀,
男/スチガマスク♂,
女/スチガマスク♀,
男/ロリポップアバターセット,
女/ロリポップアバターセット,
男/ロリポップアバターαセット,
女/ロリポップアバターαセット,
男/ノクトアバターセット,
女/ノクトアバターセット,
男/ノクトアバターαセット,
女/ノクトアバターαセット,
男/Ｒｘ：奉武衣装・赤セット,
男/Ｒｘ：奉武衣装・白セット,
男/Ｒｘ：奉武衣装・青セット,
女/Ｒｘ：奉舞衣装・赤セット,
女/Ｒｘ：奉舞衣装・黒セット,
女/Ｒｘ：奉舞衣装・水セット,
物霊結晶（耳・Ｓｐｒｅａｄ）,
物霊結晶（首・Ｓｐｒｅａｄ）,
物霊結晶（指・Ｓｐｒｅａｄ）,
物霊結晶（護符・Ｓｐｒｅａｄ）,
男/創造の衣（４Ｇａｍｅｒ）♂,
女/創造の衣（４Ｇａｍｅｒ）♀,
ブーストリング・リチウム,
ブーストリング・ジルコニウム,
ブーストリング・チタン,
ブーストリング・パラジウム,
ブーストリング・セレン,
ファイターズカード・Ｘ２４,
ガンナーズカード・Ｘ２４,
マジシャンズカードＴⅠ・Ｘ２４,
マジシャンズカードＴⅡ・Ｘ２４,
Ｆ’ｓカード・Ｘ２４（仲魔）,
Ｇ’ｓカード・Ｘ２４（仲魔）,
Ｍ’ｓカードＴⅠ・Ｘ２４（仲魔）,
Ｍ’ｓカードＴⅡ・Ｘ２４（仲魔）,
男/アルカナアバターⅩⅧ・逆セット,
女/アルカナアバターⅩⅧ・逆セット,
男/アルカナアバターⅩⅧ・逆αセット,
女/アルカナアバターⅩⅧ・逆αセット,
エピタフパーツ【火炎装填数】,
エピタフパーツ【氷結装填数】,
エピタフパーツ【電撃装填数】,
エピタフパーツ【衝撃装填数】,
ルーンストーンセットＡ,
ルーンストーンセットＢ,
大きなルーンストーンセットＡ,
大きなルーンストーンセットＢ,
理の砂セットＡ,
理の砂セットＢ,
セデュラスⅡデータチケット,
フェアネスⅡデータチケット,
リゾルトⅡデータチケット,
男/リゾルトクロースⅡ♂,
女/リゾルトクロースⅡ♀,
男/セデュラスクロースⅡ♂,
女/セデュラスクロースⅡ♀,
男/フェアネスクロースⅡ♂,
女/フェアネスクロースⅡ♀,
セデュラスⅡデータチケットα,
フェアネスⅡデータチケットα,
リゾルトⅡデータチケットα,
男/リゾルトクロースⅡα♂,
女/リゾルトクロースⅡα♀,
男/セデュラスクロースⅡα♂,
女/セデュラスクロースⅡα♀,
男/フェアネスクロースⅡα♂,
女/フェアネスクロースⅡα♀,
男/ハルシオンアバターセット,
女/ハルシオンアバターセット,
男/ハルシオンアバターαセット,
女/ハルシオンアバターαセット,
男/ソウルブレイカー・紫セット,
女/ソウルブレイカー・紫セット,
男/ソウルブレイカー・紫αセット,
女/ソウルブレイカー・紫αセット,
男/Ｒｘ：蜀衣装セット,
男/Ｒｘ：魏衣装セット,
男/Ｒｘ：呉衣装セット,
女/Ｒｘ：蜀衣装セット,
女/Ｒｘ：魏衣装セット,
女/Ｒｘ：呉衣装セット,
魂合石チケット・三垣（零～伍）,
魂合石チケット・三垣（陸～結）,
魂合石データチケット三垣－零－,
魂合石データチケット三垣－壱－,
魂合石データチケット三垣－弐－,
魂合石データチケット三垣－参－,
魂合石データチケット三垣－肆－,
魂合石データチケット三垣－伍－,
魂合石データチケット三垣－陸－,
魂合石データチケット三垣－漆－,
魂合石データチケット三垣－捌－,
魂合石データチケット三垣－玖－,
魂合石データチケット三垣－拾－,
魂合石データチケット三垣－結－,
男/孤狼の錬兵セット,
女/彩狐の錬兵セット,
男/ウマスク♂,
男/シロウマスク♂,
男/シマウマスク♂,
女/ウマスク♀,
女/シロウマスク♀,
女/シマウマスク♀,
男/ホースライディング・赤セット,
女/ホースライディング・赤セット,
男/ホースライディング・赤αセット,
女/ホースライディング・赤αセット,
男/ライディングキャップ・赤♂,
男/ライディングクロース・赤♂,
男/ライディングブーツ・赤♂,
男/ライディンググローブ・赤♂,
女/ライディングキャップ・赤♀,
女/ライディングクロース・赤♀,
女/ライディングブーツ・赤♀,
女/ライディンググローブ・赤♀,
女/ＡＭＰ旧制服♀,
銀のダガー,
男/サイレントメビウスアバター,
女/サイレントメビウスアバター,
男/アルカナアバターⅧセット,
女/アルカナアバターⅧセット,
男/アルカナアバターⅧセットα,
女/アルカナアバターⅧセットα,
男/アルカナアバターⅣチケットα,
女/アルカナアバターⅢチケットα,
男/五道のノスタルジアセット,
女/五道のノスタルジアセット,
男/サイレントメビウスアバターα,
女/サイレントメビウスアバターα,
男/ディテクティブアバター・白セット,
女/ディテクティブアバター・白セット,
男/ヤングソウル・緑セット,
女/ヤングソウル・緑セット,
男/アーミーアバターセット,
女/アーミーアバターセット,
男/くったりセツ♂,
女/くったりセツ♀,
男/ディテクティブアバター・白αセット,
女/ディテクティブアバター・白αセット,
男/ヤングソウル・緑αセット,
女/ヤングソウル・緑αセット,
男/アーミーアバターαセット,
女/アーミーアバターαセット,
女/血鶴の下着♀,
女/オガミの下着♀,
女/血鶴の下着・異♀,
女/オガミの下着・異♀,
男/プライムグラス♂,
女/プライムグラス♀,
男/道化師の外套♂,
女/道化師の外套♀,
女/血塗られし韻士のクロース♀,
女/拝神せし者のクロース♀,
男/イデムライセンス（仲魔）セット,
女/イデムライセンス（仲魔）セット,
男/バウンサーアバターセット,
女/バウンサーアバターセット,
男/バウンサーアバターαセット,
女/バウンサーアバターαセット,
男/ＤＤＳデュオ（火・氷）♂,
女/ＤＤＳデュオ（火・氷）♀,
男/ＤＤＳデュオ（電・風）♂,
女/ＤＤＳデュオ（電・風）♀,
男/アイアース♂,
女/アイアース♀,
男/ジェイラーアバターセット,
女/ジェイラーアバターセット,
男/ジェイラーアバター・裏セット,
女/ジェイラーアバター・裏セット,
男/ジェイラーマント♂,
女/ジェイラーマント♀,
男/ジェイラーアバターαセット,
女/ジェイラーアバターαセット,
男/くったりジャアクフロスト♂,
女/くったりジャアクフロスト♀,
男/くったりフロストエース♂,
女/くったりフロストエース♀,
男/煌天の翼♂,
女/煌天の翼♀,
男/虚空の霹靂♂,
女/虚空の霹靂♀,
大地の鳴動,
無告の血涙,
楽園支配の終焉,
男/統制の衣（４Ｇａｍｅｒ）♂,
女/統制の衣（４Ｇａｍｅｒ）♀,
男/挽歌のシンボル,
女/挽歌のシンボル,
男/罪科の証♂,
女/罪科の証♀,
情と理の交錯,
孀婦の血涙,
怨嗟の塊,
男/支配と勝利の仮面♂,
男/欲望と戦争の仮面♂,
男/餓えと貧困の仮面♂,
男/死と疫病の仮面♂,
女/支配と勝利の仮面♀,
女/欲望と戦争の仮面♀,
女/餓えと貧困の仮面♀,
女/死と疫病の仮面♀,
魂合石・地獄,
魂合石・餓鬼,
魂合石・畜生,
魂合石・修羅,
魂合石・人間,
魂合石・天上,
魂合石・声聞,
魂合石・縁覚,
魂合石・菩薩,
魂合石・佛,
男/アルカナアバターⅩⅤセット,
女/アルカナアバターⅩⅤセット,
男/アルカナアバターⅩⅤセットα,
女/アルカナアバターⅩⅤセットα,
ＡＶＡＬＯＮ－２４・紅蓮式,
ヘヴンズアポストロ・紅蓮式,
西方行脚・紅蓮式,
天上天下・紅蓮式,
ＡＶＡＬＯＮ－２４・雷電式,
ヘブンズアポストロ・雷電式,
西方行脚・雷電式,
天上天下・雷電式,
男/欲望に穢れし金色の冠♂,
女/欲望に穢れし金色の冠♀,
男/真・軽子坂高校制服♂,
男/真・意志のアバター♂,
男/真・統治のアバター♂,
女/真・軽子坂高校制服♀,
女/真・行動のアバター♀,
女/真・神秘のアバター♀,
男/真・キョウジアバター♂,
男/真・デビルサマナーアバター♂,
男/真・パトリスアバター♂,
女/真・レイホゥアバター♀,
女/真・マキナアバター♀,
女/真・ネミッサスーツ♀,
女/真・メアリアバター♀,
男/軽子坂ブレザー・ソウルメイト♂,
男/軽子坂スラックス・ソウルメイト♂,
男/軽子坂シューズ・ソウルメイト♂,
女/軽子坂ブレザー・ソウルメイト♀,
女/軽子坂スカート・ソウルメイト♀,
女/軽子坂シューズ・ソウルメイト♀,
男/ミスター業守斗（怒）♂,
女/ミスター業守斗（怒）♀,
男/夜叉丸衣装・白セット,
女/夜叉丸衣装・白セット,
男/夜叉丸衣装・白セットα,
女/夜叉丸衣装・白セットα,
ヴィススティンガー,
ヴィスイレイザー,
蘇生のメノラー,
長成のメノラー,
完成のメノラー,
男/孔雀の法衣♂,
女/孔雀の法衣♀,
男/孔雀の法衣α♂,
女/孔雀の法衣α♀,
男/ＡＲ－ＣＯＭＰ♂,
女/ＡＲ－ＣＯＭＰ♀,
タロットメイキング（α式）×５,
ソウルストーンメイキング（α式）×５,
ＭＡＧプレッサーα×１０,
一攫千金の葛籠,
男/ジョーイアバター♂,
女/ジョーイアバター♀,
キンググローブ（神の拳）,
キンググローブ（後の先）,
男/アナザーヒーロークロース・異♂,
女/アナザーヒロインクロース・異♀,
男/ジョーイアバターα♂,
女/ジョーイアバターα♀,
男/アナザーヒーロークロース異α♂,
女/アナザーヒロインクロース異α♀,
魂合石・光環,
魂合石・月暈,
男/アルカナアバターⅩⅡ,
女/アルカナアバターⅩⅡ,
男/アルカナアバターⅩⅡα,
女/アルカナアバターⅩⅡα,
男/神速シューズ♂,
女/神速シューズ♀,
男/螺旋のイデムライセンスセット,
女/螺旋のイデムライセンスセット,
男/グリッドスーツセット,
女/グリッドスーツセット,
男/グリッドスーツαセット,
女/グリッドスーツαセット,
男/フルネスアバター・黒セット,
女/フルネスアバター・黒セット,
男/フルネスアバター・黒αセット,
女/フルネスアバター・黒αセット,
男/フレッシュカレッジセット,
女/フレッシュカレッジセット,
男/フレッシュカレッジαセット,
女/フレッシュカレッジαセット,
男/神速シューズ・青♂,
女/神速シューズ・青♀,
男/ＪＡＰＡＮペイント♂,
女/ＪＡＰＡＮペイント♀,
男/赤ほっぺ♂,
女/赤ほっぺ♀,
魂合石・星合,
魂合石・鵲橋,
男/権威者の外套♂,
女/権威者の外套♀,
男/くったりヤギミヤ♂,
女/くったりヤギミヤ♀,
男/アルカナアバターⅤ・逆セット,
女/アルカナアバターⅡ・逆セット,
男/アルカナアバターⅤ・逆αセット,
女/アルカナアバターⅡ・逆αセット,
男/Ｈｏｌｇｅｒ♂,
女/Ｈｏｌｇｅｒ♀,
リプルソード,
ピースメーカー,
男/スヴァリンアバターセット,
女/スヴァリンアバターセット,
男/スヴァリンアバター・裏セット,
女/スヴァリンアバター・裏セット,
男/Ｄ・Ｄ・Ｓ（マージ）♂,
女/Ｄ・Ｄ・Ｓ（マージ）♀,
男/ジャアクＦスーツ・デジタラクト♂,
女/ジャアクＦスーツ・デジタラクト♀,
男/ソウルリンカーセット,
女/ソウルリンカーセット,
男/真・ソウルリンカーセット,
女/真・ソウルリンカーセット,
男/共同体社会支給の制服・異♂,
女/饗宴へと導く者のクロース・異♀,
男/親切なデビルバスターの衣・異♂,
女/ヤギヌマの衣・異♀,
ヴィスハルベルト,
ヴィススカッター,
男/幻石のシンボルセット,
女/幻石のシンボルセット,
男/ヤギ一族の角♂,
女/ヤギ一族の角♀,
男/アウトプレッジ♂,
女/アウトプレッジ♀,
男/ヴァイスアバターセット,
女/ヴァイスアバターセット,
男/ヴァイスアバターαセット,
女/ヴァイスアバターαセット,
セデュラスⅢデータチケット,
フェアネスⅢデータチケット,
リゾルトⅢデータチケット,
セデュラスⅢデータチケットα,
フェアネスⅢデータチケットα,
リゾルトⅢデータチケットα,
男/セデュラスクロースⅢ♂,
女/セデュラスクロースⅢ♀,
男/セデュラスクロースⅢα♂,
女/セデュラスクロースⅢα♀,
男/フェアネスクロースⅢ♂,
女/フェアネスクロースⅢ♀,
男/フェアネスクロースⅢα♂,
女/フェアネスクロースⅢα♀,
男/リゾルトクロースⅢ♂,
女/リゾルトクロースⅢ♀,
男/リゾルトクロースⅢα♂,
女/リゾルトクロースⅢα♀,
男/デビルドクター・黒セット,
女/デビルドクター・黒セット,
男/真・ヴァイスアバターセット,
女/真・ヴァイスアバターセット,
真・セデュラスⅢデータチケット,
真・フェアネスⅢデータチケット,
真・リゾルトⅢデータチケット,
男/真・セデュラスクロースⅢ♂,
女/真・セデュラスクロースⅢ♀,
男/真・フェアネスクロースⅢ♂,
女/真・フェアネスクロースⅢ♀,
男/真・リゾルトクロースⅢ♂,
女/真・リゾルトクロースⅢ♀,
男/スリラー・デジタラクトセット,
女/スリラー・デジタラクトセット,
男/スリラーイヤー・デジタラクト♂,
男/スリラーオーバー・デジタラクト♂,
男/スリラーハンド・デジタラクト♂,
男/スリラーパンツ・デジタラクト♂,
男/スリラーシューズ・デジタラクト♂,
男/スリラーテイル・デジタラクト♂,
女/スリラーハット・デジタラクト♀,
女/スリラーフェイス・デジタラクト♀,
女/スリラードレス・デジタラクト♀,
女/スリラーハンド・デジタラクト♀,
女/スリラーヒール・デジタラクト♀,
女/スリラーテイル・デジタラクト♀,
男/スーパー神速シューズ・青♂,
女/スーパー神速シューズ・青♀,
男/欲望に穢れし金色の冠・裏♂,
女/欲望に穢れし金色の冠・裏♀,
男/フロントサモンウィンドベル♂,
女/フロントサモンウィンドベル♀,
ハルモニアチケット【ギア】,
ハルモニアチケット【アーマー】,
男/ディヴァインギア・ハルモニア♂,
女/ディヴァインギア・ハルモニア♀,
男/ディヴァインアーマー・ハルモニア♂,
女/ディヴァインアーマー・ハルモニア♀,
男/ディヴァインスラスト・ハルモニア♂,
女/ディヴァインスラスト・ハルモニア♀,
男/アマラリング♂,
女/アマラリング♀,
男/悪意の手♂,
女/悪意の手♀,
男/ヒーホーリング♂,
女/ヒーホーリング♀,
男/イビルフーセンガム♂,
女/イビルフーセンガム♀,
大きなルーンストーン引換え券Ａ,
大きなルーンストーン引換え券Ｂ,
大きな勝利のルーンストーン,
大きな秘密のルーンストーン,
大きな変化のルーンストーン,
大きな守りのルーンストーン,
大きな勇気のルーンストーン,
大きな破壊のルーンストーン,
大きな移送のルーンストーン,
大きな知識のルーンストーン,
大きな忍耐のルーンストーン,
大きな豊穣のルーンストーン,
大きな生命のルーンストーン,
大きな運命のルーンストーン,
男/秋赤音の衣セット,
女/秋赤音の衣,
男/秋赤音の衣αセット,
女/秋赤音の衣α,
男/パープルレーベルセット,
女/パープルレーベルセット,
男/パープルレーベルαセット,
女/パープルレーベルαセット,
男/螺旋のイデムセット・仲魔,
女/螺旋のイデムセット・仲魔,
ＳＲプログラム×１０,
奈落の鍵×１０,
男/フロストスーツ・デジタラクト♂,
女/フロストスーツ・デジタラクト♀,
男/チャーミングインナー♂,
女/チャーミングインナー♀,
男/アウトリミテーション♂,
女/アウトリミテーション♀,
男/舞踏衣装・青セット,
女/舞踏衣装・青セット,
男/舞踏衣装・青αセット,
女/舞踏衣装・青αセット,
ソニドリ,
タイムレス,
男/キュリオスアバターセット,
女/キュリオスアバターセット,
男/キュリオスアバターαセット,
女/キュリオスアバターαセット,
ヴィスブレード,
ヴィスクラッシャー,
男/亡国（仲魔）のシンボルセット,
女/亡国（仲魔）のシンボルセット,
男/モデスティアバターセット,
女/モデスティアバターセット,
男/モデスティアバターαセット,
女/モデスティアバターαセット,
男/道化師の外套・黒♂,
女/道化師の外套・黒♀,
男/ソリッドタナトス♂,
女/ソリッドタナトス♀,
男/ソリッドサイン♂,
女/ソリッドサイン♀,
男/シャルムジュエルセット,
女/シャルムジュエルセット,
男/シャルムジュエル（仲魔）セット,
女/シャルムジュエル（仲魔）セット,
男/虚空の霹靂（仲魔）♂,
女/虚空の霹靂（仲魔）♀,
大地の鳴動（仲魔）,
無告の血涙（仲魔）,
楽園支配の終焉（仲魔）,
男/あきばサンダル・赤♂,
女/あきばサンダル・赤♀,
男/あきばサンダル・青♂,
女/あきばサンダル・青♀,
男/あきばサンダル・緑♂,
女/あきばサンダル・緑♀,
男/ファー付きあきばサンダル♂,
女/ファー付きあきばサンダル♀,
経験の香（１０倍・トレード不可）×２,
経験の香（仲魔１０倍・譲渡不可）×２,
男/フォースアバター・黒セット,
女/フォースアバター・黒セット,
男/フォースアバター・黒αセット,
女/フォースアバター・黒αセット,
男/スノウエスケープセット,
女/スノウエスケープセット,
男/スノウエスケープキャップ♂,
男/スノウエスケープアバター♂,
男/トレッキングバッグ♂,
女/スノウエスケープキャップ♀,
女/スノウエスケープアバター♀,
女/トレッキングバッグ♀,
男/デビルカレッジ♂,
女/デビルカレッジ♀,
男/デビルカレッジα♂,
女/デビルカレッジα♀,
男/乱破装束・参セット,
女/乱破装束・参セット,
男/乱破面頬・参♂,
男/乱破手拭・参♂,
男/乱破鎖帷子・参♂,
男/乱破篭手・参♂,
男/乱破脚絆・参♂,
女/乱破面頬・参♀,
女/乱破手拭・参♀,
女/乱破鎖帷子・参♀,
女/乱破篭手・参♀,
女/乱破脚絆・参♀,
男/めぇめぇメット♂,
女/めぇめぇメット♀,
男/真・ロウヒーロークロース♂,
男/真・カオスヒーロークロース♂,
男/真・カオスヒーローアバター♂,
男/真・ヴァイオレンスアバター♂,
女/真・カオスヒーロークロース♀,
女/真・ナイトウィッチアバター♀,
男/真・ルインズアバター♂,
女/真・アヌーンアバター♀,
女/真・メシアアバター♀,
男/真・モディレーターズクロース♂,
男/真・モディレーターズクロースⅡ♂,
男/真・アイソレーターズクロース♂,
男/真・スティルネスクロース♂,
男/真・プライドアバター♂,
女/真・ドミネーターズクロース♀,
女/真・ジェネシスクロース♀,
女/真・グレモリーアバター♀,
男/クリスタル・Ｄセット,
女/クリスタル・Ｄセット,
男/クリスタルスクトゥム・Ｄ♂,
女/クリスタルスクトゥム・Ｄ♀,
男/夜叉丸衣装・赤セット,
女/夜叉丸衣装・赤セット,
男/幻妖な鬼哭面♂,
女/幻妖なぬこ面♀,
エピタフパーツ【火炎高揚ＥＸ】,
エピタフパーツ【氷結高揚ＥＸ】,
エピタフパーツ【衝撃高揚ＥＸ】,
エピタフパーツ【電撃高揚ＥＸ】,
エピタフパーツ【斬撃高揚ＥＸ】,
エピタフパーツ【突撃高揚ＥＸ】,
エピタフパーツ【打撃高揚ＥＸ】,
エピタフパーツ【射撃高揚ＥＸ】,
エピタフパーツ【貫通高揚ＥＸ】,
エピタフパーツ【散弾高揚ＥＸ】,
エピタフパーツ【魔力高揚ＥＸ】,
エピタフパーツ【精神高揚ＥＸ】,
エピタフパーツ【神経高揚ＥＸ】,
エピタフパーツ【回復高揚ＥＸ】,
エピタフパーツ【破魔高揚ＥＸ】,
エピタフパーツ【呪殺高揚ＥＸ】,
エピタフパーツ【万能高揚ＥＸ】,
男/スリラーデジタラクトチケット選♂,
女/スリラーデジタラクトチケット選♀,
男/ヤングソウル・青αセット,
女/ヤングソウル・青αセット,
男/ディグニティアバターセット,
女/ディグニティアバターセット,
男/信仰の装束♂,
男/意志の装束♂,
男/放埓の装束♂,
女/信仰の装束♀,
女/意志の装束♀,
女/放埓の装束♀,
男/レガシーアバターセット,
女/レガシーアバターセット,
男/レガシーアバターαセット,
女/レガシーアバターαセット,
男/オニビトの衣装・赤セット,
女/オニビトの衣装・赤セット,
男/オニビトの衣装・赤αセット,
女/オニビトの衣装・赤αセット,
アーベントイヤー・悪心,
ベイビースマイル・悪心,
炎嗟・悪心,
絶命・悪心,
Ｈａｉｌ－Ⅰ・悪心,
粉雪・悪心,
凶風・悪心,
バーストヘイズ・悪心,
流翔・悪心,
マクスウェル・悪心,
ポジトロンライフル・悪心,
セントエルモの火・悪心,
ＤＢ応援セット,
男/悪心宿す天使衣装・白セット,
女/悪心宿す天使衣装・白セット,
男/悪心宿す天使衣装・黒セット,
女/悪心宿す天使衣装・黒セット,
男/悪心宿す紅玉の装束セット,
女/悪心宿す紅玉の装束セット,
男/悪心宿す青金石の装束セット,
女/悪心宿す青金石の装束セット,
男/悪心宿す黄玉の装束セット,
女/悪心宿す黄玉の装束セット,
男/悪心宿す瑪瑙の装束セット,
女/悪心宿す瑪瑙の装束セット,
男/デモンズコンプレラ紅傘♂,
女/デモンズコンプレラ紅傘♀,
男/デモンズコンプレラ紫傘♂,
女/デモンズコンプレラ紫傘♀,
男/ジョーイアバター・異♂,
女/ジョーイアバター・異♀,
男/ジョーイアバター・異α♂,
女/ジョーイアバター・異α♀,
男/背信者の外套♂,
女/背信者の外套♀,
男/奇術師の召喚機♂,
女/奇術師の召喚機♀,
男/ギフトパック（４Ｇａｍｅｒ）セット,
女/ギフトパック（４Ｇａｍｅｒ）セット,
男/ブライダルアバター・深紅セット,
女/ブライダルアバター・深紅セット,
男/ブライダルアバター・深紅αセット,
女/ブライダルアバター・深紅αセット,
男/デビルカレッジ（ＷＭ）♂,
女/デビルカレッジ（ＷＭ）♀,
男/ファーレンアバター・紫セット,
女/ファーレンアバター・紫セット,
男/ファーレンアバター・紫αセット,
女/ファーレンアバター・紫αセット,
男/オーメンジャケット・紫♂,
男/オーメンスラックス・紫♂,
男/オーメンブーツ・紫♂,
男/オーメンウイング・紫♂,
女/オーメンオーナメント・紫♀,
女/オーメンドレス・紫♀,
女/オーメングローブ・紫♀,
女/オーメンパンプス・紫♀,
女/オーメンウイング・紫♀,
男/洞察せし者の衣♂,
女/無垢なる者の衣♀,
男/洞察せし者の衣α♂,
女/無垢なる者の衣α♀,
男/洞察せし者のヘッドギア♂,
女/無垢なる者の眼帯♀,
セトナクト,
セイオリス,
燃え盛る熾翼,
凍てつく熾翼,
雷激帯びる熾翼,
疾風纏う熾翼,
トレースレボルバー,
トレースイレイザー,
トレースハルベルト,
トレーススティンガー,
男/追撃のイデムライセンスセット,
女/追撃のイデムライセンスセット,
男/くったりセツα♂,
男/くったりアズラα♂,
女/くったりセツα♀,
女/くったりアズラα♀,
男/裁きの魔冠♂,
女/裁きの魔冠♀,
男/裁きの刻印♂,
女/裁きの刻印♀,
男/裁きの紋章♂,
女/裁きの紋章♀,
ＧＡＬＬＥＲＩＡチケットセット,
男/歩み続ける者の衣♂,
女/歩み続ける者の衣♀,
男/歩み続ける者の衣α♂,
女/歩み続ける者の衣α♀,
男/歩み続ける者のバイザー♂,
女/歩み続ける者のバイザー♀,
男/ジェイラーアバター・白セット,
女/ジェイラーアバター・白セット,
男/ジェイラーアバター・白αセット,
女/ジェイラーアバター・白αセット,
男/ジェイラーマント・白♂,
女/ジェイラーマント・白♀,
男/追撃のイデムセット・仲魔,
女/追撃のイデムセット・仲魔,
男/支配と勝利の仮面・Ｄ♂,
男/欲望と戦争の仮面・Ｄ♂,
女/支配と勝利の仮面・Ｄ♀,
女/欲望と戦争の仮面・Ｄ♀,
男/アルカナアバター０・黄セット,
女/アルカナアバター０・黄セット,
男/アルカナアバター０・黄セットα,
女/アルカナアバター０・黄セットα,
男/愚者の外套・黄♂,
女/愚者の外套・黄♀,
男/聖火のシンボルセット,
女/聖火のシンボルセット,
男/アルカナアバターⅠ・黒セット,
女/アルカナアバターⅠ・黒セット,
男/ヴァンキッシュヘッドギア♂,
女/ヴァンキッシュヘッドギア♀,
男/ＡＲ－サイバーターミナル♂,
女/ＡＲ－サイバーターミナル♀,
男/アルカナアバターⅧ・青セット,
女/アルカナアバターⅧ・青セット,
男/スヴァリンアバター・赤セット,
女/スヴァリンアバター・赤セット,
男/バウンサーアバター・赤セット,
女/バウンサーアバター・赤セット,
男/ロウディスーツ♂,
女/ロウディスーツ♀,
男/異世界の学生服・育成セット,
女/異世界の学生服・育成セット,
男/王冠のネックレス・練♂,
女/王冠のネックレス・練♀,
男/王冠のネックレス・魂♂,
女/王冠のネックレス・魂♀,
男/王冠のネックレス・巡♂,
女/王冠のネックレス・巡♀,
男/王冠のネックレス・護♂,
女/王冠のネックレス・護♀,
男/黒い太陽のイヤリング♂,
女/黒い太陽のイヤリング♀,
男/ホースライディング・黒セット,
女/ホースライディング・黒セット,
男/ミスター業守斗（喜）♂,
女/ミスター業守斗（喜）♀,
男/翠のクリスタルセット,
女/翠のクリスタルセット,
男/クリスタルスクトゥム・翠♂,
女/クリスタルスクトゥム・翠♀,
男/グリッドスーツ・異セット,
女/グリッドスーツ・異セット,
疾駆の玉（３日）,
アリアドネの糸（３日）,
リミテッド通常弾（３日）,
解戒の実（２時間）,
ＮＳＳＲカード・Ⅱ（２時間）,
男/ホワイトリリーアバター・セット,
女/ホワイトリリーアバター・セット,
男/災厄齎す者の仮面♂,
女/災厄齎す者の仮面♀,
男/ロリポップアバター・青セット,
女/ロリポップアバター・青セット,
男/ロリポップな下着・青♂,
女/ロリポップな下着・青♀,
男/ラピッドトーキング♂,
女/ラピッドトーキング♀,
男/ハウンドアバターセット,
女/ハウンドアバターセット,
男/ハウンドアバター・裏セット,
女/ハウンドアバター・裏セット,
男/聖火（仲魔）のシンボルセット,
女/聖火（仲魔）のシンボルセット,
男/ハウンドアバターαセット,
女/ハウンドアバターαセット,
アイテムチケット梅・２０１５年夏,
アイテムチケット竹・２０１５年夏,
アイテムチケット松・２０１５年夏,
男/黒漆鎧アバターセット,
女/黒漆鎧アバターセット,
男/黒漆大黒頭巾兜♂,
女/黒漆大黒頭巾兜♀,
男/フロントサモングラブ・悪心♂,
女/フロントサモングラブ・悪心♀,
男/フロントコンプレラ・紅傘・悪心♂,
女/フロントコンプレラ・紅傘・悪心♀,
男/フロントコンプレラ・紫傘・悪心♂,
女/フロントコンプレラ・紫傘・悪心♀,
男/フロントサモンパイプ・悪心♂,
女/フロントサモンパイプ・悪心♀,
男/フロントサモンチャイム・悪心♂,
女/フロントサモンチャイム・悪心♀,
男/ピュアドロップ♂,
女/ピュアドロップ♀,
男/片翼の洞察せし者の衣（ＷＭ）♂,
女/双翼持つ無垢なる者の衣（ＷＭ）♀,
男/エクソシスト・ヴェスメント♂,
女/エクソシスト・ヴェスメント♀,
男/壬子のアバター・異セット,
女/壬子のアバター・異セット,
エヴォルコード（ジェイラー）×３,
エヴォルコード（ジェイラー裏）×３,
男/スペシャルヒーホーベルト♂,
女/スペシャルヒーホーベルト♀,
男/不思議の国の懐中時計♂,
女/不思議の国の懐中時計♀,
男/生命の果実♂,
女/生命の果実♀,
男/ゴシック衣装セット,
女/ゴシック衣装セット,
男/堕罪のシンボルセット,
女/堕罪のシンボルセット,
フォーミュラセット,
男/ジェイラーアバター・黒セット,
女/ジェイラーアバター・黒セット,
男/ジェイラーマント・黒♂,
女/ジェイラーマント・黒♀,
男/スチームパンクアバター・裏セット,
女/スチームパンクアバター・裏セット,
男/スチームパンクウイング・裏♂,
女/スチームパンクウイング・裏♀,
男/堕罪（仲魔）のシンボルセット,
女/堕罪（仲魔）のシンボルセット,
男/カーネイジアバター♂,
女/カーネイジアバター♀,
男/ロリポップな下着・裏♂,
女/ロリポップな下着・裏♀,
男/緋のクリスタルセット,
女/緋のクリスタルセット,
男/クリスタルスクトゥム・緋♂,
女/クリスタルスクトゥム・緋♀,
ＤＢＯＲ－ＧＯＬＤ・物理,
ＤＢＯＲ－ＧＯＬＤ・魔法,
男/アルカナアバターⅩⅤ・逆セット,
女/アルカナアバターⅩⅤ・逆セット,
男/悪魔のマント・逆♂,
女/悪魔のマント・逆♀,
男/スチームパンククロース♂,
女/スチームパンクドレス♀,
男/洞察せし者の衣・裏♂,
女/無垢なる者の衣・裏♀,
男/Ｄ・Ｄ・Ｓ（ドライブ）♂,
女/Ｄ・Ｄ・Ｓ（ドライブ）♀,
男/スマートグラス♂,
女/スマートグラス♀,
男/悪食の十字架♂,
女/悪食の十字架♀,
マテリアルピアシング（必中）,
タロットメイキング（必中）,
ソウルストーンメイキング（必中）,
男/歩み続ける者の衣・裏♂,
女/歩み続ける者の衣・裏♀,
男/アニマルセット・リス・白,
女/アニマルセット・リス・白,
男/アニマルセット・キツネ・白,
女/アニマルセット・キツネ・白,
男/アニマルセット・ウサギ・白,
女/アニマルセット・ウサギ・白,
男/ハウンドアバター・紺セット,
女/ハウンドアバター・紺セット,
ベヒモ・ブラスター,
レヴァイ・ブラスター,
男/黄玉のクリスタルセット,
女/黄玉のクリスタルセット,
男/クリスタルスクトゥム・黄♂,
女/クリスタルスクトゥム・黄♀,
男/ロリポップアバター・青αセット,
女/ロリポップアバター・青αセット,
男/ヤギミヤちゃんのお面♂,
女/ヤギミヤちゃんのお面♀,
クイントアーツセット,
魂合石・天道,
魂合石・地道,
魂合石・人道,
男/ソウルリンカー・黄セット,
女/ソウルリンカー・黄セット,
男/ネメシスクロース♂,
女/マジカルドレス♀,
男/ホワイトシューズ♂,
女/ホワイトパンプス♀,
男/ブラックメイルブーツ♂,
女/ブラックメイルブーツ♀,
男/雲雀拳♂,
女/雲雀環♀,
男/ナイトメアクロウ♂,
女/ナイトメアクロウ♀,
アポカリプティックサウンド,
天使のラッパ,
男/大熊猫スーツ♂,
女/大熊猫スーツ♀,
男/笹の葉楊枝♂,
女/笹の葉楊枝♀,
男/アーミーアバター・黒セット,
女/アーミーアバター・黒セット,
男/くったりミカナギ♂,
女/くったりミカナギ♀,
男/くったり（？）山本長官♂,
女/くったり（？）山本長官♀,
男/大熊猫リュック♂,
女/大熊猫リュック♀,
男/アナザーヒーロークロース・裏♂,
女/アナザーヒロインクロース・裏♀,
男/ノードゥスアバター・青セット,
女/ノードゥスアバター・青セット,
男/ヴァイスライセンスセット,
女/ヴァイスライセンスセット,
男/約束と運命のセット,
女/約束と運命のセット,
男/オネスティアバター・青セット,
女/オネスティアバター・青セット,
男/マシーナリーアバターセット,
女/マシーナリーアバターセット,
男/マシーナリーアバター・裏セット,
女/マシーナリーアバター・裏セット,
男/黒翼のマント♂,
女/黒翼のマント♀,
男/プリティーインナー♂,
女/プリティーインナー♀,
男/英雄の涙♂,
女/英雄の涙♀,
レッドドライバー,
イエロードライバー,
ＳＰＡＮＮＥＲ,
小悪魔リリム,
歓喜のアリス,
清新なポルターガイスト,
清新なアークエンジェル,
清新なハーピー,
未熟なエルフ,
サキュバス,
ジコクテン,
未熟なリリム,
アンドラス,
ハトホル,
未熟なミトラ,
未熟なタケミカヅチ,
未熟なパールヴァティ,
未熟なロキ,
未熟なカイチ,
未熟なユニコーン,
立志のオーディン,
立志のエリゴール,
立志のクー・フーリン,
サンタランタン,
光り輝くサンタランタン,
サンタフロスト,
光り輝くサンタフロスト,
未熟なスカアハ,
未熟なトウコツ,
未熟なティホン,
電撃のケットシー,
光り輝く獅子舞フロスト,
獅子舞フロスト,
未熟な獅子舞フロスト,
未熟なトート,
未熟なシーサー,
未熟なオオクニヌシ,
キングフロスト,
未熟なモリーアン,
未熟なロア,
未熟なオロバス,
敏捷なピクシー,
敏捷なカハク,
敏捷なアリス,
敏捷なクー・フーリン,
応身 エンジェル,
応身 コダマ,
応身 オンモラキ,
応身 ノズチ,
応身 ジャックフロスト,
応身 バイコーン,
応身 キクリヒメ,
応身 オニ,
応身 スライム,
相棒 サンタランタン,
相棒 獅子舞フロスト,
応身 アリス,
電撃のユニコーン,
電撃のティターニア,
アメノウズメ,
サラスヴァティ,
フレイア,
サティ,
スカアハ,
バフォメット,
パズス,
オモイカネ,
タケミカヅチ,
エンジェル,
アークエンジェル,
プリンシパリティ,
パワー,
ヴァーチャー,
ドミニオン,
ソロネ,
ホウオウ,
ジャターユ,
フェニックス,
スパルナ,
ヤタガラス,
ガルーダ,
ハーピー,
マッハ,
オキュペテー,
ケライノー,
アエロー,
バイブ・カハ,
オンモラキ,
チン,
フリアイ,
カマソッソ,
フレスベルグ,
アプサラス,
イソラ,
ディース,
オンコット,
ジン,
ガネーシャ,
コダマ,
カハク,
ノッカー,
スダマ,
ブッカブー,
ドワーフ,
ウベルリ,
ティターン,
オーガ,
ラクシャーサ,
サイクロプス,
ヘル,
チェルノボグ,
ノズチ,
ナーガ,
ミズチ,
ナーガラジャ,
マカミ,
カイチ,
ナンディ,
ナラシンハ,
シーサー,
ユニコーン,
アピス,
ハクタク,
パピルサグ,
センリ,
キリン,
スレイプニル,
ケットシー,
カーシー,
イヌガミ,
ネコマタ,
オルトロス,
タンキ,
ドゥン,
ケルベロス,
ガルム,
バイコーン,
ギョウキ,
ライジュウ,
ヌエ,
モスマン,
カトブレパス,
フェンリル,
トウコツ,
セタンタ,
ヴァルキリー,
クー・フーリン,
クラマテング,
ハヤグリーヴァ,
アルプ,
エンプーサ,
リリム,
フォーモリア,
インキュバス,
キウン,
ロア,
クイーンメイブ,
ピクシー,
ジャックフロスト,
ハイピクシー,
ジャックランタン,
ガンダルヴァ,
ケルピー,
エルフ,
トロール,
オベロン,
ティターニア,
アーシーズ,
エアロス,
アクアンズ,
フレイミーズ,
キクリヒメ,
クシナダヒメ,
アルテミス,
パールヴァティ,
カーリー,
スカディ,
ゾウチョウテン,
コウモクテン,
オオナムチ,
オオクニヌシ,
アラハバキ,
フォルネウス,
エリゴール,
デカラビア,
ベリス,
オロバス,
オセ,
コワトリクエ,
ガンガー,
ケツアルカトル,
コカトライス,
タラスク,
バジリスク,
ティホン,
ニーズホッグ,
ダツエバ,
ターラカ,
ゴルゴン,
ヨモツシコメ,
ラミア,
ヤクシニー,
ダーキニー,
シキガミ,
アズミ,
コッパテング,
モムノフ,
トゥルダク,
オニ,
カラステング,
ヨモツイクサ,
ヤクシャ,
シキオウジ,
ポルターガイスト,
ガキ,
グール,
コロンゾン,
ヤカー,
ラフィン・スカル,
ピシャーチャ,
レギオン,
ヴェータラ,
ウィルオウィスプ,
スライム,
モウリョウ,
ブロブ,
ブラックウーズ,
スペクター,
シャドウ,
荒ぶる情欲　モリーアン,
荒ぶる情欲　サティ,
荒ぶる情欲　バフォメット,
荒ぶる情欲　リリス,
荒ぶる情欲　サキュバス,
荒ぶる情欲　センリ,
荒ぶる情欲　パールヴァティ,
荒ぶる情欲　ヘカーテ,
荒ぶる情欲　アラハバキ,
永遠のパートナー　ドミニオン,
永遠のパートナー　オーディン,
永遠のパートナー　ラクサーシャ,
永遠のパートナー　オベロン,
永遠のパートナー　クー・フーリン,
永遠のパートナー　モスマン,
永遠のパートナー　ロキ,
永遠のパートナー　オオクニヌシ,
永遠のパートナー　エリゴール,
歓喜のジャアクフロスト,
戦争をもたらす者　ベリス,
平和をもたらす者　フォルネウス,
翼のある使者　アンドラス,
快楽をもたらす者　オロバス,
老いをもたらす者　エリゴール,
魔術師　デカラビア,
神秘主義者　オセ,
未熟なフラロウス,
再生する者　フラロウス,
誘惑のアルプ,
優雅なジャックランタン,
強雷のリリム,
厄年のミズチ,
厄年のシキオウジ,
未熟なサラスヴァティ,
未熟なセタンタ,
未熟なキクリヒメ,
早成のサラスヴァティ,
早成のセタンタ,
早成のキクリヒメ,
ＩＣオンモラキ,
ＩＣカハク,
ＩＣコダマ,
ＩＣケットシー,
ＩＣピクシー,
ＩＣアルプ,
ＩＣシキガミ,
ＩＣガキ,
ＩＣポルターガイスト,
ＩＣパワー,
ＩＣスパルナ,
ＩＣケルベロス,
ＩＣネコマタ,
ＩＣヨモツシコメ,
ＩＣピシャーチャ,
ＩＣクー・フーリン,
ＩＣデカラビア,
ＩＣラクシュミ,
ラクシュミ,
ユルング,
ヴァスキ,
オンギョウキ,
ヘカトンケイル,
未熟なウリエル,
未熟なスルト,
キマイラ,
ガブリエル,
イシス,
嵐のピクシー,
吹雪のジャックフロスト,
熱風のジャックランタン,
ミカエル,
ベルゼブブ（蝿）,
ジャンヌ,
シヴァ,
ヴィシュヌ,
幸運のダツエバ,
非凡なアーシーズ,
非凡なユニコーン,
非凡なエアロス,
未熟なガンガー,
非凡なアクアンズ,
非凡なフレイミーズ,
未熟なハトホル,
未熟なモスマン,
未熟なデカラビア,
幸運のピクシー,
未熟なサキュバス,
未熟なヤクシニー,
ギリメカラ,
アリス,
トキサダ,
カルティケーヤ,
グルル,
ヘルズエンジェル,
ホワイトライダー,
ブラックライダー,
レッドライダー,
ペイルライダー,
ヤマタノオロチ,
マダ,
アスタロト,
死兆七星ホクトセイクン,
マーラ,
メタトロン,
アナンタ,
人修羅と縁あり　クー・フーリン,
人修羅と縁あり　ギリメカラ,
人修羅と縁あり　ピクシー,
人修羅と縁あり　アラハバキ,
人修羅と縁あり　ティターニア,
人修羅と縁あり　パールヴァティ,
マタドール,
未熟なヌエ,
未熟なアルテミス,
未熟なサティ,
未熟なカーリー,
ウリエル,
モト,
スルト,
幻想のジャンヌ,
幻想のシヴァ,
幻想のヴィシュヌ,
幻想のバロン,
幻想のランダ,
幻想のラクシュミ,
幻想のガルーダ,
幻想のウリエル,
幻想のスルト,
幻想のモト,
幻想のトート,
幻想のロキ,
幻想のティホン,
幻想のガブリエル,
幻想のイシス,
幻想のキマイラ,
ツィツィミトル,
ベルゼブブ（人）,
幻想のノルン,
未熟なユルング,
未熟なラクシュミ,
未熟なジャンヌ,
未熟なツィツィミトル,
幻想のスサノオ,
未熟なスザク,
幸運のモー・ショボー,
幸運のリャナンシー,
幸運のヴィーヴル,
アザゼル,
秩序破りのロキ,
未熟なノルン,
未熟なアトロポス,
未熟なラケシス,
未熟なクロト,
未熟なキングフロスト,
未熟なフェンリル,
未熟なニャルラトホテプ,
幻想のイシュタル,
幸運のイシュタル,
幸運のアルケニー,
幸運のアチェリ,
未熟なヤクシャ,
未熟なガブリエル,
未熟なキマイラ,
未熟なイシス,
未熟なマタドール,
異形のヤタガラス,
異形のカイチ,
異形のケツアルカトル,
ユキジョロウ,
若駒ユニコーン,
若駒バイコーン,
未熟なサマエル,
再生する者フラロウス,
狂喜のモー・ショボー,
狂喜のニュクス,
狂喜のスサノオ,
未熟なヴァスキ,
速成のアマテラス（男）,
速成のアマテラス（女）,
タム・リン,
ヴィヴィアン,
懐刀のラクシャーサ,
懐刀のナラシンハ,
懐刀のカラステング,
バイロケーション　メタトロン,
バイロケーション　アスタロト,
フロストエース,
ヨシツネ,
トランペッター,
マザーハーロット,
イシュタル,
セト,
緋色の幻影　マザーハーロット,
アリラト,
アルビオン,
ユリゼン,
サーマス,
アーソナ,
ルヴァ,
速成のアークエンジェル,
速成のマッハ,
速成のコダマ,
速成のピクシー,
速成のイヌガミ,
速成のシキガミ,
速成のタラスク,
速成のヤカー,
速成のフレイミーズ,
速成のアクアンズ,
速成のアーシーズ,
速成のエアロス,
未熟なインドラ,
未熟なインドラジット,
未熟なミシャグジさま,
未熟なクルースニク,
未熟なクドラク,
シュウ,
懐刀のギリメカラ,
懐刀のトール,
懐刀のヨシツネ,
懐刀のマタドール,
懐刀のアレス,
懐刀のセイテンタイセイ,
ノルン,
アトロポス,
ラケシス,
クロト,
未熟なアナンタ,
煩悩の幻影　マーラ,
開放的なラクシュミ,
開放的なリリス,
開放的なイシュタル,
開放的なラファエル,
開放的なクルースニク,
開放的なロキ,
開放的なタヂカラオ,
アラミタマ,
ニギミタマ,
クシミタマ,
サキミタマ,
未熟な小悪魔リリム,
魔人を生み出す者　パワー,
魔人を生み出す者　ヤタガラス,
魔人を生み出す者　ロア,
魔人を生み出す者　ドゥン,
魔人を生み出す者　ベリス,
魔人を生み出す者　ケツアルカトル,
未熟なタム・リン,
終笛の幻影　トランペッター,
死蝿の幻影　ベルゼブブ（蠅）,
黒嵐の幻影　セト,
デイビット,
極彩色のコダマ,
極彩色のミトラ,
極彩色のジャックフロスト,
極彩色のバロン,
極彩色のスライム,
極彩色のフラロウス,
歓待のジャックランタン,
悪戯なジャックランタン,
速成のガルム,
速成のバイコーン,
速成のギュウキ,
速成のフェンリル,
異能のフェンリル,
未熟なグルル,
未熟なトキサダ,
未熟なカルティケーヤ,
遮那王ヨシツネ,
未熟なゲーデ,
聖夜のエンジェル,
豪傑なフロストエース,
献身のヴィヴィアン,
バイロケーション　ミカエル,
バイロケーション　アザゼル,
速成のカイチ,
速成のトウテツ,
聰明なアヌビス,
聰明なハトホル,
聰明なアピス,
聰明なトート,
鯨波の阿修羅ケルベロス,
フォルトゥナ,
幸運のフォルトゥナ,
セラフ,
熾愛の幻影　セラフ,
ゴモリー,
吟詠の幻影　ゴモリー,
オセ・ハレル,
フラロウス・ハレル,
異能のセト,
異能のアンドラス,
異能のケルベロス,
艱苦に耐えしミトラ,
艱苦に耐えしオーディン,
艱苦に耐えしリリス,
艱苦に耐えしモロク,
スフィンクス,
アヌビス,
聰明なスフィンクス,
献身のアヌビス,
ハクジョウシ,
ヴリトラ,
祭囃子のハイピクシー,
オオヤマツミ,
繋馬のタヂカラオ,
繋馬のオモイカネ,
繋馬のアメノウズメ,
繋馬のコウモクテン,
繋馬のジコクテン,
繋馬のゾウチョウテン,
阿修羅ケルベロス,
現身の主ベルゼブブ,
気高き主ベルゼブブ,
陣風のスレイプニル,
サバトの支配者バフォメット,
ウタイガイコツ,
未熟なビャッコ,
未熟なゲンブ,
未熟なセイリュウ,
クルースニク,
クドラク,
ミシャグジさま,
インドラ,
インドラジット,
聖女の幻影　ジャンヌ,
幼気なケルベロス,
幼気なジャックフロスト,
幼気な小悪魔リリム,
幼気なタム・リン,
ルキフグス,
ホワイトスイート　ラクシュミ,
ホワイトスイート　ジャンヌ,
ホワイトスイート　パールヴァティ,
ブラックビター　モー・ショボー,
ブラックビター　ティターニア,
ブラックビター　ツィツィミトル,
未熟なドミニオン,
未熟なクー・フーリン,
未熟なジコクテン,
